label,convo_id,how_enjoyable,shared_reality,responsive,conversationalist,i_like_you,in_common,paper_pcs_proxy,short_id,hf_recording_path,dyad_gender,how_enjoyable_n_raters,shared_reality_n_raters,responsive_n_raters,conversationalist_n_raters,i_like_you_n_raters,in_common_n_raters,paper_pcs_proxy_n_raters
MSC,0020a0c5-1658-4747-99c1-2839e736b481,8.5,5.625,6.0,95.0,7.0,6.0,0.8746212121212121,0020a0c5,0020a0c5-1658-4747-99c1-2839e736b481/processed/0020a0c5-1658-4747-99c1-2839e736b481.mp3,female-male,2,2,2,2,2,2,2
MSC,002d68da-7738-4177-89d9-d72ae803e0e4,8.0,4.3125,6.333333333333334,76.0,6.5,6.0,0.8162121212121212,002d68da,002d68da-7738-4177-89d9-d72ae803e0e4/processed/002d68da-7738-4177-89d9-d72ae803e0e4.mp3,female-male,2,2,2,2,2,2,2
MSC,00411458-8275-4b92-a000-d52187f03604,7.5,5.25,5.666666666666666,80.5,5.5,6.5,0.7452272727272727,00411458,00411458-8275-4b92-a000-d52187f03604/processed/00411458-8275-4b92-a000-d52187f03604.mp3,female-male,2,2,2,2,2,2,2
MSC,00ae2f18-9599-4df6-8e3a-6936c86b97f0,8.0,4.25,6.0,82.5,6.5,5.5,0.8081818181818181,00ae2f18,00ae2f18-9599-4df6-8e3a-6936c86b97f0/processed/00ae2f18-9599-4df6-8e3a-6936c86b97f0.mp3,female-female,2,2,2,2,2,2,2
MSC,00b410f7-8b5f-4404-8433-0fb8c4be8f62,7.0,4.6875,5.333333333333334,63.5,6.0,5.5,0.6848484848484848,00b410f7,00b410f7-8b5f-4404-8433-0fb8c4be8f62/processed/00b410f7-8b5f-4404-8433-0fb8c4be8f62.mp3,female-male,2,2,2,2,2,2,2
MSC,00deb2e5-cf7f-4a5c-a8db-7fc335634ad6,8.0,5.25,6.0,80.0,7.0,6.5,0.8515151515151516,00deb2e5,00deb2e5-cf7f-4a5c-a8db-7fc335634ad6/processed/00deb2e5-cf7f-4a5c-a8db-7fc335634ad6.mp3,female-female,2,2,2,2,2,2,2
MSC,010a1b2a-7b69-4245-807f-d94eb6aa165c,8.0,5.4375,6.166666666666666,59.5,6.0,6.5,0.7475,010a1b2a,010a1b2a-7b69-4245-807f-d94eb6aa165c/processed/010a1b2a-7b69-4245-807f-d94eb6aa165c.mp3,female-male,2,2,2,2,2,2,2
HSC,012dd705-ee62-49f6-8016-cf2e3cc066e4,9.0,6.625,6.666666666666666,97.5,7.0,8.0,0.9799242424242425,012dd705,012dd705-ee62-49f6-8016-cf2e3cc066e4/processed/012dd705-ee62-49f6-8016-cf2e3cc066e4.mp3,female-female,2,2,2,2,2,2,2
MSC,014a3227-9b4c-4f23-ad5b-8325235301ed,7.0,5.5,6.333333333333334,86.0,5.5,7.0,0.7453787878787879,014a3227,014a3227-9b4c-4f23-ad5b-8325235301ed/processed/014a3227-9b4c-4f23-ad5b-8325235301ed.mp3,female-male,2,2,2,2,2,2,2
MSC,015301b4-a132-4877-8bec-557e9b99a01c,7.5,3.375,4.0,70.5,4.5,4.5,0.6806818181818182,015301b4,015301b4-a132-4877-8bec-557e9b99a01c/processed/015301b4-a132-4877-8bec-557e9b99a01c.mp3,female-female,2,2,2,2,2,2,2
MSC,0159f2d4-f6db-46f8-b7c6-96a3df97b246,6.5,4.5,5.833333333333334,69.0,5.5,4.5,0.6987878787878787,0159f2d4,0159f2d4-f6db-46f8-b7c6-96a3df97b246/processed/0159f2d4-f6db-46f8-b7c6-96a3df97b246.mp3,male-male,2,2,2,2,2,2,2
UNSCORED,01849238-f5f0-487e-bca4-7b4fe0c9625c,8.5,5.4375,5.333333333333334,88.5,7.0,6.5,0.9016666666666667,01849238,01849238-f5f0-487e-bca4-7b4fe0c9625c/processed/01849238-f5f0-487e-bca4-7b4fe0c9625c.mp3,female-male,2,2,2,2,2,2,2
MSC,01a4c01c-cf0e-4f37-ab2b-641bb604af30,5.5,3.8125,5.333333333333334,35.5,5.0,7.0,0.5543181818181818,01a4c01c,01a4c01c-cf0e-4f37-ab2b-641bb604af30/processed/01a4c01c-cf0e-4f37-ab2b-641bb604af30.mp3,female-male,2,2,2,2,2,2,2
MSC,01a62310-06c3-4b69-9d75-50f1e2f1dabf,6.0,5.125,4.333333333333333,53.5,4.5,4.5,0.6768181818181818,01a62310,01a62310-06c3-4b69-9d75-50f1e2f1dabf/processed/01a62310-06c3-4b69-9d75-50f1e2f1dabf.mp3,female-female,2,2,2,2,2,2,2
MSC,01b9ad1a-cf5c-466b-b227-dfe3a36d1359,7.5,4.625,4.333333333333334,65.0,6.5,3.5,0.7481060606060606,01b9ad1a,01b9ad1a-cf5c-466b-b227-dfe3a36d1359/processed/01b9ad1a-cf5c-466b-b227-dfe3a36d1359.mp3,female-female,2,2,2,2,2,2,2
MSC,01d74df6-2a6f-4c0a-b2c8-6aa4ac78ab18,8.0,5.3125,6.333333333333333,80.5,6.0,7.5,0.8228030303030304,01d74df6,01d74df6-2a6f-4c0a-b2c8-6aa4ac78ab18/processed/01d74df6-2a6f-4c0a-b2c8-6aa4ac78ab18.mp3,female-female,2,2,2,2,2,2,2
MSC,01e64778-2ce4-482d-814c-08360b12c88a,7.5,5.375,6.333333333333334,81.5,6.5,7.5,0.8381060606060606,01e64778,01e64778-2ce4-482d-814c-08360b12c88a/processed/01e64778-2ce4-482d-814c-08360b12c88a.mp3,female-male,2,2,2,2,2,2,2
MSC,0203bb21-da17-416b-8e2f-018b99689616,7.5,5.1875,6.333333333333334,78.0,6.0,6.5,0.7833333333333332,0203bb21,0203bb21-da17-416b-8e2f-018b99689616/processed/0203bb21-da17-416b-8e2f-018b99689616.mp3,female-female,2,2,2,2,2,2,2
MSC,02053f7c-a002-4797-9139-037798747eb2,6.5,4.5625,5.833333333333334,66.5,6.0,5.0,0.655530303030303,02053f7c,02053f7c-a002-4797-9139-037798747eb2/processed/02053f7c-a002-4797-9139-037798747eb2.mp3,female-female,2,2,2,2,2,2,2
MSC,021cae92-8043-4ef1-b115-47b539bad870,8.0,4.625,6.166666666666666,67.0,6.5,4.5,0.7581060606060606,021cae92,021cae92-8043-4ef1-b115-47b539bad870/processed/021cae92-8043-4ef1-b115-47b539bad870.mp3,male-male,2,2,2,2,2,2,2
MSC,0235bac2-3469-447b-adae-e39559adfa4a,6.0,4.5625,5.333333333333333,31.0,5.0,4.0,0.5718939393939393,0235bac2,0235bac2-3469-447b-adae-e39559adfa4a/processed/0235bac2-3469-447b-adae-e39559adfa4a.mp3,male-male,2,2,2,2,2,2,2
MSC,024c9be7-c98d-4a2e-b4a9-7884d0b0f626,8.5,5.25,6.333333333333334,85.5,7.0,8.0,0.8758333333333332,024c9be7,024c9be7-c98d-4a2e-b4a9-7884d0b0f626/processed/024c9be7-c98d-4a2e-b4a9-7884d0b0f626.mp3,female-male,2,2,2,2,2,2,2
MSC,026c91ab-94c5-482c-aba7-42e83a79c423,7.5,5.6875,6.0,62.5,6.5,6.0,0.6937878787878788,026c91ab,026c91ab-94c5-482c-aba7-42e83a79c423/processed/026c91ab-94c5-482c-aba7-42e83a79c423.mp3,female-male,2,2,2,2,2,2,2
MSC,0278950b-a7e0-4e15-8a2b-1629ff1b17ba,7.0,2.5,3.3333333333333335,17.0,3.0,1.0,0.5803030303030302,0278950b,0278950b-a7e0-4e15-8a2b-1629ff1b17ba/processed/0278950b-a7e0-4e15-8a2b-1629ff1b17ba.mp3,contains_MSC_or_unknown,1,1,1,1,1,1,1
MSC,02e02af3-8df5-4e65-a1b1-bb1a5ca44879,8.0,5.625,6.333333333333333,72.5,6.5,6.5,0.8242424242424243,02e02af3,02e02af3-8df5-4e65-a1b1-bb1a5ca44879/processed/02e02af3-8df5-4e65-a1b1-bb1a5ca44879.mp3,female-male,2,2,2,2,2,2,2
LSC,02f3959f-e462-42c7-b92e-9ef5a991b98e,4.5,2.6875,4.833333333333334,27.5,3.5,2.5,0.44356060606060604,02f3959f,02f3959f-e462-42c7-b92e-9ef5a991b98e/processed/02f3959f-e462-42c7-b92e-9ef5a991b98e.mp3,female-male,2,2,2,2,2,2,2
MSC,030c76ab-9e19-4b78-9a7a-86cd7ba8472a,7.0,4.625,6.0,72.0,6.0,5.0,0.7104545454545454,030c76ab,030c76ab-9e19-4b78-9a7a-86cd7ba8472a/processed/030c76ab-9e19-4b78-9a7a-86cd7ba8472a.mp3,contains_MSC_or_unknown,1,1,1,1,1,1,1
MSC,03567661-8004-4986-82d5-a32582ed9a6e,7.0,4.1875,5.833333333333333,69.5,7.0,6.0,0.7416666666666667,03567661,03567661-8004-4986-82d5-a32582ed9a6e/processed/03567661-8004-4986-82d5-a32582ed9a6e.mp3,female-female,2,2,2,2,2,2,2
MSC,035b1a02-b973-47a0-bd65-cec240353f0c,8.5,5.25,6.166666666666666,93.5,6.5,7.0,0.8766666666666667,035b1a02,035b1a02-b973-47a0-bd65-cec240353f0c/processed/035b1a02-b973-47a0-bd65-cec240353f0c.mp3,female-male,2,2,2,2,2,2,2
MSC,03d82c5a-c923-47de-90f8-621776ff6cbc,8.0,4.125,5.333333333333334,85.5,6.5,5.5,0.8196969696969697,03d82c5a,03d82c5a-c923-47de-90f8-621776ff6cbc/processed/03d82c5a-c923-47de-90f8-621776ff6cbc.mp3,male-male,2,2,2,2,2,2,2
MSC,0441a81c-70d4-4caf-83fb-84349edadc0a,7.0,5.5625,5.666666666666666,78.0,5.5,6.0,0.7536363636363637,0441a81c,0441a81c-70d4-4caf-83fb-84349edadc0a/processed/0441a81c-70d4-4caf-83fb-84349edadc0a.mp3,male-male,2,2,2,2,2,2,2
MSC,04542d1a-168a-4f90-b7e3-33adb675525f,8.0,6.375,6.666666666666666,89.0,6.5,8.0,0.8161363636363635,04542d1a,04542d1a-168a-4f90-b7e3-33adb675525f/processed/04542d1a-168a-4f90-b7e3-33adb675525f.mp3,female-female,2,2,2,2,2,2,2
UNSCORED,047ad63e-bcb7-47c8-9e54-f53572e1ad5f,6.5,4.5625,5.666666666666666,65.0,5.5,6.0,0.5554545454545454,047ad63e,047ad63e-bcb7-47c8-9e54-f53572e1ad5f/processed/047ad63e-bcb7-47c8-9e54-f53572e1ad5f.mp3,female-male,2,2,2,2,2,2,2
MSC,0480a711-11cc-4812-97e2-7a5fa69858fa,6.0,4.5,5.333333333333334,62.5,5.0,4.5,0.5503787878787878,0480a711,0480a711-11cc-4812-97e2-7a5fa69858fa/processed/0480a711-11cc-4812-97e2-7a5fa69858fa.mp3,female-male,2,2,2,2,2,2,2
MSC,0526291b-8050-4bb4-803c-ffb88cfcd3b3,7.0,3.5625,5.5,65.0,4.5,5.0,0.6856060606060606,0526291b,0526291b-8050-4bb4-803c-ffb88cfcd3b3/processed/0526291b-8050-4bb4-803c-ffb88cfcd3b3.mp3,female-male,2,2,2,2,2,2,2
MSC,0542c0f0-6c1e-4e54-b3df-afa48b19f9b5,8.0,5.375,6.333333333333334,87.0,6.5,3.5,0.8683333333333334,0542c0f0,0542c0f0-6c1e-4e54-b3df-afa48b19f9b5/processed/0542c0f0-6c1e-4e54-b3df-afa48b19f9b5.mp3,female-male,2,2,2,2,2,2,2
MSC,05aa5dd6-77ee-454e-ad3d-1e34b0d0b62b,6.0,4.4375,5.0,73.0,5.5,5.0,0.6629545454545455,05aa5dd6,05aa5dd6-77ee-454e-ad3d-1e34b0d0b62b/processed/05aa5dd6-77ee-454e-ad3d-1e34b0d0b62b.mp3,female-female,2,2,2,2,2,2,2
MSC,05c47f39-5d68-45d3-a760-45359a9e775b,6.0,3.5,4.166666666666667,55.5,4.5,4.5,0.5599242424242423,05c47f39,05c47f39-5d68-45d3-a760-45359a9e775b/processed/05c47f39-5d68-45d3-a760-45359a9e775b.mp3,female-male,2,2,2,2,2,2,2
MSC,05d984c2-1a2e-4bb2-8f4d-98c81fde6664,7.0,5.0625,5.333333333333334,80.5,6.0,5.5,0.7141666666666666,05d984c2,05d984c2-1a2e-4bb2-8f4d-98c81fde6664/processed/05d984c2-1a2e-4bb2-8f4d-98c81fde6664.mp3,female-female,2,2,2,2,2,2,2
MSC,05e45b17-5feb-4a07-9562-cdba59cd8f00,8.0,3.5,6.166666666666666,82.5,7.0,5.0,0.8287878787878787,05e45b17,05e45b17-5feb-4a07-9562-cdba59cd8f00/processed/05e45b17-5feb-4a07-9562-cdba59cd8f00.mp3,female-male,2,2,2,2,2,2,2
MSC,05f15eb5-1fe9-4407-8006-bbec9814c2a4,7.0,4.5,5.0,58.5,5.5,5.0,0.6933333333333334,05f15eb5,05f15eb5-1fe9-4407-8006-bbec9814c2a4/processed/05f15eb5-1fe9-4407-8006-bbec9814c2a4.mp3,male-male,2,2,2,2,2,2,2
MSC,05f2e66d-b3b6-4bdc-8ae6-9b0241a58642,8.5,4.125,6.333333333333334,75.5,6.0,7.5,0.7435606060606061,05f2e66d,05f2e66d-b3b6-4bdc-8ae6-9b0241a58642/processed/05f2e66d-b3b6-4bdc-8ae6-9b0241a58642.mp3,female-female,2,2,2,2,2,2,2
MSC,061b2400-4107-4662-99cc-3c5ec58c8f93,5.0,4.625,5.666666666666666,56.5,5.0,4.0,0.5899242424242425,061b2400,061b2400-4107-4662-99cc-3c5ec58c8f93/processed/061b2400-4107-4662-99cc-3c5ec58c8f93.mp3,male-male,2,2,2,2,2,2,2
MSC,0697223a-23a7-4e7e-9917-6c8c7dc265c2,7.5,5.6875,6.166666666666666,85.0,6.5,6.0,0.7537878787878789,0697223a,0697223a-23a7-4e7e-9917-6c8c7dc265c2/processed/0697223a-23a7-4e7e-9917-6c8c7dc265c2.mp3,female-female,2,2,2,2,2,2,2
MSC,06a5a69a-362d-4947-b16d-d1d09dc075ec,8.5,6.5,6.833333333333334,79.0,7.0,8.0,0.8453030303030304,06a5a69a,06a5a69a-362d-4947-b16d-d1d09dc075ec/processed/06a5a69a-362d-4947-b16d-d1d09dc075ec.mp3,female-male,2,2,2,2,2,2,2
HSC,06afb9c1-b367-45c7-a9ff-74c47a2cb61c,9.0,6.125,6.5,95.5,7.0,9.0,0.9415151515151516,06afb9c1,06afb9c1-b367-45c7-a9ff-74c47a2cb61c/processed/06afb9c1-b367-45c7-a9ff-74c47a2cb61c.mp3,female-female,2,2,2,2,2,2,2
HSC,06b83c0a-7bf1-4cf9-9e72-034615d97050,9.0,5.8125,6.5,93.5,7.0,6.5,0.9387878787878787,06b83c0a,06b83c0a-7bf1-4cf9-9e72-034615d97050/processed/06b83c0a-7bf1-4cf9-9e72-034615d97050.mp3,female-male,2,2,2,2,2,2,2
MSC,06d767f9-e1f9-4677-8fe6-40ca4b91e1ee,8.0,5.75,6.0,77.5,6.0,4.0,0.8015151515151514,06d767f9,06d767f9-e1f9-4677-8fe6-40ca4b91e1ee/processed/06d767f9-e1f9-4677-8fe6-40ca4b91e1ee.mp3,female-male,2,2,2,2,2,2,2
MSC,070845c2-dc10-4db8-b889-7a5704d31265,6.5,4.9375,6.166666666666666,62.0,5.0,5.5,0.7107575757575757,070845c2,070845c2-dc10-4db8-b889-7a5704d31265/processed/070845c2-dc10-4db8-b889-7a5704d31265.mp3,contains_MSC_or_unknown,2,2,2,2,2,2,2
MSC,07094abd-8b2a-426a-8dca-edead45c2143,7.0,4.4375,4.833333333333333,70.5,5.5,5.0,0.7031818181818181,07094abd,07094abd-8b2a-426a-8dca-edead45c2143/processed/07094abd-8b2a-426a-8dca-edead45c2143.mp3,female-male,2,2,2,2,2,2,2
MSC,071cf0a9-87b3-4bd5-a6ca-f0798227e8e3,7.5,4.5625,5.833333333333334,71.0,6.0,7.0,0.6862878787878788,071cf0a9,071cf0a9-87b3-4bd5-a6ca-f0798227e8e3/processed/071cf0a9-87b3-4bd5-a6ca-f0798227e8e3.mp3,female-female,2,2,2,2,2,2,2
MSC,0736fa95-99e8-4707-bd64-4552eb79d05a,6.0,4.0,5.333333333333333,50.5,4.5,2.0,0.5892424242424241,0736fa95,0736fa95-99e8-4707-bd64-4552eb79d05a/processed/0736fa95-99e8-4707-bd64-4552eb79d05a.mp3,female-female,2,2,2,2,2,2,2
MSC,075926c6-9b88-42d2-8d03-f5fab051bfbb,8.0,5.0,5.833333333333334,86.5,6.5,7.0,0.8575757575757575,075926c6,075926c6-9b88-42d2-8d03-f5fab051bfbb/processed/075926c6-9b88-42d2-8d03-f5fab051bfbb.mp3,contains_MSC_or_unknown,2,2,2,2,2,2,2
MSC,0777bb85-b225-4fe4-b2d9-ee9bf19d3999,6.0,4.4375,5.166666666666666,56.0,5.0,4.5,0.6088636363636364,0777bb85,0777bb85-b225-4fe4-b2d9-ee9bf19d3999/processed/0777bb85-b225-4fe4-b2d9-ee9bf19d3999.mp3,male-male,2,2,2,2,2,2,2
MSC,07b732f9-a9e0-43e9-85a4-263a6d78af0d,7.0,5.8125,6.0,58.5,6.5,6.5,0.7701515151515151,07b732f9,07b732f9-a9e0-43e9-85a4-263a6d78af0d/processed/07b732f9-a9e0-43e9-85a4-263a6d78af0d.mp3,female-female,2,2,2,2,2,2,2
MSC,07c818b1-0fe0-4c8c-972b-184da443fa5e,8.0,4.3125,6.0,62.5,7.0,5.0,0.7880303030303031,07c818b1,07c818b1-0fe0-4c8c-972b-184da443fa5e/processed/07c818b1-0fe0-4c8c-972b-184da443fa5e.mp3,female-male,2,2,2,2,2,2,2
MSC,07dcb0b8-bb2b-427e-b0d0-29e03550c560,8.0,4.875,5.833333333333333,79.5,6.5,4.0,0.7898484848484848,07dcb0b8,07dcb0b8-bb2b-427e-b0d0-29e03550c560/processed/07dcb0b8-bb2b-427e-b0d0-29e03550c560.mp3,female-male,2,2,2,2,2,2,2
MSC,08faa0ab-2bfc-45f2-8286-715209b26de2,7.0,4.9375,5.333333333333334,70.0,6.0,5.5,0.6962878787878788,08faa0ab,08faa0ab-2bfc-45f2-8286-715209b26de2/processed/08faa0ab-2bfc-45f2-8286-715209b26de2.mp3,male-male,2,2,2,2,2,2,2
MSC,08fed9d5-6213-4742-94de-64a879fdf28c,8.5,5.25,6.5,91.0,6.5,7.5,0.8668181818181817,08fed9d5,08fed9d5-6213-4742-94de-64a879fdf28c/processed/08fed9d5-6213-4742-94de-64a879fdf28c.mp3,female-male,2,2,2,2,2,2,2
MSC,093aadd5-f50d-4f43-9793-faf61c11a70c,5.5,3.6875,5.166666666666666,46.5,5.5,4.0,0.5556060606060605,093aadd5,093aadd5-f50d-4f43-9793-faf61c11a70c/processed/093aadd5-f50d-4f43-9793-faf61c11a70c.mp3,male-male,2,2,2,2,2,2,2
MSC,0a0cf5b9-84f6-4d8d-8001-ec7fd4b7437a,6.0,4.8125,6.166666666666666,81.5,6.5,7.5,0.6847727272727273,0a0cf5b9,0a0cf5b9-84f6-4d8d-8001-ec7fd4b7437a/processed/0a0cf5b9-84f6-4d8d-8001-ec7fd4b7437a.mp3,female-female,2,2,2,2,2,2,2
MSC,0a294776-ca94-4114-bc24-2bf3b0a0a813,5.0,3.6875,5.5,57.5,4.0,4.0,0.5794696969696971,0a294776,0a294776-ca94-4114-bc24-2bf3b0a0a813/processed/0a294776-ca94-4114-bc24-2bf3b0a0a813.mp3,male-male,2,2,2,2,2,2,2
MSC,0a6ce575-4650-4942-97c6-f220de641a0c,7.0,3.9375,5.166666666666666,64.0,5.0,5.5,0.6612121212121211,0a6ce575,0a6ce575-4650-4942-97c6-f220de641a0c/processed/0a6ce575-4650-4942-97c6-f220de641a0c.mp3,female-female,2,2,2,2,2,2,2
MSC,0a84a137-b947-441c-b94c-a03f4a5851ea,7.0,4.125,4.666666666666667,60.0,5.0,4.0,0.6787878787878788,0a84a137,0a84a137-b947-441c-b94c-a03f4a5851ea/processed/0a84a137-b947-441c-b94c-a03f4a5851ea.mp3,contains_MSC_or_unknown,1,1,1,1,1,1,1
MSC,0af09289-1953-4e71-bee5-b34a5828fe52,7.5,3.875,5.333333333333333,86.5,7.0,4.5,0.7396969696969697,0af09289,0af09289-1953-4e71-bee5-b34a5828fe52/processed/0af09289-1953-4e71-bee5-b34a5828fe52.mp3,female-female,2,2,2,2,2,2,2
MSC,0aff0afe-6552-4f0d-a868-265e51c25bf2,9.0,6.0625,6.5,78.5,7.0,8.5,0.8943181818181818,0aff0afe,0aff0afe-6552-4f0d-a868-265e51c25bf2/processed/0aff0afe-6552-4f0d-a868-265e51c25bf2.mp3,female-female,2,2,2,2,2,2,2
MSC,0b019c01-a6b7-4753-afa3-f7bf964932c9,5.5,3.75,5.0,52.5,5.0,4.5,0.6431060606060606,0b019c01,0b019c01-a6b7-4753-afa3-f7bf964932c9/processed/0b019c01-a6b7-4753-afa3-f7bf964932c9.mp3,male-male,2,2,2,2,2,2,2
MSC,0b30b3be-4bc7-4b70-a484-cb00707dd282,5.5,4.0,4.666666666666666,63.0,3.0,5.0,0.5553787878787879,0b30b3be,0b30b3be-4bc7-4b70-a484-cb00707dd282/processed/0b30b3be-4bc7-4b70-a484-cb00707dd282.mp3,male-male,2,2,2,2,2,2,2
MSC,0baae204-e051-464a-982d-70df8b90608b,6.5,4.25,5.5,52.5,5.0,5.5,0.6184090909090909,0baae204,0baae204-e051-464a-982d-70df8b90608b/processed/0baae204-e051-464a-982d-70df8b90608b.mp3,female-female,2,2,2,2,2,2,2
MSC,0bd4dd2c-1cf0-46fb-87d3-a88b1de310a6,7.0,4.5625,6.0,69.5,5.0,5.5,0.6572727272727272,0bd4dd2c,0bd4dd2c-1cf0-46fb-87d3-a88b1de310a6/processed/0bd4dd2c-1cf0-46fb-87d3-a88b1de310a6.mp3,female-male,2,2,2,2,2,2,2
MSC,0beee373-bc7a-44e2-929f-e3419d82835e,8.5,5.875,6.5,86.0,7.0,7.5,0.8596212121212121,0beee373,0beee373-bc7a-44e2-929f-e3419d82835e/processed/0beee373-bc7a-44e2-929f-e3419d82835e.mp3,female-male,2,2,2,2,2,2,2
MSC,0bfaca02-9d10-4880-8065-749c1f8891cf,8.0,4.125,6.666666666666666,89.5,6.5,2.5,0.814090909090909,0bfaca02,0bfaca02-9d10-4880-8065-749c1f8891cf/processed/0bfaca02-9d10-4880-8065-749c1f8891cf.mp3,female-female,2,2,2,2,2,2,2
MSC,0bfe2cba-bf84-4a8b-887d-f19378aa07d8,8.0,5.0625,6.166666666666666,74.0,6.0,7.5,0.8013636363636363,0bfe2cba,0bfe2cba-bf84-4a8b-887d-f19378aa07d8/processed/0bfe2cba-bf84-4a8b-887d-f19378aa07d8.mp3,female-female,2,2,2,2,2,2,2
MSC,0c6b3a4a-7832-44ea-8830-ff727f2b803c,6.5,4.1875,5.833333333333334,70.5,5.5,5.0,0.645378787878788,0c6b3a4a,0c6b3a4a-7832-44ea-8830-ff727f2b803c/processed/0c6b3a4a-7832-44ea-8830-ff727f2b803c.mp3,female-male,2,2,2,2,2,2,2
MSC,0c9e034f-2fdc-4ba8-b104-1fe709f786f5,8.5,6.0625,6.166666666666666,95.0,7.0,5.0,0.905,0c9e034f,0c9e034f-2fdc-4ba8-b104-1fe709f786f5/processed/0c9e034f-2fdc-4ba8-b104-1fe709f786f5.mp3,female-male,2,2,2,2,2,2,2
MSC,0cf5b16b-83b5-476d-a2d2-c696a4297f6c,6.5,5.5625,5.666666666666666,62.0,5.5,5.5,0.6259090909090909,0cf5b16b,0cf5b16b-83b5-476d-a2d2-c696a4297f6c/processed/0cf5b16b-83b5-476d-a2d2-c696a4297f6c.mp3,female-male,2,2,2,2,2,2,2
LSC,0cf99695-c570-4da0-85f9-02f9bc109e5b,4.5,3.8125,4.5,53.0,2.5,3.5,0.38045454545454543,0cf99695,0cf99695-c570-4da0-85f9-02f9bc109e5b/processed/0cf99695-c570-4da0-85f9-02f9bc109e5b.mp3,female-female,2,2,2,2,2,2,2
MSC,0cfc4a5e-dc61-4f61-8f8c-81c977e2f4dc,7.5,4.6875,5.833333333333334,86.0,6.5,7.5,0.855530303030303,0cfc4a5e,0cfc4a5e-dc61-4f61-8f8c-81c977e2f4dc/processed/0cfc4a5e-dc61-4f61-8f8c-81c977e2f4dc.mp3,female-male,2,2,2,2,2,2,2
MSC,0d0b2f79-3370-4a86-9a21-a723847ff204,8.5,6.1875,6.666666666666666,80.5,7.0,6.5,0.906439393939394,0d0b2f79,0d0b2f79-3370-4a86-9a21-a723847ff204/processed/0d0b2f79-3370-4a86-9a21-a723847ff204.mp3,male-male,2,2,2,2,2,2,2
MSC,0d0c3cc7-667b-483e-a2f1-7028ecbed62e,7.5,5.375,6.166666666666666,72.0,6.5,7.5,0.7717424242424242,0d0c3cc7,0d0c3cc7-667b-483e-a2f1-7028ecbed62e/processed/0d0c3cc7-667b-483e-a2f1-7028ecbed62e.mp3,female-female,2,2,2,2,2,2,2
MSC,0d4a795e-7026-4d98-b6d0-739a2c7c1661,6.0,4.6875,5.666666666666666,68.5,5.5,4.0,0.6146212121212122,0d4a795e,0d4a795e-7026-4d98-b6d0-739a2c7c1661/processed/0d4a795e-7026-4d98-b6d0-739a2c7c1661.mp3,female-male,2,2,2,2,2,2,2
MSC,0d4f91ca-dcee-47f3-8549-7bf112a2d77e,7.5,4.625,5.666666666666666,77.5,6.0,6.5,0.7873484848484849,0d4f91ca,0d4f91ca-dcee-47f3-8549-7bf112a2d77e/processed/0d4f91ca-dcee-47f3-8549-7bf112a2d77e.mp3,male-male,2,2,2,2,2,2,2
MSC,0d7fc2a3-37b2-44b8-a60a-c69d6016b65e,8.5,6.25,6.5,89.0,7.0,6.0,0.8713636363636363,0d7fc2a3,0d7fc2a3-37b2-44b8-a60a-c69d6016b65e/processed/0d7fc2a3-37b2-44b8-a60a-c69d6016b65e.mp3,female-male,2,2,2,2,2,2,2
MSC,0da3e9ac-d5a5-4df0-abf4-f3eb3fc62788,8.5,5.5,6.0,84.0,7.0,6.5,0.8949242424242425,0da3e9ac,0da3e9ac-d5a5-4df0-abf4-f3eb3fc62788/processed/0da3e9ac-d5a5-4df0-abf4-f3eb3fc62788.mp3,female-female,2,2,2,2,2,2,2
MSC,0dc1cce3-6b9c-4c8d-bcfe-32909fab0a8c,6.0,4.8125,5.833333333333334,72.5,5.0,5.0,0.6418181818181817,0dc1cce3,0dc1cce3-6b9c-4c8d-bcfe-32909fab0a8c/processed/0dc1cce3-6b9c-4c8d-bcfe-32909fab0a8c.mp3,male-male,2,2,2,2,2,2,2
MSC,0dd022be-f343-4afb-b170-0dc8003078c7,5.5,4.0,5.166666666666666,60.0,5.5,5.0,0.6557575757575758,0dd022be,0dd022be-f343-4afb-b170-0dc8003078c7/processed/0dd022be-f343-4afb-b170-0dc8003078c7.mp3,female-female,2,2,2,2,2,2,2
MSC,0e27c49b-ebf3-4b9a-9b55-3d371a44dc58,8.0,4.1875,5.833333333333333,94.5,7.0,7.5,0.81,0e27c49b,0e27c49b-ebf3-4b9a-9b55-3d371a44dc58/processed/0e27c49b-ebf3-4b9a-9b55-3d371a44dc58.mp3,contains_MSC_or_unknown,2,2,2,2,2,2,2
MSC,0e772ef8-9014-48a8-8eb9-762ef55b4fe9,7.0,4.3125,6.0,63.0,6.0,6.5,0.7452272727272727,0e772ef8,0e772ef8-9014-48a8-8eb9-762ef55b4fe9/processed/0e772ef8-9014-48a8-8eb9-762ef55b4fe9.mp3,female-male,2,2,2,2,2,2,2
MSC,0e8d198c-fe6c-400c-a88b-5a3ead8567bc,6.5,2.625,4.166666666666666,77.5,5.0,3.0,0.6723484848484849,0e8d198c,0e8d198c-fe6c-400c-a88b-5a3ead8567bc/processed/0e8d198c-fe6c-400c-a88b-5a3ead8567bc.mp3,male-male,2,2,2,2,2,2,2
MSC,0e9c68be-efc0-40cf-8a9e-06f818063cb9,9.0,6.5625,7.0,92.5,7.0,8.0,0.9231060606060606,0e9c68be,0e9c68be-efc0-40cf-8a9e-06f818063cb9/processed/0e9c68be-efc0-40cf-8a9e-06f818063cb9.mp3,female-female,2,2,2,2,2,2,2
MSC,0f263deb-4828-4682-9759-86e37c84e5fa,7.0,3.6875,5.5,80.0,6.5,5.0,0.7890909090909091,0f263deb,0f263deb-4828-4682-9759-86e37c84e5fa/processed/0f263deb-4828-4682-9759-86e37c84e5fa.mp3,female-male,2,2,2,2,2,2,2
MSC,0f4a13e4-64ae-4a98-9698-0166e5819808,7.0,3.125,5.166666666666666,73.5,6.0,6.0,0.7031060606060605,0f4a13e4,0f4a13e4-64ae-4a98-9698-0166e5819808/processed/0f4a13e4-64ae-4a98-9698-0166e5819808.mp3,female-male,2,2,2,2,2,2,2
LSC,0f6c2eb4-5e44-46c7-8ea5-ddb74702beee,4.5,1.8125,4.5,27.5,4.0,3.5,0.4254545454545454,0f6c2eb4,0f6c2eb4-5e44-46c7-8ea5-ddb74702beee/processed/0f6c2eb4-5e44-46c7-8ea5-ddb74702beee.mp3,female-male,2,2,2,2,2,2,2
MSC,0f918385-c53f-4454-9f94-5e08a4419d6d,7.0,3.875,4.5,68.0,5.5,6.5,0.7038636363636364,0f918385,0f918385-c53f-4454-9f94-5e08a4419d6d/processed/0f918385-c53f-4454-9f94-5e08a4419d6d.mp3,contains_MSC_or_unknown,2,2,2,2,2,2,2
MSC,0fd433c9-b0ef-416c-be8f-601fbf4875ce,5.0,2.875,4.333333333333333,38.5,2.5,2.0,0.4878787878787879,0fd433c9,0fd433c9-b0ef-416c-be8f-601fbf4875ce/processed/0fd433c9-b0ef-416c-be8f-601fbf4875ce.mp3,female-male,2,2,2,2,2,2,2
MSC,100af445-702a-4fbd-8474-ec3d17e9490e,8.5,5.875,5.833333333333334,87.0,7.0,8.0,0.8747727272727273,100af445,100af445-702a-4fbd-8474-ec3d17e9490e/processed/100af445-702a-4fbd-8474-ec3d17e9490e.mp3,female-female,2,2,2,2,2,2,2
MSC,1049c59b-7332-457b-8e5f-0ef9d0792719,7.5,4.8125,5.333333333333334,77.0,5.5,6.5,0.7304545454545455,1049c59b,1049c59b-7332-457b-8e5f-0ef9d0792719/processed/1049c59b-7332-457b-8e5f-0ef9d0792719.mp3,female-male,2,2,2,2,2,2,2
MSC,1051ef33-9361-41e2-89d9-46d4eb851508,8.0,5.3125,6.5,85.5,7.0,7.0,0.8386363636363636,1051ef33,1051ef33-9361-41e2-89d9-46d4eb851508/processed/1051ef33-9361-41e2-89d9-46d4eb851508.mp3,male-male,2,2,2,2,2,2,2
MSC,10d941d9-76ab-4d06-b9e0-35ddedb28ac8,8.0,5.125,5.833333333333334,91.5,7.0,6.0,0.8423484848484849,10d941d9,10d941d9-76ab-4d06-b9e0-35ddedb28ac8/processed/10d941d9-76ab-4d06-b9e0-35ddedb28ac8.mp3,male-male,2,2,2,2,2,2,2
HSC,11303b4f-a7fe-4c9a-80cd-4191e3c2b930,9.0,5.9375,7.0,92.0,7.0,8.5,0.9136363636363636,11303b4f,11303b4f-a7fe-4c9a-80cd-4191e3c2b930/processed/11303b4f-a7fe-4c9a-80cd-4191e3c2b930.mp3,female-female,2,2,2,2,2,2,2
MSC,113c581b-c891-4735-90c4-61f1e6efdf93,8.5,6.3125,6.166666666666666,90.0,6.5,8.0,0.8443181818181817,113c581b,113c581b-c891-4735-90c4-61f1e6efdf93/processed/113c581b-c891-4735-90c4-61f1e6efdf93.mp3,female-male,2,2,2,2,2,2,2
HSC,115ba192-7e26-497b-85b2-adf378b33387,9.0,6.0,7.0,96.0,7.0,8.0,0.9112121212121213,115ba192,115ba192-7e26-497b-85b2-adf378b33387/processed/115ba192-7e26-497b-85b2-adf378b33387.mp3,contains_other_or_unknown,1,1,1,1,1,1,1
MSC,11cb78ed-49fb-4634-8a7a-3c59109563b5,8.5,6.3125,7.0,94.5,7.0,5.5,0.885909090909091,11cb78ed,11cb78ed-49fb-4634-8a7a-3c59109563b5/processed/11cb78ed-49fb-4634-8a7a-3c59109563b5.mp3,female-male,2,2,2,2,2,2,2
MSC,11d12d5d-4913-4134-a768-79d47cb72374,8.0,4.8125,5.166666666666666,76.0,6.0,7.0,0.7965151515151516,11d12d5d,11d12d5d-4913-4134-a768-79d47cb72374/processed/11d12d5d-4913-4134-a768-79d47cb72374.mp3,female-male,2,2,2,2,2,2,2
LSC,128f15b9-a6e4-4575-8b96-163ff189ee8e,5.0,4.1875,5.333333333333334,47.5,4.0,4.0,0.49257575757575756,128f15b9,128f15b9-a6e4-4575-8b96-163ff189ee8e/processed/128f15b9-a6e4-4575-8b96-163ff189ee8e.mp3,contains_other_or_unknown,2,2,2,2,2,2,2
MSC,12a3510d-960d-4ce2-9933-f473f4ee6800,8.0,5.0,6.166666666666666,81.0,5.5,6.5,0.7896969696969697,12a3510d,12a3510d-960d-4ce2-9933-f473f4ee6800/processed/12a3510d-960d-4ce2-9933-f473f4ee6800.mp3,female-male,2,2,2,2,2,2,2
MSC,12b1692d-699f-430c-81bf-8f2add0796f5,8.5,5.0625,6.0,87.5,6.0,6.5,0.7672727272727273,12b1692d,12b1692d-699f-430c-81bf-8f2add0796f5/processed/12b1692d-699f-430c-81bf-8f2add0796f5.mp3,male-male,2,2,2,2,2,2,2
MSC,12b99e75-a23d-42c7-bc81-24550224e5e9,9.0,4.0,5.166666666666667,82.5,7.0,5.0,0.8541666666666667,12b99e75,12b99e75-a23d-42c7-bc81-24550224e5e9/processed/12b99e75-a23d-42c7-bc81-24550224e5e9.mp3,female-female,2,2,2,2,2,2,2
MSC,132bd17d-7109-4d08-87d3-00ae478d66b1,8.5,5.25,6.166666666666666,88.5,6.5,7.0,0.7899242424242424,132bd17d,132bd17d-7109-4d08-87d3-00ae478d66b1/processed/132bd17d-7109-4d08-87d3-00ae478d66b1.mp3,male-male,2,2,2,2,2,2,2
MSC,13a7bb68-28c3-41e0-83b7-ec01d0eb86ce,6.5,3.6875,4.333333333333333,71.0,5.5,6.5,0.7484090909090909,13a7bb68,13a7bb68-28c3-41e0-83b7-ec01d0eb86ce/processed/13a7bb68-28c3-41e0-83b7-ec01d0eb86ce.mp3,female-male,2,2,2,2,2,2,2
MSC,13e15556-fa63-4315-a6ee-7b2c13156d1a,7.5,5.0625,6.5,80.0,6.5,5.0,0.7386363636363635,13e15556,13e15556-fa63-4315-a6ee-7b2c13156d1a/processed/13e15556-fa63-4315-a6ee-7b2c13156d1a.mp3,female-female,2,2,2,2,2,2,2
HSC,13f6956b-ff2a-4ad3-aed6-8fd3cfdb2cd4,9.0,5.875,6.0,85.0,7.0,8.0,0.9030303030303031,13f6956b,13f6956b-ff2a-4ad3-aed6-8fd3cfdb2cd4/processed/13f6956b-ff2a-4ad3-aed6-8fd3cfdb2cd4.mp3,contains_other_or_unknown,1,1,1,1,1,1,1
MSC,14129310-675c-4ae1-b82d-d934b98ae14b,7.0,4.0,4.5,63.5,5.0,4.5,0.7293181818181819,14129310,14129310-675c-4ae1-b82d-d934b98ae14b/processed/14129310-675c-4ae1-b82d-d934b98ae14b.mp3,contains_MSC_or_unknown,2,2,2,2,2,2,2
MSC,1418f25e-a014-4119-9d6c-b67cdbe90b94,6.0,4.125,5.166666666666666,73.0,5.0,6.0,0.6773484848484849,1418f25e,1418f25e-a014-4119-9d6c-b67cdbe90b94/processed/1418f25e-a014-4119-9d6c-b67cdbe90b94.mp3,female-male,2,2,2,2,2,2,2
MSC,141ea746-d1f1-402d-9b0a-a4cdb0b1c4f0,8.0,5.0,6.0,81.0,7.0,5.0,0.8116666666666666,141ea746,141ea746-d1f1-402d-9b0a-a4cdb0b1c4f0/processed/141ea746-d1f1-402d-9b0a-a4cdb0b1c4f0.mp3,contains_MSC_or_unknown,1,1,1,1,1,1,1
MSC,142c436c-0d8f-49ee-9725-291486519f67,8.0,6.125,6.5,88.5,6.5,8.0,0.8570454545454546,142c436c,142c436c-0d8f-49ee-9725-291486519f67/processed/142c436c-0d8f-49ee-9725-291486519f67.mp3,male-male,2,2,2,2,2,2,2
HSC,14642cb6-c054-4403-9c04-ef62460950b5,9.0,5.5,6.666666666666667,97.0,7.0,7.5,0.9586363636363636,14642cb6,14642cb6-c054-4403-9c04-ef62460950b5/processed/14642cb6-c054-4403-9c04-ef62460950b5.mp3,female-female,2,2,2,2,2,2,2
MSC,14e34c4e-4e27-42d8-928f-ad4a71f80764,7.0,4.0,4.666666666666667,60.5,5.5,6.0,0.654469696969697,14e34c4e,14e34c4e-4e27-42d8-928f-ad4a71f80764/processed/14e34c4e-4e27-42d8-928f-ad4a71f80764.mp3,female-female,2,2,2,2,2,2,2
MSC,14f2a116-4fd3-4ed8-b1c9-d0195052674b,6.5,4.3125,5.666666666666666,68.0,5.0,4.0,0.6357575757575759,14f2a116,14f2a116-4fd3-4ed8-b1c9-d0195052674b/processed/14f2a116-4fd3-4ed8-b1c9-d0195052674b.mp3,female-female,2,2,2,2,2,2,2
MSC,14f5fe6e-1c37-491d-87a7-4dda9d07966b,8.0,4.6875,6.666666666666667,97.5,7.0,5.5,0.8194696969696971,14f5fe6e,14f5fe6e-1c37-491d-87a7-4dda9d07966b/processed/14f5fe6e-1c37-491d-87a7-4dda9d07966b.mp3,female-female,2,2,2,2,2,2,2
LSC,1507fb8f-a797-4911-a695-15e9856cb173,4.0,4.1875,4.666666666666667,53.0,5.5,4.5,0.494090909090909,1507fb8f,1507fb8f-a797-4911-a695-15e9856cb173/processed/1507fb8f-a797-4911-a695-15e9856cb173.mp3,female-male,2,2,2,2,2,2,2
MSC,152e9736-6632-4049-b7d6-58b721f7a146,8.0,5.375,6.166666666666666,92.5,6.0,6.0,0.8390151515151515,152e9736,152e9736-6632-4049-b7d6-58b721f7a146/processed/152e9736-6632-4049-b7d6-58b721f7a146.mp3,male-male,2,2,2,2,2,2,2
MSC,1550c143-9b3f-4d11-8001-0990ccd4a103,5.5,3.875,5.333333333333334,67.0,4.5,4.0,0.583030303030303,1550c143,1550c143-9b3f-4d11-8001-0990ccd4a103/processed/1550c143-9b3f-4d11-8001-0990ccd4a103.mp3,female-female,2,2,2,2,2,2,2
MSC,155203ec-a9c3-49d7-a135-b8b3676d8658,7.0,4.25,4.666666666666667,67.5,5.0,4.5,0.698030303030303,155203ec,155203ec-a9c3-49d7-a135-b8b3676d8658/processed/155203ec-a9c3-49d7-a135-b8b3676d8658.mp3,male-male,2,2,2,2,2,2,2
MSC,15e2e683-a9f6-4a51-9a03-27c138b50bdf,6.5,4.9375,5.5,70.0,5.5,4.0,0.7218181818181819,15e2e683,15e2e683-a9f6-4a51-9a03-27c138b50bdf/processed/15e2e683-a9f6-4a51-9a03-27c138b50bdf.mp3,female-female,2,2,2,2,2,2,2
MSC,15fe8c92-30ba-47f5-a0ea-44a1cd47dba7,9.0,5.9375,6.333333333333334,93.5,6.5,7.0,0.8804545454545454,15fe8c92,15fe8c92-30ba-47f5-a0ea-44a1cd47dba7/processed/15fe8c92-30ba-47f5-a0ea-44a1cd47dba7.mp3,female-male,2,2,2,2,2,2,2
MSC,164bdd54-904f-4308-8d4e-90ba75777e31,5.5,3.75,5.666666666666666,82.0,5.0,5.5,0.6895454545454545,164bdd54,164bdd54-904f-4308-8d4e-90ba75777e31/processed/164bdd54-904f-4308-8d4e-90ba75777e31.mp3,female-male,2,2,2,2,2,2,2
MSC,164f6283-d242-4804-96af-b01140c2a8cf,6.0,4.25,6.0,47.0,4.5,3.5,0.594090909090909,164f6283,164f6283-d242-4804-96af-b01140c2a8cf/processed/164f6283-d242-4804-96af-b01140c2a8cf.mp3,female-male,2,2,2,2,2,2,2
MSC,1672c478-3dd7-400f-8be4-e474b1044eb8,7.0,4.6875,6.666666666666666,75.5,5.5,7.5,0.7663636363636364,1672c478,1672c478-3dd7-400f-8be4-e474b1044eb8/processed/1672c478-3dd7-400f-8be4-e474b1044eb8.mp3,female-female,2,2,2,2,2,2,2
MSC,167471c0-9faf-4d4d-b9c3-291e859d3dcd,6.0,4.875,5.833333333333334,64.0,6.0,2.5,0.6578030303030302,167471c0,167471c0-9faf-4d4d-b9c3-291e859d3dcd/processed/167471c0-9faf-4d4d-b9c3-291e859d3dcd.mp3,female-female,2,2,2,2,2,2,2
MSC,1699d7c9-be90-437a-bd68-eff94e651105,9.0,5.875,7.0,93.5,7.0,8.0,0.8478030303030304,1699d7c9,1699d7c9-be90-437a-bd68-eff94e651105/processed/1699d7c9-be90-437a-bd68-eff94e651105.mp3,female-female,2,2,2,2,2,2,2
MSC,16af37de-347d-4826-8a60-691d9a0e7fea,4.5,4.75,4.166666666666666,39.5,4.0,4.0,0.6029545454545454,16af37de,16af37de-347d-4826-8a60-691d9a0e7fea/processed/16af37de-347d-4826-8a60-691d9a0e7fea.mp3,female-male,2,2,2,2,2,2,2
MSC,16f12fd9-54ee-44f0-963c-073c4b717635,7.0,5.125,6.5,70.0,5.5,6.5,0.7329545454545454,16f12fd9,16f12fd9-54ee-44f0-963c-073c4b717635/processed/16f12fd9-54ee-44f0-963c-073c4b717635.mp3,female-male,2,2,2,2,2,2,2
MSC,1715e446-f495-48c9-b25b-9dbe4c34108d,6.0,4.5625,6.0,65.0,5.0,6.0,0.6145454545454545,1715e446,1715e446-f495-48c9-b25b-9dbe4c34108d/processed/1715e446-f495-48c9-b25b-9dbe4c34108d.mp3,female-male,2,2,2,2,2,2,2
MSC,17460295-99ab-499c-9c0f-8b8524018405,7.0,5.875,5.333333333333333,82.5,5.5,7.5,0.7206060606060606,17460295,17460295-99ab-499c-9c0f-8b8524018405/processed/17460295-99ab-499c-9c0f-8b8524018405.mp3,male-male,2,2,2,2,2,2,2
MSC,178000fe-cade-4f84-94f3-5e2aca75e454,6.0,3.8125,5.5,54.5,4.5,4.0,0.5425757575757576,178000fe,178000fe-cade-4f84-94f3-5e2aca75e454/processed/178000fe-cade-4f84-94f3-5e2aca75e454.mp3,female-male,2,2,2,2,2,2,2
MSC,178bf887-0aff-4253-be58-e363db00af7a,7.5,6.1875,6.166666666666666,90.5,6.5,8.0,0.8668939393939393,178bf887,178bf887-0aff-4253-be58-e363db00af7a/processed/178bf887-0aff-4253-be58-e363db00af7a.mp3,female-male,2,2,2,2,2,2,2
MSC,17ab5197-7d36-4697-a969-e6b8db3862ec,7.0,4.875,5.5,57.0,5.5,3.0,0.6748484848484849,17ab5197,17ab5197-7d36-4697-a969-e6b8db3862ec/processed/17ab5197-7d36-4697-a969-e6b8db3862ec.mp3,contains_MSC_or_unknown,2,2,2,2,2,2,2
MSC,17dbcae3-0087-49c6-af7c-c92099e3377a,7.0,3.875,6.0,82.0,7.0,6.0,0.7753030303030303,17dbcae3,17dbcae3-0087-49c6-af7c-c92099e3377a/processed/17dbcae3-0087-49c6-af7c-c92099e3377a.mp3,contains_MSC_or_unknown,1,1,1,1,1,1,1
MSC,17e0d586-466b-4911-903d-eae6de438b55,7.0,4.9375,4.5,80.0,5.0,4.0,0.6772727272727272,17e0d586,17e0d586-466b-4911-903d-eae6de438b55/processed/17e0d586-466b-4911-903d-eae6de438b55.mp3,female-male,2,2,2,2,2,2,2
MSC,17f79204-f746-4b86-84da-6e1fd27bf6e8,7.5,4.9375,5.833333333333334,77.5,6.5,5.0,0.7454545454545454,17f79204,17f79204-f746-4b86-84da-6e1fd27bf6e8/processed/17f79204-f746-4b86-84da-6e1fd27bf6e8.mp3,female-male,2,2,2,2,2,2,2
MSC,1816c0b9-9abc-4330-a66d-e5c1e3c50b95,6.5,3.8125,6.166666666666666,61.5,5.5,4.0,0.653939393939394,1816c0b9,1816c0b9-9abc-4330-a66d-e5c1e3c50b95/processed/1816c0b9-9abc-4330-a66d-e5c1e3c50b95.mp3,female-female,2,2,2,2,2,2,2
MSC,188c0cbf-69bf-487a-bb75-c7b088df160b,7.0,4.8125,6.0,63.5,6.0,7.0,0.7075,188c0cbf,188c0cbf-69bf-487a-bb75-c7b088df160b/processed/188c0cbf-69bf-487a-bb75-c7b088df160b.mp3,female-female,2,2,2,2,2,2,2
MSC,18984e66-990e-4e54-b3f8-921fdbc351ff,7.0,5.1875,6.0,65.0,5.5,6.0,0.7401515151515152,18984e66,18984e66-990e-4e54-b3f8-921fdbc351ff/processed/18984e66-990e-4e54-b3f8-921fdbc351ff.mp3,male-male,2,2,2,2,2,2,2
MSC,18b861c1-a592-40fa-9488-03cf10d8390f,7.5,4.375,6.0,82.5,6.0,5.5,0.6772727272727272,18b861c1,18b861c1-a592-40fa-9488-03cf10d8390f/processed/18b861c1-a592-40fa-9488-03cf10d8390f.mp3,female-male,2,2,2,2,2,2,2
MSC,18df217a-0c9d-4355-97ff-72ada9452e8f,8.5,4.0,6.0,90.5,7.0,7.5,0.9168939393939395,18df217a,18df217a-0c9d-4355-97ff-72ada9452e8f/processed/18df217a-0c9d-4355-97ff-72ada9452e8f.mp3,female-female,2,2,2,2,2,2,2
MSC,18e54549-a1e8-402a-a7ad-1a50f0c353f6,6.5,2.9375,5.166666666666666,76.0,5.0,7.0,0.7251515151515151,18e54549,18e54549-a1e8-402a-a7ad-1a50f0c353f6/processed/18e54549-a1e8-402a-a7ad-1a50f0c353f6.mp3,male-male,2,2,2,2,2,2,2
MSC,18efe569-a8ea-49fb-8776-aa4da710502c,9.0,5.375,6.5,77.5,7.0,8.5,0.8541666666666666,18efe569,18efe569-a8ea-49fb-8776-aa4da710502c/processed/18efe569-a8ea-49fb-8776-aa4da710502c.mp3,female-female,2,2,2,2,2,2,2
MSC,19313347-d014-4c87-bc6c-9823d2a64bc5,7.0,4.5,5.5,77.5,5.5,4.5,0.7546212121212121,19313347,19313347-d014-4c87-bc6c-9823d2a64bc5/processed/19313347-d014-4c87-bc6c-9823d2a64bc5.mp3,female-male,2,2,2,2,2,2,2
MSC,19378a93-9f81-49c0-8433-674ea8bfdda6,8.0,5.4375,6.333333333333334,91.0,6.5,8.5,0.8566666666666667,19378a93,19378a93-9f81-49c0-8433-674ea8bfdda6/processed/19378a93-9f81-49c0-8433-674ea8bfdda6.mp3,female-female,2,2,2,2,2,2,2
MSC,19c78684-fc44-482c-a0d3-d19223b4ba65,8.5,4.375,5.833333333333333,85.0,6.5,6.5,0.8206060606060606,19c78684,19c78684-fc44-482c-a0d3-d19223b4ba65/processed/19c78684-fc44-482c-a0d3-d19223b4ba65.mp3,male-male,2,2,2,2,2,2,2
MSC,19ebf7f7-5bbf-4a8c-a94f-1b7d2decddbf,7.5,4.1875,5.833333333333334,58.5,6.0,6.0,0.7528030303030302,19ebf7f7,19ebf7f7-5bbf-4a8c-a94f-1b7d2decddbf/processed/19ebf7f7-5bbf-4a8c-a94f-1b7d2decddbf.mp3,female-male,2,2,2,2,2,2,2
MSC,19fd3ef7-6ad8-4f2f-a3aa-fd8e2a0b39cc,8.0,5.8125,6.333333333333334,80.0,6.5,6.0,0.8137878787878788,19fd3ef7,19fd3ef7-6ad8-4f2f-a3aa-fd8e2a0b39cc/processed/19fd3ef7-6ad8-4f2f-a3aa-fd8e2a0b39cc.mp3,female-male,2,2,2,2,2,2,2
MSC,1a19835c-4dd1-4d29-b945-e0b25285a26a,7.5,5.125,5.833333333333333,85.5,6.5,5.5,0.7740909090909092,1a19835c,1a19835c-4dd1-4d29-b945-e0b25285a26a/processed/1a19835c-4dd1-4d29-b945-e0b25285a26a.mp3,female-female,2,2,2,2,2,2,2
MSC,1a4f9ccc-8bac-4733-802d-b93c2781302d,9.0,4.125,6.666666666666666,96.0,7.0,5.5,0.8796969696969696,1a4f9ccc,1a4f9ccc-8bac-4733-802d-b93c2781302d/processed/1a4f9ccc-8bac-4733-802d-b93c2781302d.mp3,female-female,2,2,2,2,2,2,2
MSC,1b11ca2c-1939-4ebc-8dfe-d40c7b606da6,7.0,5.9375,6.166666666666666,84.0,6.0,7.0,0.7660606060606061,1b11ca2c,1b11ca2c-1939-4ebc-8dfe-d40c7b606da6/processed/1b11ca2c-1939-4ebc-8dfe-d40c7b606da6.mp3,female-male,2,2,2,2,2,2,2
MSC,1b360f15-9b2c-4ef7-a639-211b0cefb9f4,8.0,4.375,5.833333333333334,67.5,6.5,5.0,0.7443181818181819,1b360f15,1b360f15-9b2c-4ef7-a639-211b0cefb9f4/processed/1b360f15-9b2c-4ef7-a639-211b0cefb9f4.mp3,male-male,2,2,2,2,2,2,2
MSC,1bb8ee77-ac56-41f9-8103-a4314cc334f0,7.0,5.1875,6.166666666666666,85.5,6.5,2.5,0.8012878787878788,1bb8ee77,1bb8ee77-ac56-41f9-8103-a4314cc334f0/processed/1bb8ee77-ac56-41f9-8103-a4314cc334f0.mp3,male-male,2,2,2,2,2,2,2
MSC,1bd0be8a-e85c-4c7e-a965-a87dd64992e7,7.0,4.75,4.666666666666667,77.5,6.5,6.0,0.720530303030303,1bd0be8a,1bd0be8a-e85c-4c7e-a965-a87dd64992e7/processed/1bd0be8a-e85c-4c7e-a965-a87dd64992e7.mp3,contains_MSC_or_unknown,2,2,2,2,2,2,2
MSC,1c0af8fb-1c26-443b-b732-0f6649116972,7.5,3.25,5.666666666666666,62.5,5.5,4.0,0.7432575757575758,1c0af8fb,1c0af8fb-1c26-443b-b732-0f6649116972/processed/1c0af8fb-1c26-443b-b732-0f6649116972.mp3,female-female,2,2,2,2,2,2,2
HSC,1c0e34d9-5c5c-4e74-9046-216fcd5cbd6d,9.0,6.625,6.333333333333334,95.0,7.0,8.0,0.9621212121212122,1c0e34d9,1c0e34d9-5c5c-4e74-9046-216fcd5cbd6d/processed/1c0e34d9-5c5c-4e74-9046-216fcd5cbd6d.mp3,female-male,2,2,2,2,2,2,2
MSC,1c76c243-3a37-4416-87d3-2e4eac7d2f3e,6.5,4.5,6.166666666666666,60.0,5.5,6.5,0.6867424242424243,1c76c243,1c76c243-3a37-4416-87d3-2e4eac7d2f3e/processed/1c76c243-3a37-4416-87d3-2e4eac7d2f3e.mp3,female-male,2,2,2,2,2,2,2
MSC,1c82d05c-19ce-4d2a-83db-a54021c9196d,7.5,4.4375,6.0,77.5,6.5,6.0,0.7662878787878789,1c82d05c,1c82d05c-19ce-4d2a-83db-a54021c9196d/processed/1c82d05c-19ce-4d2a-83db-a54021c9196d.mp3,female-female,2,2,2,2,2,2,2
MSC,1d258491-0ed5-41c8-96c3-af875ef4f1c5,7.5,4.9375,6.166666666666667,84.0,5.5,6.0,0.7096969696969697,1d258491,1d258491-0ed5-41c8-96c3-af875ef4f1c5/processed/1d258491-0ed5-41c8-96c3-af875ef4f1c5.mp3,female-female,2,2,2,2,2,2,2
LSC,1d28deaa-e598-4cc5-9494-77c5cc82a155,4.5,3.125,5.5,21.0,3.5,2.0,0.41818181818181815,1d28deaa,1d28deaa-e598-4cc5-9494-77c5cc82a155/processed/1d28deaa-e598-4cc5-9494-77c5cc82a155.mp3,female-male,2,2,2,2,2,2,2
MSC,1d8d3279-e796-4d53-ba7f-3e633e7f8452,7.5,4.875,5.166666666666667,76.5,6.0,6.5,0.7659848484848486,1d8d3279,1d8d3279-e796-4d53-ba7f-3e633e7f8452/processed/1d8d3279-e796-4d53-ba7f-3e633e7f8452.mp3,female-male,2,2,2,2,2,2,2
HSC,1d932c05-9340-4f74-90a5-1820ae5c1646,9.0,6.4375,6.833333333333334,94.0,7.0,7.0,0.9392424242424242,1d932c05,1d932c05-9340-4f74-90a5-1820ae5c1646/processed/1d932c05-9340-4f74-90a5-1820ae5c1646.mp3,contains_other_or_unknown,2,2,2,2,2,2,2
MSC,1db0a83b-76d3-48f4-b0cd-13d559c67e61,6.5,4.875,5.0,63.5,5.0,5.0,0.614469696969697,1db0a83b,1db0a83b-76d3-48f4-b0cd-13d559c67e61/processed/1db0a83b-76d3-48f4-b0cd-13d559c67e61.mp3,female-male,2,2,2,2,2,2,2
MSC,1dd0b2ad-3bd9-4159-9d3e-e617850002d8,9.0,6.125,6.666666666666666,93.0,7.0,8.5,0.8148484848484848,1dd0b2ad,1dd0b2ad-3bd9-4159-9d3e-e617850002d8/processed/1dd0b2ad-3bd9-4159-9d3e-e617850002d8.mp3,female-female,2,2,2,2,2,2,2
MSC,1de1781f-ae79-4467-9724-f0808b7f55d7,7.5,4.5,5.833333333333334,69.0,6.0,8.0,0.7627272727272728,1de1781f,1de1781f-ae79-4467-9724-f0808b7f55d7/processed/1de1781f-ae79-4467-9724-f0808b7f55d7.mp3,male-male,2,2,2,2,2,2,2
MSC,1e113df7-07f6-4d1a-b5ed-c401e230f4cb,8.0,6.1875,6.333333333333334,91.0,6.0,8.0,0.8967424242424242,1e113df7,1e113df7-07f6-4d1a-b5ed-c401e230f4cb/processed/1e113df7-07f6-4d1a-b5ed-c401e230f4cb.mp3,male-male,2,2,2,2,2,2,2
MSC,1e14a9f0-d173-4ba5-b9a4-7e0da15d704d,8.0,5.3125,5.5,89.5,6.5,7.5,0.7779545454545455,1e14a9f0,1e14a9f0-d173-4ba5-b9a4-7e0da15d704d/processed/1e14a9f0-d173-4ba5-b9a4-7e0da15d704d.mp3,male-male,2,2,2,2,2,2,2
LSC,1e19df3e-4637-4eeb-8719-715b1f80b36a,4.5,3.0625,2.833333333333333,50.5,3.5,2.0,0.4009848484848485,1e19df3e,1e19df3e-4637-4eeb-8719-715b1f80b36a/processed/1e19df3e-4637-4eeb-8719-715b1f80b36a.mp3,female-male,2,2,2,2,2,2,2
MSC,1e339eff-9480-432d-99ec-700d4329026f,7.5,2.9375,6.0,92.0,6.0,4.5,0.8037121212121212,1e339eff,1e339eff-9480-432d-99ec-700d4329026f/processed/1e339eff-9480-432d-99ec-700d4329026f.mp3,male-male,2,2,2,2,2,2,2
MSC,1e35a2d3-ce3f-4b01-bd3d-b466ebc0a951,5.0,3.25,3.5,46.5,4.0,5.0,0.5279545454545455,1e35a2d3,1e35a2d3-ce3f-4b01-bd3d-b466ebc0a951/processed/1e35a2d3-ce3f-4b01-bd3d-b466ebc0a951.mp3,female-male,2,2,2,2,2,2,2
HSC,1e3c22d6-422c-4921-8892-e31e09f9a2f6,9.0,4.625,4.666666666666667,85.0,7.0,8.0,0.9204545454545454,1e3c22d6,1e3c22d6-422c-4921-8892-e31e09f9a2f6/processed/1e3c22d6-422c-4921-8892-e31e09f9a2f6.mp3,contains_other_or_unknown,1,1,1,1,1,1,1
MSC,1e606ba1-3721-4da1-b721-d2530c1546bd,8.5,4.5,5.833333333333334,82.5,7.0,4.5,0.8200757575757576,1e606ba1,1e606ba1-3721-4da1-b721-d2530c1546bd/processed/1e606ba1-3721-4da1-b721-d2530c1546bd.mp3,female-male,2,2,2,2,2,2,2
MSC,1e8868f5-b771-402a-b5b2-ba76b9272f2e,6.0,3.5625,3.1666666666666665,38.5,4.5,6.5,0.5593939393939393,1e8868f5,1e8868f5-b771-402a-b5b2-ba76b9272f2e/processed/1e8868f5-b771-402a-b5b2-ba76b9272f2e.mp3,male-male,2,2,2,2,2,2,2
MSC,1eb0a263-5575-4bfe-a61b-c2c31e324834,8.0,5.25,5.833333333333334,74.0,6.5,5.0,0.7802272727272728,1eb0a263,1eb0a263-5575-4bfe-a61b-c2c31e324834/processed/1eb0a263-5575-4bfe-a61b-c2c31e324834.mp3,male-male,2,2,2,2,2,2,2
MSC,1ec76fe8-2893-4a25-878c-d37b8e949dc7,7.0,5.0,6.166666666666666,73.5,6.0,6.0,0.7160606060606061,1ec76fe8,1ec76fe8-2893-4a25-878c-d37b8e949dc7/processed/1ec76fe8-2893-4a25-878c-d37b8e949dc7.mp3,female-male,2,2,2,2,2,2,2
MSC,1ef4512c-1ae0-4edc-bf53-7b966c2c5a5c,7.0,4.75,5.666666666666666,62.5,5.5,5.5,0.6924242424242424,1ef4512c,1ef4512c-1ae0-4edc-bf53-7b966c2c5a5c/processed/1ef4512c-1ae0-4edc-bf53-7b966c2c5a5c.mp3,female-male,2,2,2,2,2,2,2
HSC,1f27e83c-e6e2-45de-9200-fbbf0541b2c1,9.0,5.625,6.666666666666666,86.5,6.5,7.5,0.9385606060606062,1f27e83c,1f27e83c-e6e2-45de-9200-fbbf0541b2c1/processed/1f27e83c-e6e2-45de-9200-fbbf0541b2c1.mp3,female-female,2,2,2,2,2,2,2
MSC,1f3847bc-5d44-41b5-bd4a-72f200e5f078,5.5,3.9375,5.5,74.0,5.0,5.5,0.6179545454545454,1f3847bc,1f3847bc-5d44-41b5-bd4a-72f200e5f078/processed/1f3847bc-5d44-41b5-bd4a-72f200e5f078.mp3,female-male,2,2,2,2,2,2,2
MSC,1f44e120-3ee1-46dc-9288-0f1b1d03cdbf,8.0,3.625,5.0,79.0,6.0,3.5,0.7108333333333333,1f44e120,1f44e120-3ee1-46dc-9288-0f1b1d03cdbf/processed/1f44e120-3ee1-46dc-9288-0f1b1d03cdbf.mp3,female-male,2,2,2,2,2,2,2
MSC,1f7e582c-c6bc-46b6-b5a4-e5d78e8a46ac,7.0,3.9375,5.333333333333334,79.5,6.5,6.5,0.7726515151515152,1f7e582c,1f7e582c-c6bc-46b6-b5a4-e5d78e8a46ac/processed/1f7e582c-c6bc-46b6-b5a4-e5d78e8a46ac.mp3,female-female,2,2,2,2,2,2,2
MSC,1f8de023-817f-4a7b-aefd-bcb1184a1d9a,6.5,5.1875,5.166666666666667,73.5,5.5,6.0,0.6111363636363636,1f8de023,1f8de023-817f-4a7b-aefd-bcb1184a1d9a/processed/1f8de023-817f-4a7b-aefd-bcb1184a1d9a.mp3,female-male,2,2,2,2,2,2,2
MSC,1fdf2fcf-746c-446e-a3fa-d70fbbf3e2c6,8.5,4.375,6.0,84.0,6.5,7.0,0.8395454545454546,1fdf2fcf,1fdf2fcf-746c-446e-a3fa-d70fbbf3e2c6/processed/1fdf2fcf-746c-446e-a3fa-d70fbbf3e2c6.mp3,female-male,2,2,2,2,2,2,2
MSC,1fe173fa-edad-4bbc-bac9-4730d7b4d8c2,8.0,3.1875,5.333333333333334,79.0,7.0,4.0,0.803939393939394,1fe173fa,1fe173fa-edad-4bbc-bac9-4730d7b4d8c2/processed/1fe173fa-edad-4bbc-bac9-4730d7b4d8c2.mp3,female-male,2,2,2,2,2,2,2
MSC,2000c98c-93c2-450e-bc2b-bf7b0ab92ceb,8.5,5.3125,6.0,80.5,7.0,7.0,0.7902272727272728,2000c98c,2000c98c-93c2-450e-bc2b-bf7b0ab92ceb/processed/2000c98c-93c2-450e-bc2b-bf7b0ab92ceb.mp3,female-female,2,2,2,2,2,2,2
HSC,202d99fa-91ea-4893-a15f-365039e198b6,9.0,6.625,6.166666666666666,93.0,7.0,9.0,0.9381060606060606,202d99fa,202d99fa-91ea-4893-a15f-365039e198b6/processed/202d99fa-91ea-4893-a15f-365039e198b6.mp3,female-male,2,2,2,2,2,2,2
MSC,202efa06-7621-4347-b945-d46e21fa3150,7.5,3.6875,5.166666666666666,75.5,6.0,4.5,0.738030303030303,202efa06,202efa06-7621-4347-b945-d46e21fa3150/processed/202efa06-7621-4347-b945-d46e21fa3150.mp3,male-male,2,2,2,2,2,2,2
MSC,208392ba-e44a-4d2b-be77-1927ad69bc5e,8.0,5.25,6.333333333333334,78.5,6.0,6.5,0.8032575757575757,208392ba,208392ba-e44a-4d2b-be77-1927ad69bc5e/processed/208392ba-e44a-4d2b-be77-1927ad69bc5e.mp3,male-male,2,2,2,2,2,2,2
MSC,208d0dd5-458e-4530-9a8f-ddd6b05bffca,7.0,6.1875,6.5,73.5,5.5,7.5,0.7563636363636363,208d0dd5,208d0dd5-458e-4530-9a8f-ddd6b05bffca/processed/208d0dd5-458e-4530-9a8f-ddd6b05bffca.mp3,female-female,2,2,2,2,2,2,2
HSC,209e1eea-1c64-41bb-8707-47c4d77e7e92,9.0,5.25,6.5,95.0,7.0,8.0,0.9740909090909091,209e1eea,209e1eea-1c64-41bb-8707-47c4d77e7e92/processed/209e1eea-1c64-41bb-8707-47c4d77e7e92.mp3,female-male,2,2,2,2,2,2,2
MSC,20bc98a3-efaa-4657-8448-f731bdec47cb,9.0,6.375,7.0,81.0,7.0,9.0,0.865909090909091,20bc98a3,20bc98a3-efaa-4657-8448-f731bdec47cb/processed/20bc98a3-efaa-4657-8448-f731bdec47cb.mp3,contains_MSC_or_unknown,1,1,1,1,1,1,1
MSC,20c21d82-037a-4faf-a439-e8be15daf201,8.0,5.5625,5.833333333333333,68.0,6.0,3.5,0.7568181818181817,20c21d82,20c21d82-037a-4faf-a439-e8be15daf201/processed/20c21d82-037a-4faf-a439-e8be15daf201.mp3,female-male,2,2,2,2,2,2,2
MSC,20c24d28-cf75-43fc-890f-2dc6e33279d9,9.0,5.375,5.5,80.0,6.5,6.0,0.8689393939393939,20c24d28,20c24d28-cf75-43fc-890f-2dc6e33279d9/processed/20c24d28-cf75-43fc-890f-2dc6e33279d9.mp3,female-male,2,2,2,2,2,2,2
MSC,20f92d63-d3aa-44bc-a593-2d50a720d30d,7.0,5.875,6.333333333333334,77.5,5.5,6.0,0.7475757575757576,20f92d63,20f92d63-d3aa-44bc-a593-2d50a720d30d/processed/20f92d63-d3aa-44bc-a593-2d50a720d30d.mp3,female-male,2,2,2,2,2,2,2
MSC,2174f1c1-9ab7-454b-ba48-a1ff70784398,7.5,5.625,5.833333333333333,76.5,6.0,6.5,0.8642424242424243,2174f1c1,2174f1c1-9ab7-454b-ba48-a1ff70784398/processed/2174f1c1-9ab7-454b-ba48-a1ff70784398.mp3,male-male,2,2,2,2,2,2,2
MSC,218f2c21-b626-44e1-a0d7-ef9d3646a0a8,7.5,4.625,5.333333333333334,64.5,6.0,5.5,0.7078030303030303,218f2c21,218f2c21-b626-44e1-a0d7-ef9d3646a0a8/processed/218f2c21-b626-44e1-a0d7-ef9d3646a0a8.mp3,female-male,2,2,2,2,2,2,2
MSC,219f3a85-89a1-4611-8d80-61f63910ec13,8.5,4.9375,6.833333333333334,75.5,6.5,9.0,0.7935606060606061,219f3a85,219f3a85-89a1-4611-8d80-61f63910ec13/processed/219f3a85-89a1-4611-8d80-61f63910ec13.mp3,female-male,2,2,2,2,2,2,2
MSC,21b8dec1-fa9c-4603-993b-86e2130529ec,7.0,4.5625,6.5,64.5,5.0,6.5,0.6556060606060605,21b8dec1,21b8dec1-fa9c-4603-993b-86e2130529ec/processed/21b8dec1-fa9c-4603-993b-86e2130529ec.mp3,female-male,2,2,2,2,2,2,2
MSC,22083989-6244-440b-af5b-93a3a10f6e04,8.5,5.9375,7.0,82.0,7.0,6.5,0.8136363636363637,22083989,22083989-6244-440b-af5b-93a3a10f6e04/processed/22083989-6244-440b-af5b-93a3a10f6e04.mp3,female-male,2,2,2,2,2,2,2
MSC,22579311-0848-472a-a1b7-9b663fbb4aab,7.0,5.125,6.0,64.0,5.0,6.0,0.661060606060606,22579311,22579311-0848-472a-a1b7-9b663fbb4aab/processed/22579311-0848-472a-a1b7-9b663fbb4aab.mp3,contains_MSC_or_unknown,1,1,1,1,1,1,1
MSC,2267d6bb-4542-4dff-872a-5593771a2d24,8.5,5.125,6.0,89.5,6.5,5.0,0.795530303030303,2267d6bb,2267d6bb-4542-4dff-872a-5593771a2d24/processed/2267d6bb-4542-4dff-872a-5593771a2d24.mp3,female-male,2,2,2,2,2,2,2
LSC,22938143-89e2-445c-b3cc-d3503abeda83,4.0,6.1875,6.166666666666666,18.5,3.5,6.0,0.43037878787878786,22938143,22938143-89e2-445c-b3cc-d3503abeda83/processed/22938143-89e2-445c-b3cc-d3503abeda83.mp3,female-male,2,2,2,2,2,2,2
HSC,22a2c682-eb92-4e85-b570-7418de44ad58,9.0,5.875,6.5,96.5,7.0,6.5,0.9231060606060606,22a2c682,22a2c682-eb92-4e85-b570-7418de44ad58/processed/22a2c682-eb92-4e85-b570-7418de44ad58.mp3,male-male,2,2,2,2,2,2,2
MSC,230a227f-e1e3-46ef-8817-37912ba9f87a,7.0,4.9375,5.833333333333334,58.0,6.0,3.0,0.7342424242424241,230a227f,230a227f-e1e3-46ef-8817-37912ba9f87a/processed/230a227f-e1e3-46ef-8817-37912ba9f87a.mp3,female-male,2,2,2,2,2,2,2
HSC,231d78a6-e5bc-47da-bad1-67988b9c7dad,9.0,5.0,6.0,92.0,7.0,7.0,0.956969696969697,231d78a6,231d78a6-e5bc-47da-bad1-67988b9c7dad/processed/231d78a6-e5bc-47da-bad1-67988b9c7dad.mp3,female-female,2,2,2,2,2,2,2
MSC,235004a8-6643-4be4-b09d-e19a6a2662f6,6.5,5.375,6.5,77.5,5.5,7.0,0.7420454545454545,235004a8,235004a8-6643-4be4-b09d-e19a6a2662f6/processed/235004a8-6643-4be4-b09d-e19a6a2662f6.mp3,female-male,2,2,2,2,2,2,2
MSC,235f7b67-2ee7-4195-add8-21b41ad61f74,7.5,5.125,6.0,80.5,5.5,7.0,0.7672727272727273,235f7b67,235f7b67-2ee7-4195-add8-21b41ad61f74/processed/235f7b67-2ee7-4195-add8-21b41ad61f74.mp3,female-male,2,2,2,2,2,2,2
MSC,236e11f2-3508-4863-85ca-34048de3ce3c,8.0,5.5,6.0,67.0,6.0,7.5,0.8391666666666666,236e11f2,236e11f2-3508-4863-85ca-34048de3ce3c/processed/236e11f2-3508-4863-85ca-34048de3ce3c.mp3,female-female,2,2,2,2,2,2,2
MSC,238cbb3c-2f67-4bea-8a33-f090596a0ec9,6.5,4.0,5.5,81.5,6.0,7.5,0.6659090909090908,238cbb3c,238cbb3c-2f67-4bea-8a33-f090596a0ec9/processed/238cbb3c-2f67-4bea-8a33-f090596a0ec9.mp3,female-male,2,2,2,2,2,2,2
MSC,23a1437e-4761-42c9-8bbd-48cdf86c09ff,6.5,5.0625,5.333333333333334,77.5,5.5,3.0,0.6625757575757575,23a1437e,23a1437e-4761-42c9-8bbd-48cdf86c09ff/processed/23a1437e-4761-42c9-8bbd-48cdf86c09ff.mp3,female-female,2,2,2,2,2,2,2
MSC,23d4ec0e-9357-400e-ba97-386dcd264a9d,7.5,3.4375,6.166666666666666,70.5,6.0,6.5,0.7216666666666667,23d4ec0e,23d4ec0e-9357-400e-ba97-386dcd264a9d/processed/23d4ec0e-9357-400e-ba97-386dcd264a9d.mp3,female-male,2,2,2,2,2,2,2
MSC,24292f26-1133-4475-ac34-37230db54f33,8.5,3.1875,5.5,72.5,6.5,5.5,0.8181818181818181,24292f26,24292f26-1133-4475-ac34-37230db54f33/processed/24292f26-1133-4475-ac34-37230db54f33.mp3,female-male,2,2,2,2,2,2,2
MSC,243349a8-ddca-43f5-bfa7-3ece849fc8e5,6.5,4.3125,5.833333333333334,72.0,5.5,5.0,0.6909848484848484,243349a8,243349a8-ddca-43f5-bfa7-3ece849fc8e5/processed/243349a8-ddca-43f5-bfa7-3ece849fc8e5.mp3,female-male,2,2,2,2,2,2,2
MSC,24562220-f4ce-4d8a-8862-e2d33769083e,7.0,5.3125,6.333333333333334,80.0,6.0,6.0,0.7200757575757576,24562220,24562220-f4ce-4d8a-8862-e2d33769083e/processed/24562220-f4ce-4d8a-8862-e2d33769083e.mp3,female-male,2,2,2,2,2,2,2
MSC,247fa9d7-7636-4faf-8620-b0e16c305909,8.0,6.125,7.0,79.0,6.0,8.0,0.7977272727272726,247fa9d7,247fa9d7-7636-4faf-8620-b0e16c305909/processed/247fa9d7-7636-4faf-8620-b0e16c305909.mp3,female-male,2,2,2,2,2,2,2
MSC,248e9787-661a-4b8a-90e9-6dab547ca69d,6.5,4.0625,5.333333333333333,72.5,5.5,4.5,0.6793939393939394,248e9787,248e9787-661a-4b8a-90e9-6dab547ca69d/processed/248e9787-661a-4b8a-90e9-6dab547ca69d.mp3,female-female,2,2,2,2,2,2,2
MSC,249a5491-5c41-42d4-bcb0-5f72dfd8baa2,6.5,3.8125,5.333333333333334,72.5,5.5,5.5,0.6126515151515152,249a5491,249a5491-5c41-42d4-bcb0-5f72dfd8baa2/processed/249a5491-5c41-42d4-bcb0-5f72dfd8baa2.mp3,female-male,2,2,2,2,2,2,2
MSC,24a54a01-bc09-4316-b630-6e5fdb23c490,8.5,5.0625,6.166666666666667,86.5,6.5,7.5,0.8387878787878789,24a54a01,24a54a01-bc09-4316-b630-6e5fdb23c490/processed/24a54a01-bc09-4316-b630-6e5fdb23c490.mp3,female-male,2,2,2,2,2,2,2
MSC,24be1878-43b6-4f03-b6c1-8ddf08dcc5c1,8.5,6.1875,5.833333333333333,71.0,6.5,7.5,0.8457575757575757,24be1878,24be1878-43b6-4f03-b6c1-8ddf08dcc5c1/processed/24be1878-43b6-4f03-b6c1-8ddf08dcc5c1.mp3,male-male,2,2,2,2,2,2,2
MSC,251d923a-e4f6-4a68-9169-2f3d1f7311a7,5.0,4.0,5.666666666666666,52.5,5.5,4.0,0.6124999999999999,251d923a,251d923a-e4f6-4a68-9169-2f3d1f7311a7/processed/251d923a-e4f6-4a68-9169-2f3d1f7311a7.mp3,male-male,2,2,2,2,2,2,2
MSC,25262e9d-0157-4bc2-a7aa-ce0f1509e075,8.0,5.8125,6.333333333333334,77.5,6.5,8.0,0.7637121212121212,25262e9d,25262e9d-0157-4bc2-a7aa-ce0f1509e075/processed/25262e9d-0157-4bc2-a7aa-ce0f1509e075.mp3,male-male,2,2,2,2,2,2,2
MSC,25273115-7813-4bfa-bd50-1e4ce0cadfe3,7.0,4.875,5.5,63.0,5.5,6.5,0.7209848484848485,25273115,25273115-7813-4bfa-bd50-1e4ce0cadfe3/processed/25273115-7813-4bfa-bd50-1e4ce0cadfe3.mp3,female-female,2,2,2,2,2,2,2
MSC,25b3edec-ae20-480c-b1d4-7a6da0b36156,6.0,2.9375,5.0,58.5,4.5,5.0,0.5937878787878789,25b3edec,25b3edec-ae20-480c-b1d4-7a6da0b36156/processed/25b3edec-ae20-480c-b1d4-7a6da0b36156.mp3,male-male,2,2,2,2,2,2,2
MSC,25de27d1-adc5-44fe-85ce-fc53e15e1b02,7.0,4.3125,5.666666666666667,78.0,7.0,4.5,0.7125,25de27d1,25de27d1-adc5-44fe-85ce-fc53e15e1b02/processed/25de27d1-adc5-44fe-85ce-fc53e15e1b02.mp3,female-male,2,2,2,2,2,2,2
MSC,2608d293-6af3-4f26-959c-e0f6a2597a37,8.5,6.375,6.166666666666666,99.5,7.0,8.5,0.9135606060606061,2608d293,2608d293-6af3-4f26-959c-e0f6a2597a37/processed/2608d293-6af3-4f26-959c-e0f6a2597a37.mp3,female-male,2,2,2,2,2,2,2
LSC,2609820a-8b4f-4827-b94b-df5244dbb4d8,4.5,2.4375,5.0,37.5,4.5,2.5,0.47143939393939394,2609820a,2609820a-8b4f-4827-b94b-df5244dbb4d8/processed/2609820a-8b4f-4827-b94b-df5244dbb4d8.mp3,contains_other_or_unknown,2,2,2,2,2,2,2
MSC,262878c2-d717-48ac-a35a-73e91bc685a6,8.0,4.875,5.833333333333334,91.5,7.0,4.5,0.8703030303030304,262878c2,262878c2-d717-48ac-a35a-73e91bc685a6/processed/262878c2-d717-48ac-a35a-73e91bc685a6.mp3,female-male,2,2,2,2,2,2,2
MSC,263fc615-bee8-48a5-8a1f-28bff46ec228,7.5,4.6875,6.333333333333334,67.5,6.0,4.5,0.781439393939394,263fc615,263fc615-bee8-48a5-8a1f-28bff46ec228/processed/263fc615-bee8-48a5-8a1f-28bff46ec228.mp3,female-male,2,2,2,2,2,2,2
UNSCORED,2640fc6c-7c92-4ab2-be2b-8f3a2f0bda40,9.0,5.75,6.666666666666666,95.5,7.0,7.5,0.9395454545454546,2640fc6c,2640fc6c-7c92-4ab2-be2b-8f3a2f0bda40/processed/2640fc6c-7c92-4ab2-be2b-8f3a2f0bda40.mp3,female-female,2,2,2,2,2,2,2
MSC,265c2640-040f-4f32-9ac6-2fb564d28133,7.0,4.0,5.333333333333333,72.5,5.5,3.5,0.7404545454545455,265c2640,265c2640-040f-4f32-9ac6-2fb564d28133/processed/265c2640-040f-4f32-9ac6-2fb564d28133.mp3,female-male,2,2,2,2,2,2,2
MSC,265c90a1-79ba-4956-888d-7f27ecb76424,7.5,4.25,6.333333333333334,82.5,6.0,3.5,0.7609848484848485,265c90a1,265c90a1-79ba-4956-888d-7f27ecb76424/processed/265c90a1-79ba-4956-888d-7f27ecb76424.mp3,contains_MSC_or_unknown,2,2,2,2,2,2,2
UNSCORED,2673c393-67e0-4880-b56f-d6b2696f1631,7.0,4.1875,5.333333333333333,80.0,6.0,7.5,0.7550000000000001,2673c393,2673c393-67e0-4880-b56f-d6b2696f1631/processed/2673c393-67e0-4880-b56f-d6b2696f1631.mp3,female-male,2,2,2,2,2,2,2
HSC,2699024b-93f4-48b8-ac08-3012274a47fa,9.0,5.5,6.5,95.0,7.0,9.0,0.9170454545454546,2699024b,2699024b-93f4-48b8-ac08-3012274a47fa/processed/2699024b-93f4-48b8-ac08-3012274a47fa.mp3,female-female,2,2,2,2,2,2,2
MSC,269bc7df-9b19-4879-88c7-4474dbd62f67,8.5,5.375,6.0,77.0,7.0,6.5,0.8178787878787879,269bc7df,269bc7df-9b19-4879-88c7-4474dbd62f67/processed/269bc7df-9b19-4879-88c7-4474dbd62f67.mp3,female-female,2,2,2,2,2,2,2
MSC,26dcc0cf-44f8-45a1-a48f-2add3083502f,6.5,3.8125,6.0,67.5,6.0,6.0,0.7356060606060606,26dcc0cf,26dcc0cf-44f8-45a1-a48f-2add3083502f/processed/26dcc0cf-44f8-45a1-a48f-2add3083502f.mp3,female-male,2,2,2,2,2,2,2
MSC,274f653a-066f-42ee-8ea6-ac84d739cfe1,8.5,5.5,6.166666666666666,78.5,6.5,7.0,0.8145454545454545,274f653a,274f653a-066f-42ee-8ea6-ac84d739cfe1/processed/274f653a-066f-42ee-8ea6-ac84d739cfe1.mp3,female-male,2,2,2,2,2,2,2
MSC,278c95fb-185b-4fcd-979a-99c8b55dca30,8.0,5.5625,6.0,80.5,6.5,6.5,0.7940909090909091,278c95fb,278c95fb-185b-4fcd-979a-99c8b55dca30/processed/278c95fb-185b-4fcd-979a-99c8b55dca30.mp3,female-male,2,2,2,2,2,2,2
MSC,279b4ae4-c404-4365-b9ed-976bb688c803,7.5,4.8125,6.166666666666666,72.5,6.5,4.5,0.7458333333333333,279b4ae4,279b4ae4-c404-4365-b9ed-976bb688c803/processed/279b4ae4-c404-4365-b9ed-976bb688c803.mp3,female-male,2,2,2,2,2,2,2
MSC,289be61b-6e42-4677-874e-6e858d52b8c3,7.0,4.3125,5.666666666666667,69.0,5.5,6.5,0.6831060606060606,289be61b,289be61b-6e42-4677-874e-6e858d52b8c3/processed/289be61b-6e42-4677-874e-6e858d52b8c3.mp3,female-male,2,2,2,2,2,2,2
MSC,28ece3f2-877f-4f20-9488-0dea13ea9f17,7.0,4.625,5.166666666666666,55.0,5.5,5.5,0.6735606060606061,28ece3f2,28ece3f2-877f-4f20-9488-0dea13ea9f17/processed/28ece3f2-877f-4f20-9488-0dea13ea9f17.mp3,female-male,2,2,2,2,2,2,2
MSC,293c053e-47a3-4ab5-84ab-c167527233ce,5.5,3.1875,5.166666666666666,37.5,4.0,2.0,0.6470454545454545,293c053e,293c053e-47a3-4ab5-84ab-c167527233ce/processed/293c053e-47a3-4ab5-84ab-c167527233ce.mp3,female-male,2,2,2,2,2,2,2
MSC,29550aa0-a640-4c7f-8664-546921f2a387,7.5,4.3125,6.166666666666666,79.0,6.5,7.5,0.8180303030303031,29550aa0,29550aa0-a640-4c7f-8664-546921f2a387/processed/29550aa0-a640-4c7f-8664-546921f2a387.mp3,female-female,2,2,2,2,2,2,2
MSC,29b7edd5-d78d-4edb-bcce-4f6c9a166455,6.0,4.0,4.333333333333334,49.5,4.0,5.5,0.6970454545454545,29b7edd5,29b7edd5-d78d-4edb-bcce-4f6c9a166455/processed/29b7edd5-d78d-4edb-bcce-4f6c9a166455.mp3,female-male,2,2,2,2,2,2,2
MSC,29f8f496-079b-4a71-84ff-7100bbc28824,8.0,4.75,5.333333333333333,95.0,5.0,7.0,0.7643939393939395,29f8f496,29f8f496-079b-4a71-84ff-7100bbc28824/processed/29f8f496-079b-4a71-84ff-7100bbc28824.mp3,contains_MSC_or_unknown,1,1,1,1,1,1,1
MSC,2a2cab49-1155-4379-b926-0e1b9e838687,8.5,5.1875,6.0,72.5,6.5,7.0,0.8450757575757576,2a2cab49,2a2cab49-1155-4379-b926-0e1b9e838687/processed/2a2cab49-1155-4379-b926-0e1b9e838687.mp3,female-female,2,2,2,2,2,2,2
MSC,2a35b21b-8134-45fc-8194-0ca3cd292220,8.5,4.75,5.833333333333334,78.5,7.0,8.0,0.8200757575757576,2a35b21b,2a35b21b-8134-45fc-8194-0ca3cd292220/processed/2a35b21b-8134-45fc-8194-0ca3cd292220.mp3,male-male,2,2,2,2,2,2,2
MSC,2a4b8fbc-ece6-4a80-837f-8d2b08b2c4ce,9.0,4.9375,6.333333333333334,82.5,7.0,3.5,0.8735606060606061,2a4b8fbc,2a4b8fbc-ece6-4a80-837f-8d2b08b2c4ce/processed/2a4b8fbc-ece6-4a80-837f-8d2b08b2c4ce.mp3,female-female,2,2,2,2,2,2,2
UNSCORED,2a4d7a05-b514-4927-a797-3644b4046f43,8.0,5.0,5.666666666666667,80.0,7.0,7.0,0.7724242424242423,2a4d7a05,2a4d7a05-b514-4927-a797-3644b4046f43/processed/2a4d7a05-b514-4927-a797-3644b4046f43.mp3,contains_MSC_or_unknown,1,1,1,1,1,1,1
MSC,2a863b95-3e08-4f7a-8b13-4fd804164e93,7.0,5.3125,6.333333333333334,62.5,6.5,5.0,0.8031060606060605,2a863b95,2a863b95-3e08-4f7a-8b13-4fd804164e93/processed/2a863b95-3e08-4f7a-8b13-4fd804164e93.mp3,male-male,2,2,2,2,2,2,2
MSC,2aaf75c0-e7ad-4261-a377-0e1e954bd8fe,9.0,5.375,6.166666666666667,80.0,7.0,6.0,0.8471212121212122,2aaf75c0,2aaf75c0-e7ad-4261-a377-0e1e954bd8fe/processed/2aaf75c0-e7ad-4261-a377-0e1e954bd8fe.mp3,female-male,2,2,2,2,2,2,2
MSC,2aef4398-4c93-440c-86a2-561efc102293,8.0,4.3125,6.333333333333334,65.0,6.5,4.5,0.8166666666666667,2aef4398,2aef4398-4c93-440c-86a2-561efc102293/processed/2aef4398-4c93-440c-86a2-561efc102293.mp3,female-male,2,2,2,2,2,2,2
MSC,2af937fb-4da0-43db-91da-ca3fd9ebedef,7.0,4.1875,5.0,75.0,4.5,4.5,0.6470454545454545,2af937fb,2af937fb-4da0-43db-91da-ca3fd9ebedef/processed/2af937fb-4da0-43db-91da-ca3fd9ebedef.mp3,female-male,2,2,2,2,2,2,2
MSC,2b10d00a-1350-4a61-80ac-4ae203c87343,8.0,5.5625,6.333333333333334,82.5,6.5,7.5,0.8284090909090909,2b10d00a,2b10d00a-1350-4a61-80ac-4ae203c87343/processed/2b10d00a-1350-4a61-80ac-4ae203c87343.mp3,female-male,2,2,2,2,2,2,2
HSC,2b209eb6-0d48-4ebb-9290-5a027ffa3c72,9.0,5.6875,6.166666666666666,93.0,7.0,8.5,0.9658333333333333,2b209eb6,2b209eb6-0d48-4ebb-9290-5a027ffa3c72/processed/2b209eb6-0d48-4ebb-9290-5a027ffa3c72.mp3,female-female,2,2,2,2,2,2,2
LSC,2b52341f-05ff-4341-905a-c264b228e625,4.0,4.125,5.666666666666666,44.0,4.0,3.5,0.4832575757575758,2b52341f,2b52341f-05ff-4341-905a-c264b228e625/processed/2b52341f-05ff-4341-905a-c264b228e625.mp3,female-female,2,2,2,2,2,2,2
MSC,2b5a65a2-f865-4de5-875a-4515376a8a1f,7.5,4.3125,5.333333333333334,81.0,5.5,5.0,0.718939393939394,2b5a65a2,2b5a65a2-f865-4de5-875a-4515376a8a1f/processed/2b5a65a2-f865-4de5-875a-4515376a8a1f.mp3,female-male,2,2,2,2,2,2,2
HSC,2b5ecfe7-75e9-4744-b6bd-805b525fa5ee,8.5,4.6875,6.166666666666666,93.0,7.0,7.0,0.9261363636363635,2b5ecfe7,2b5ecfe7-75e9-4744-b6bd-805b525fa5ee/processed/2b5ecfe7-75e9-4744-b6bd-805b525fa5ee.mp3,female-male,2,2,2,2,2,2,2
MSC,2b74fe16-8ecd-476b-a432-b0b11dbe98fd,7.0,5.5,5.5,72.0,5.5,5.5,0.7336363636363636,2b74fe16,2b74fe16-8ecd-476b-a432-b0b11dbe98fd/processed/2b74fe16-8ecd-476b-a432-b0b11dbe98fd.mp3,female-male,2,2,2,2,2,2,2
MSC,2b7760a2-c248-4ace-8313-919719349404,7.5,5.0625,6.0,76.5,6.0,8.0,0.7446212121212121,2b7760a2,2b7760a2-c248-4ace-8313-919719349404/processed/2b7760a2-c248-4ace-8313-919719349404.mp3,male-male,2,2,2,2,2,2,2
MSC,2b880958-0e7f-4e9d-9017-1b022a7bc4b3,8.0,6.3125,6.0,85.5,6.5,6.5,0.8212121212121212,2b880958,2b880958-0e7f-4e9d-9017-1b022a7bc4b3/processed/2b880958-0e7f-4e9d-9017-1b022a7bc4b3.mp3,female-male,2,2,2,2,2,2,2
MSC,2bc13e09-30ac-4bd6-941c-24036501b329,8.5,5.1875,6.0,79.0,6.5,8.5,0.8396212121212122,2bc13e09,2bc13e09-30ac-4bd6-941c-24036501b329/processed/2bc13e09-30ac-4bd6-941c-24036501b329.mp3,female-female,2,2,2,2,2,2,2
MSC,2bf9891d-43a6-4f5e-b22b-4ae0bb504f22,5.5,3.8125,5.833333333333334,70.5,5.0,5.5,0.6218181818181818,2bf9891d,2bf9891d-43a6-4f5e-b22b-4ae0bb504f22/processed/2bf9891d-43a6-4f5e-b22b-4ae0bb504f22.mp3,female-male,2,2,2,2,2,2,2
MSC,2c6def47-4ba6-49ce-9bc2-97f513e7c592,8.5,6.25,6.333333333333334,91.5,6.5,7.0,0.8978030303030303,2c6def47,2c6def47-4ba6-49ce-9bc2-97f513e7c592/processed/2c6def47-4ba6-49ce-9bc2-97f513e7c592.mp3,male-male,2,2,2,2,2,2,2
MSC,2c770f9c-e6e6-4ccc-8215-6cbfdcb9af46,6.5,5.5,6.833333333333334,70.0,6.0,4.5,0.7400757575757575,2c770f9c,2c770f9c-e6e6-4ccc-8215-6cbfdcb9af46/processed/2c770f9c-e6e6-4ccc-8215-6cbfdcb9af46.mp3,female-male,2,2,2,2,2,2,2
MSC,2c81c2ee-4b36-4de3-9463-c1fb6dd33899,8.5,5.6875,6.5,87.0,7.0,8.0,0.9012878787878789,2c81c2ee,2c81c2ee-4b36-4de3-9463-c1fb6dd33899/processed/2c81c2ee-4b36-4de3-9463-c1fb6dd33899.mp3,female-female,2,2,2,2,2,2,2
MSC,2c8254a6-469a-4d7f-881f-b98fbc98c634,8.0,5.625,6.166666666666666,82.5,7.0,5.5,0.8190909090909091,2c8254a6,2c8254a6-469a-4d7f-881f-b98fbc98c634/processed/2c8254a6-469a-4d7f-881f-b98fbc98c634.mp3,female-female,2,2,2,2,2,2,2
MSC,2c922771-18a5-474d-bf4c-4c1433048e68,6.0,2.6875,4.833333333333334,58.0,4.5,6.5,0.6326515151515152,2c922771,2c922771-18a5-474d-bf4c-4c1433048e68/processed/2c922771-18a5-474d-bf4c-4c1433048e68.mp3,female-male,2,2,2,2,2,2,2
MSC,2c92dd3e-6e7a-4968-871d-5674790e7a74,7.0,4.8125,5.5,62.5,5.0,6.0,0.6830303030303031,2c92dd3e,2c92dd3e-6e7a-4968-871d-5674790e7a74/processed/2c92dd3e-6e7a-4968-871d-5674790e7a74.mp3,female-male,2,2,2,2,2,2,2
MSC,2c9f9799-b379-4c6e-91dd-38a1897d4ff6,6.0,4.25,5.5,61.0,5.0,4.0,0.6068939393939394,2c9f9799,2c9f9799-b379-4c6e-91dd-38a1897d4ff6/processed/2c9f9799-b379-4c6e-91dd-38a1897d4ff6.mp3,female-male,2,2,2,2,2,2,2
MSC,2ca8ec4a-32b5-4a96-ae8e-73b5322c993c,8.0,5.5625,5.666666666666666,74.0,6.0,6.5,0.7559090909090909,2ca8ec4a,2ca8ec4a-32b5-4a96-ae8e-73b5322c993c/processed/2ca8ec4a-32b5-4a96-ae8e-73b5322c993c.mp3,male-male,2,2,2,2,2,2,2
MSC,2cce874b-1165-4bd9-9676-831266579272,7.0,3.25,6.166666666666666,76.0,6.5,4.5,0.7668939393939394,2cce874b,2cce874b-1165-4bd9-9676-831266579272/processed/2cce874b-1165-4bd9-9676-831266579272.mp3,female-female,2,2,2,2,2,2,2
LSC,2d20999a-e929-43c8-9b4f-f220cafc06d1,5.5,4.5,5.833333333333334,55.5,4.5,4.5,0.5454545454545454,2d20999a,2d20999a-e929-43c8-9b4f-f220cafc06d1/processed/2d20999a-e929-43c8-9b4f-f220cafc06d1.mp3,female-male,2,2,2,2,2,2,2
MSC,2d271d93-fc72-43ed-9e2f-18ff188d5875,7.5,4.5,6.333333333333334,73.0,6.5,6.5,0.8178030303030303,2d271d93,2d271d93-fc72-43ed-9e2f-18ff188d5875/processed/2d271d93-fc72-43ed-9e2f-18ff188d5875.mp3,male-male,2,2,2,2,2,2,2
MSC,2d3b2c02-ec0e-4be1-bd11-5cead2bdfd81,7.0,4.6875,5.833333333333333,71.0,6.5,5.0,0.7653030303030303,2d3b2c02,2d3b2c02-ec0e-4be1-bd11-5cead2bdfd81/processed/2d3b2c02-ec0e-4be1-bd11-5cead2bdfd81.mp3,female-female,2,2,2,2,2,2,2
HSC,2d7f1113-de9d-4e61-bdbe-38a9bd2a1121,9.0,4.0625,6.0,82.5,7.0,7.5,0.9522727272727274,2d7f1113,2d7f1113-de9d-4e61-bdbe-38a9bd2a1121/processed/2d7f1113-de9d-4e61-bdbe-38a9bd2a1121.mp3,female-female,2,2,2,2,2,2,2
MSC,2d86a7ed-c970-47ef-80b2-c87393ef4734,8.5,5.0,6.166666666666667,77.5,6.5,5.5,0.8691666666666666,2d86a7ed,2d86a7ed-c970-47ef-80b2-c87393ef4734/processed/2d86a7ed-c970-47ef-80b2-c87393ef4734.mp3,female-male,2,2,2,2,2,2,2
MSC,2d8791a3-3ad0-4011-bdc1-2dde05ebcba2,8.5,3.375,6.333333333333334,86.0,7.0,5.5,0.8910606060606059,2d8791a3,2d8791a3-3ad0-4011-bdc1-2dde05ebcba2/processed/2d8791a3-3ad0-4011-bdc1-2dde05ebcba2.mp3,female-male,2,2,2,2,2,2,2
MSC,2d901561-fa27-4532-af85-be4a5cb511fd,7.5,5.25,5.5,77.5,6.0,7.5,0.8137878787878787,2d901561,2d901561-fa27-4532-af85-be4a5cb511fd/processed/2d901561-fa27-4532-af85-be4a5cb511fd.mp3,male-male,2,2,2,2,2,2,2
MSC,2dabab21-c33f-44db-9a86-d348967eb4ed,8.0,5.8125,6.333333333333334,89.0,6.5,5.5,0.8016666666666666,2dabab21,2dabab21-c33f-44db-9a86-d348967eb4ed/processed/2dabab21-c33f-44db-9a86-d348967eb4ed.mp3,female-male,2,2,2,2,2,2,2
MSC,2dd388ce-cf4d-40c2-9e66-4a167170ed5d,8.5,4.5625,6.0,74.0,7.0,6.0,0.8512121212121213,2dd388ce,2dd388ce-cf4d-40c2-9e66-4a167170ed5d/processed/2dd388ce-cf4d-40c2-9e66-4a167170ed5d.mp3,female-female,2,2,2,2,2,2,2
MSC,2de3ac51-19c8-422e-b960-5d09e2db0f73,8.0,3.25,5.833333333333334,49.0,7.0,2.0,0.7945454545454544,2de3ac51,2de3ac51-19c8-422e-b960-5d09e2db0f73/processed/2de3ac51-19c8-422e-b960-5d09e2db0f73.mp3,female-male,2,2,2,2,2,2,2
HSC,2e6ecec2-ee12-4fd2-af36-e5477d3a5081,9.0,4.625,6.0,88.0,7.0,9.0,0.9490909090909092,2e6ecec2,2e6ecec2-ee12-4fd2-af36-e5477d3a5081/processed/2e6ecec2-ee12-4fd2-af36-e5477d3a5081.mp3,female-female,2,2,2,2,2,2,2
MSC,2e76b663-387c-4bd0-bb19-11b9ff68d94e,8.5,4.4375,6.166666666666666,95.0,7.0,8.5,0.9140151515151516,2e76b663,2e76b663-387c-4bd0-bb19-11b9ff68d94e/processed/2e76b663-387c-4bd0-bb19-11b9ff68d94e.mp3,female-male,2,2,2,2,2,2,2
MSC,2e88ace6-b04e-4c21-9758-09f03b8b33b6,7.5,5.0,6.0,72.5,6.0,6.0,0.7543939393939394,2e88ace6,2e88ace6-b04e-4c21-9758-09f03b8b33b6/processed/2e88ace6-b04e-4c21-9758-09f03b8b33b6.mp3,female-male,2,2,2,2,2,2,2
MSC,2ea08e99-5f68-48d4-af42-0f4d31f1e148,7.5,5.0,4.833333333333334,71.0,5.5,8.0,0.7303030303030302,2ea08e99,2ea08e99-5f68-48d4-af42-0f4d31f1e148/processed/2ea08e99-5f68-48d4-af42-0f4d31f1e148.mp3,female-female,2,2,2,2,2,2,2
MSC,2eb1256f-ddc8-4295-bde5-c77d36f82b6b,8.0,4.8125,6.166666666666666,68.5,7.0,5.5,0.8089393939393941,2eb1256f,2eb1256f-ddc8-4295-bde5-c77d36f82b6b/processed/2eb1256f-ddc8-4295-bde5-c77d36f82b6b.mp3,female-female,2,2,2,2,2,2,2
MSC,2ec76af8-c231-488a-95bf-4269bef6996b,6.5,3.3125,5.666666666666666,70.0,5.5,6.5,0.6648484848484848,2ec76af8,2ec76af8-c231-488a-95bf-4269bef6996b/processed/2ec76af8-c231-488a-95bf-4269bef6996b.mp3,male-male,2,2,2,2,2,2,2
MSC,2ef0bddb-04a7-4d0e-8aba-fa7c313e5295,7.0,4.125,5.333333333333334,76.5,5.5,6.5,0.7019696969696969,2ef0bddb,2ef0bddb-04a7-4d0e-8aba-fa7c313e5295/processed/2ef0bddb-04a7-4d0e-8aba-fa7c313e5295.mp3,female-female,2,2,2,2,2,2,2
MSC,2f0ee486-0eb9-4ae0-a940-f0cc95e749f2,8.0,3.75,5.333333333333334,69.5,6.0,6.0,0.7729545454545454,2f0ee486,2f0ee486-0eb9-4ae0-a940-f0cc95e749f2/processed/2f0ee486-0eb9-4ae0-a940-f0cc95e749f2.mp3,female-female,2,2,2,2,2,2,2
MSC,2f39332c-6b63-49a7-9dc3-491c3cdc5aa2,7.0,4.125,6.166666666666666,77.5,6.5,7.0,0.7458333333333333,2f39332c,2f39332c-6b63-49a7-9dc3-491c3cdc5aa2/processed/2f39332c-6b63-49a7-9dc3-491c3cdc5aa2.mp3,female-male,2,2,2,2,2,2,2
MSC,2f65f772-5329-4e5a-a7a2-3df21fb73933,8.0,5.25,6.0,75.0,6.5,6.0,0.8485606060606061,2f65f772,2f65f772-5329-4e5a-a7a2-3df21fb73933/processed/2f65f772-5329-4e5a-a7a2-3df21fb73933.mp3,female-female,2,2,2,2,2,2,2
MSC,2f72249c-39e1-4aab-a942-200e3ae2424c,7.5,6.5625,6.0,91.5,6.5,7.0,0.7996212121212121,2f72249c,2f72249c-39e1-4aab-a942-200e3ae2424c/processed/2f72249c-39e1-4aab-a942-200e3ae2424c.mp3,female-female,2,2,2,2,2,2,2
UNSCORED,2f749ec2-aa7b-4a41-8aa1-5bd7a387b90a,8.5,5.625,6.5,90.5,7.0,8.0,0.9042424242424242,2f749ec2,2f749ec2-aa7b-4a41-8aa1-5bd7a387b90a/processed/2f749ec2-aa7b-4a41-8aa1-5bd7a387b90a.mp3,female-female,2,2,2,2,2,2,2
MSC,2f9de920-25a3-4bb4-b7a8-eb83e5d0cfe2,7.0,5.3125,5.5,63.0,5.5,5.0,0.6749242424242424,2f9de920,2f9de920-25a3-4bb4-b7a8-eb83e5d0cfe2/processed/2f9de920-25a3-4bb4-b7a8-eb83e5d0cfe2.mp3,female-female,2,2,2,2,2,2,2
MSC,2fae6aa6-182c-4caf-84d3-09bd505cb5e1,8.0,5.4375,6.5,77.5,6.5,8.0,0.8256818181818182,2fae6aa6,2fae6aa6-182c-4caf-84d3-09bd505cb5e1/processed/2fae6aa6-182c-4caf-84d3-09bd505cb5e1.mp3,male-male,2,2,2,2,2,2,2
MSC,2faec4dd-2885-46f3-9796-d4b152a75f9b,6.5,4.375,6.166666666666666,74.0,6.0,4.0,0.6593939393939394,2faec4dd,2faec4dd-2885-46f3-9796-d4b152a75f9b/processed/2faec4dd-2885-46f3-9796-d4b152a75f9b.mp3,female-male,2,2,2,2,2,2,2
MSC,2fb5e5af-52fe-4469-b77a-0b4467ca0bf1,6.0,4.0625,4.333333333333333,65.0,5.0,5.5,0.5678030303030304,2fb5e5af,2fb5e5af-52fe-4469-b77a-0b4467ca0bf1/processed/2fb5e5af-52fe-4469-b77a-0b4467ca0bf1.mp3,female-male,2,2,2,2,2,2,2
MSC,2fb914a4-32a5-4321-9aa7-830e476c466a,8.0,4.75,6.166666666666666,58.0,6.0,7.0,0.7659848484848485,2fb914a4,2fb914a4-32a5-4321-9aa7-830e476c466a/processed/2fb914a4-32a5-4321-9aa7-830e476c466a.mp3,female-male,2,2,2,2,2,2,2
MSC,2fbdb5cb-d160-4a13-927e-82b93c4adea7,7.0,3.875,5.333333333333334,74.5,5.5,4.0,0.6853787878787879,2fbdb5cb,2fbdb5cb-d160-4a13-927e-82b93c4adea7/processed/2fbdb5cb-d160-4a13-927e-82b93c4adea7.mp3,female-male,2,2,2,2,2,2,2
MSC,30394916-22b4-46ba-b8b4-61ad3662e837,5.5,2.4375,5.333333333333334,50.0,4.0,3.5,0.5078787878787878,30394916,30394916-22b4-46ba-b8b4-61ad3662e837/processed/30394916-22b4-46ba-b8b4-61ad3662e837.mp3,male-male,2,2,2,2,2,2,2
MSC,30398fc0-0fea-4f6d-b9b5-9f8608725e3a,8.5,4.375,6.5,80.0,6.5,6.5,0.8789393939393939,30398fc0,30398fc0-0fea-4f6d-b9b5-9f8608725e3a/processed/30398fc0-0fea-4f6d-b9b5-9f8608725e3a.mp3,female-female,2,2,2,2,2,2,2
MSC,3045ec04-252c-420e-8646-c6b0e150ca74,9.0,5.375,6.0,85.0,7.0,8.0,0.8425757575757576,3045ec04,3045ec04-252c-420e-8646-c6b0e150ca74/processed/3045ec04-252c-420e-8646-c6b0e150ca74.mp3,contains_MSC_or_unknown,1,1,1,1,1,1,1
UNSCORED,3049cb21-cec9-46b6-ace5-8b97f4fd6165,,,,,,,,3049cb21,3049cb21-cec9-46b6-ace5-8b97f4fd6165/processed/3049cb21-cec9-46b6-ace5-8b97f4fd6165.mp3,contains_MSC_or_unknown,0,0,0,0,0,0,0
MSC,3066c275-aae2-4b70-b47d-65c4ff1bc409,6.0,4.75,6.333333333333333,61.5,5.5,6.0,0.6546969696969698,3066c275,3066c275-aae2-4b70-b47d-65c4ff1bc409/processed/3066c275-aae2-4b70-b47d-65c4ff1bc409.mp3,female-male,2,2,2,2,2,2,2
HSC,307f0b6d-5703-411c-aec8-f2fbd6f099e8,9.0,6.0625,6.333333333333334,95.5,7.0,8.5,0.9936363636363637,307f0b6d,307f0b6d-5703-411c-aec8-f2fbd6f099e8/processed/307f0b6d-5703-411c-aec8-f2fbd6f099e8.mp3,female-female,2,2,2,2,2,2,2
HSC,30a5a4ba-5ca5-465f-8a8f-cda3d7737662,9.0,5.4375,7.0,91.5,7.0,6.5,0.9454545454545455,30a5a4ba,30a5a4ba-5ca5-465f-8a8f-cda3d7737662/processed/30a5a4ba-5ca5-465f-8a8f-cda3d7737662.mp3,female-male,2,2,2,2,2,2,2
HSC,30a69621-20ae-437e-bc61-7934ac8bc543,9.0,4.375,6.5,94.0,7.0,6.5,0.9224242424242424,30a69621,30a69621-20ae-437e-bc61-7934ac8bc543/processed/30a69621-20ae-437e-bc61-7934ac8bc543.mp3,female-female,2,2,2,2,2,2,2
MSC,30d35ce8-1e0f-4c09-ac7d-5ff9737c8ac2,6.5,3.9375,4.833333333333334,57.5,4.5,5.0,0.5787878787878787,30d35ce8,30d35ce8-1e0f-4c09-ac7d-5ff9737c8ac2/processed/30d35ce8-1e0f-4c09-ac7d-5ff9737c8ac2.mp3,female-male,2,2,2,2,2,2,2
MSC,310ce55b-8db0-4407-a25c-c2460b37cce5,4.5,3.5625,5.0,58.5,4.5,3.0,0.6251515151515151,310ce55b,310ce55b-8db0-4407-a25c-c2460b37cce5/processed/310ce55b-8db0-4407-a25c-c2460b37cce5.mp3,male-male,2,2,2,2,2,2,2
MSC,31683e36-7c0c-4bd1-93d1-66ce5cb9680a,7.0,5.0,5.166666666666666,62.5,6.0,6.5,0.780378787878788,31683e36,31683e36-7c0c-4bd1-93d1-66ce5cb9680a/processed/31683e36-7c0c-4bd1-93d1-66ce5cb9680a.mp3,female-male,2,2,2,2,2,2,2
MSC,3186a2ea-47f5-45cf-8c9c-ba4182d2c0a7,8.5,4.9375,6.0,92.5,7.0,6.5,0.886969696969697,3186a2ea,3186a2ea-47f5-45cf-8c9c-ba4182d2c0a7/processed/3186a2ea-47f5-45cf-8c9c-ba4182d2c0a7.mp3,female-female,2,2,2,2,2,2,2
MSC,31a7caa4-f825-4995-8d4d-2126124ff47c,8.0,5.375,5.666666666666666,80.0,6.0,7.5,0.8162878787878789,31a7caa4,31a7caa4-f825-4995-8d4d-2126124ff47c/processed/31a7caa4-f825-4995-8d4d-2126124ff47c.mp3,female-male,2,2,2,2,2,2,2
MSC,3231ee9a-483f-464c-b563-da35de30594c,7.5,5.1875,5.0,67.5,6.0,7.0,0.7257575757575758,3231ee9a,3231ee9a-483f-464c-b563-da35de30594c/processed/3231ee9a-483f-464c-b563-da35de30594c.mp3,female-female,2,2,2,2,2,2,2
MSC,3271eacf-69b5-4144-8dbe-b596de94ec30,7.5,4.375,5.666666666666666,70.5,5.5,4.5,0.7081818181818182,3271eacf,3271eacf-69b5-4144-8dbe-b596de94ec30/processed/3271eacf-69b5-4144-8dbe-b596de94ec30.mp3,male-male,2,2,2,2,2,2,2
MSC,32adb5d5-910d-4547-972a-f5d0b795c689,8.0,5.375,6.0,92.0,7.0,7.0,0.8366666666666667,32adb5d5,32adb5d5-910d-4547-972a-f5d0b795c689/processed/32adb5d5-910d-4547-972a-f5d0b795c689.mp3,contains_MSC_or_unknown,1,1,1,1,1,1,1
MSC,32e6806f-7402-4615-b02f-98d39af02b34,8.5,4.4375,5.0,56.0,6.0,6.5,0.7640909090909092,32e6806f,32e6806f-7402-4615-b02f-98d39af02b34/processed/32e6806f-7402-4615-b02f-98d39af02b34.mp3,female-female,2,2,2,2,2,2,2
MSC,330137c3-3b27-4eab-95b6-ff26b2aa2c0f,8.0,3.9375,6.166666666666666,86.5,6.5,7.5,0.7483333333333333,330137c3,330137c3-3b27-4eab-95b6-ff26b2aa2c0f/processed/330137c3-3b27-4eab-95b6-ff26b2aa2c0f.mp3,female-male,2,2,2,2,2,2,2
MSC,33528414-6a77-4fde-a01a-aebbad5fc3d8,7.5,5.5625,6.333333333333333,74.5,5.5,7.0,0.7458333333333333,33528414,33528414-6a77-4fde-a01a-aebbad5fc3d8/processed/33528414-6a77-4fde-a01a-aebbad5fc3d8.mp3,female-male,2,2,2,2,2,2,2
UNSCORED,33567718-2e8d-454c-95fc-c34fa41a4068,8.0,5.0625,6.166666666666666,69.0,6.5,5.0,0.823030303030303,33567718,33567718-2e8d-454c-95fc-c34fa41a4068/processed/33567718-2e8d-454c-95fc-c34fa41a4068.mp3,female-male,2,2,2,2,2,2,2
MSC,339012e4-ada1-4c88-839d-08a6842b5903,8.5,4.0,5.666666666666667,80.0,7.0,6.0,0.8201515151515151,339012e4,339012e4-ada1-4c88-839d-08a6842b5903/processed/339012e4-ada1-4c88-839d-08a6842b5903.mp3,female-female,2,2,2,2,2,2,2
MSC,33c5f6cf-7cd2-448d-8970-a59462023a45,8.0,4.5625,5.833333333333334,89.0,6.5,6.0,0.8089393939393941,33c5f6cf,33c5f6cf-7cd2-448d-8970-a59462023a45/processed/33c5f6cf-7cd2-448d-8970-a59462023a45.mp3,female-male,2,2,2,2,2,2,2
MSC,33d4bd03-1a0b-4252-9ebb-9ab864a57a7e,8.5,4.875,6.0,87.5,6.5,5.0,0.8634848484848485,33d4bd03,33d4bd03-1a0b-4252-9ebb-9ab864a57a7e/processed/33d4bd03-1a0b-4252-9ebb-9ab864a57a7e.mp3,female-male,2,2,2,2,2,2,2
MSC,33d648dc-190b-46db-b639-23382a82d7bd,8.0,5.0625,5.833333333333334,84.0,6.0,5.5,0.810530303030303,33d648dc,33d648dc-190b-46db-b639-23382a82d7bd/processed/33d648dc-190b-46db-b639-23382a82d7bd.mp3,female-male,2,2,2,2,2,2,2
MSC,33e8c5c6-876b-4764-b725-949d2e4a2669,7.0,4.25,5.166666666666666,62.0,5.5,5.0,0.6853030303030303,33e8c5c6,33e8c5c6-876b-4764-b725-949d2e4a2669/processed/33e8c5c6-876b-4764-b725-949d2e4a2669.mp3,female-male,2,2,2,2,2,2,2
MSC,33f1c21c-b07a-485e-ba8e-43217e25ae00,8.0,5.6875,6.0,76.5,7.0,8.5,0.8189393939393939,33f1c21c,33f1c21c-b07a-485e-ba8e-43217e25ae00/processed/33f1c21c-b07a-485e-ba8e-43217e25ae00.mp3,female-female,2,2,2,2,2,2,2
MSC,34024389-e241-4c26-96d5-50300466d28f,9.0,5.875,6.5,79.0,7.0,8.5,0.8979545454545454,34024389,34024389-e241-4c26-96d5-50300466d28f/processed/34024389-e241-4c26-96d5-50300466d28f.mp3,female-female,2,2,2,2,2,2,2
MSC,34228312-a473-483c-bfad-3bc9b7bdc818,7.0,4.5,6.0,69.0,5.5,5.5,0.7337878787878787,34228312,34228312-a473-483c-bfad-3bc9b7bdc818/processed/34228312-a473-483c-bfad-3bc9b7bdc818.mp3,female-male,2,2,2,2,2,2,2
MSC,34250e26-3fba-4838-897a-06c27e5641b1,6.5,4.5625,5.5,67.5,5.0,6.5,0.6740909090909091,34250e26,34250e26-3fba-4838-897a-06c27e5641b1/processed/34250e26-3fba-4838-897a-06c27e5641b1.mp3,female-female,2,2,2,2,2,2,2
MSC,3431bf91-f4b6-42d1-92e8-3f62164f8b64,8.5,4.8125,6.0,87.5,6.5,4.5,0.8884090909090909,3431bf91,3431bf91-f4b6-42d1-92e8-3f62164f8b64/processed/3431bf91-f4b6-42d1-92e8-3f62164f8b64.mp3,female-female,2,2,2,2,2,2,2
MSC,343fdcb2-0edf-4eda-938a-17bb3e937c18,7.0,2.875,4.0,72.0,6.5,4.5,0.7361363636363636,343fdcb2,343fdcb2-0edf-4eda-938a-17bb3e937c18/processed/343fdcb2-0edf-4eda-938a-17bb3e937c18.mp3,female-male,2,2,2,2,2,2,2
MSC,3441fe43-ea34-45ae-855c-bdcf1151406e,8.5,5.0625,6.166666666666666,69.0,6.5,6.5,0.8071212121212121,3441fe43,3441fe43-ea34-45ae-855c-bdcf1151406e/processed/3441fe43-ea34-45ae-855c-bdcf1151406e.mp3,male-male,2,2,2,2,2,2,2
MSC,34853527-02de-460e-9ca8-92b3ac0d0f77,6.0,5.1875,5.666666666666666,75.0,6.5,4.0,0.7400757575757576,34853527,34853527-02de-460e-9ca8-92b3ac0d0f77/processed/34853527-02de-460e-9ca8-92b3ac0d0f77.mp3,female-female,2,2,2,2,2,2,2
MSC,34a130d2-e750-44d9-923c-97ccdc55f60d,8.5,5.375,6.0,82.5,7.0,7.5,0.8950757575757576,34a130d2,34a130d2-e750-44d9-923c-97ccdc55f60d/processed/34a130d2-e750-44d9-923c-97ccdc55f60d.mp3,male-male,2,2,2,2,2,2,2
MSC,34ce2cc2-c709-4852-871b-896a368b0ae6,6.0,3.9375,4.333333333333333,74.0,5.0,4.0,0.6075,34ce2cc2,34ce2cc2-c709-4852-871b-896a368b0ae6/processed/34ce2cc2-c709-4852-871b-896a368b0ae6.mp3,female-male,2,2,2,2,2,2,2
MSC,34feb55e-d811-4684-89a3-362f4297b7fc,7.0,4.625,6.0,67.5,6.0,4.5,0.7277272727272726,34feb55e,34feb55e-d811-4684-89a3-362f4297b7fc/processed/34feb55e-d811-4684-89a3-362f4297b7fc.mp3,female-male,2,2,2,2,2,2,2
MSC,3504e22c-1e69-4e99-928b-f8541539d888,7.5,3.6875,4.833333333333334,72.0,6.0,7.5,0.6562878787878788,3504e22c,3504e22c-1e69-4e99-928b-f8541539d888/processed/3504e22c-1e69-4e99-928b-f8541539d888.mp3,female-male,2,2,2,2,2,2,2
MSC,350d3731-d65a-473f-95b6-f2c6f300ba93,7.5,5.5625,6.5,84.0,6.0,7.0,0.804469696969697,350d3731,350d3731-d65a-473f-95b6-f2c6f300ba93/processed/350d3731-d65a-473f-95b6-f2c6f300ba93.mp3,female-male,2,2,2,2,2,2,2
MSC,352c15a2-c219-41a2-b291-f41f9b9ebbf5,8.5,5.4375,6.333333333333333,85.5,6.5,7.0,0.8768181818181817,352c15a2,352c15a2-c219-41a2-b291-f41f9b9ebbf5/processed/352c15a2-c219-41a2-b291-f41f9b9ebbf5.mp3,male-male,2,2,2,2,2,2,2
MSC,356332e8-4e95-4967-8b20-8635761dc588,8.0,4.8125,5.333333333333334,66.5,7.0,6.0,0.7829545454545455,356332e8,356332e8-4e95-4967-8b20-8635761dc588/processed/356332e8-4e95-4967-8b20-8635761dc588.mp3,male-male,2,2,2,2,2,2,2
MSC,358be89b-e916-4553-8f40-f9dcd1da006e,8.0,5.625,6.5,88.5,6.0,7.5,0.863181818181818,358be89b,358be89b-e916-4553-8f40-f9dcd1da006e/processed/358be89b-e916-4553-8f40-f9dcd1da006e.mp3,female-female,2,2,2,2,2,2,2
MSC,35c172b6-0833-4c9e-ba7d-76e328bd943f,6.5,5.3125,6.666666666666666,72.5,5.5,6.0,0.7027272727272726,35c172b6,35c172b6-0833-4c9e-ba7d-76e328bd943f/processed/35c172b6-0833-4c9e-ba7d-76e328bd943f.mp3,female-male,2,2,2,2,2,2,2
MSC,35d9c472-e6c0-40db-9104-858677fc6b83,8.5,5.8125,6.166666666666666,85.0,6.5,7.0,0.8636363636363636,35d9c472,35d9c472-e6c0-40db-9104-858677fc6b83/processed/35d9c472-e6c0-40db-9104-858677fc6b83.mp3,female-female,2,2,2,2,2,2,2
MSC,35ec4d47-9fa9-4868-b51a-ee38999f7953,8.0,5.0625,6.0,80.5,6.0,8.5,0.7502272727272727,35ec4d47,35ec4d47-9fa9-4868-b51a-ee38999f7953/processed/35ec4d47-9fa9-4868-b51a-ee38999f7953.mp3,female-female,2,2,2,2,2,2,2
MSC,35edb446-16f9-4f3f-a274-f75571d6282e,8.0,6.125,7.0,90.5,6.5,9.0,0.8258333333333333,35edb446,35edb446-16f9-4f3f-a274-f75571d6282e/processed/35edb446-16f9-4f3f-a274-f75571d6282e.mp3,female-female,2,2,2,2,2,2,2
MSC,36c3cfe4-4773-486f-a4c2-28473afbb94c,8.0,6.6875,7.0,73.5,7.0,7.5,0.822121212121212,36c3cfe4,36c3cfe4-4773-486f-a4c2-28473afbb94c/processed/36c3cfe4-4773-486f-a4c2-28473afbb94c.mp3,female-female,2,2,2,2,2,2,2
MSC,36f338b1-bb0e-4c79-b40d-1c584913f262,7.0,5.0625,5.666666666666666,83.5,6.0,6.0,0.7725,36f338b1,36f338b1-bb0e-4c79-b40d-1c584913f262/processed/36f338b1-bb0e-4c79-b40d-1c584913f262.mp3,female-female,2,2,2,2,2,2,2
MSC,36f6f438-7d8d-4c6a-965b-43c17261c091,8.5,6.0,6.5,95.0,7.0,6.0,0.9378787878787879,36f6f438,36f6f438-7d8d-4c6a-965b-43c17261c091/processed/36f6f438-7d8d-4c6a-965b-43c17261c091.mp3,male-male,2,2,2,2,2,2,2
MSC,36fc65e0-03f6-4a9e-8f6d-b9072197ffba,7.0,3.3125,6.333333333333334,70.5,5.5,3.5,0.6746969696969697,36fc65e0,36fc65e0-03f6-4a9e-8f6d-b9072197ffba/processed/36fc65e0-03f6-4a9e-8f6d-b9072197ffba.mp3,contains_MSC_or_unknown,2,2,2,2,2,2,2
MSC,37011b48-f667-4657-a404-e747e702ab4c,6.5,3.6875,4.166666666666666,46.0,5.0,5.5,0.6361363636363636,37011b48,37011b48-f667-4657-a404-e747e702ab4c/processed/37011b48-f667-4657-a404-e747e702ab4c.mp3,male-male,2,2,2,2,2,2,2
MSC,372442fa-0932-4936-9feb-60a62a4d2b6c,4.0,3.375,4.5,59.0,5.0,3.0,0.5259848484848486,372442fa,372442fa-0932-4936-9feb-60a62a4d2b6c/processed/372442fa-0932-4936-9feb-60a62a4d2b6c.mp3,male-male,2,2,2,2,2,2,2
MSC,373764f7-6987-485a-8739-51f37cb46e3d,6.5,4.625,6.0,87.5,6.5,4.0,0.681969696969697,373764f7,373764f7-6987-485a-8739-51f37cb46e3d/processed/373764f7-6987-485a-8739-51f37cb46e3d.mp3,female-female,2,2,2,2,2,2,2
MSC,37431f1e-124e-44ad-9217-12819ff59589,7.5,4.4375,5.333333333333333,68.0,6.0,7.0,0.7498484848484849,37431f1e,37431f1e-124e-44ad-9217-12819ff59589/processed/37431f1e-124e-44ad-9217-12819ff59589.mp3,male-male,2,2,2,2,2,2,2
MSC,374ee3bc-300c-4b66-9965-1220d5667e49,7.0,3.875,5.166666666666666,83.5,5.5,6.5,0.6756060606060605,374ee3bc,374ee3bc-300c-4b66-9965-1220d5667e49/processed/374ee3bc-300c-4b66-9965-1220d5667e49.mp3,female-female,2,2,2,2,2,2,2
MSC,37679d14-0e7f-40e7-9448-ffd0c2daaa09,7.5,5.4375,6.166666666666667,80.0,5.5,7.0,0.7652272727272728,37679d14,37679d14-0e7f-40e7-9448-ffd0c2daaa09/processed/37679d14-0e7f-40e7-9448-ffd0c2daaa09.mp3,male-male,2,2,2,2,2,2,2
HSC,377bc163-b127-4b18-9333-10c8ae16fb96,8.5,5.9375,6.5,100.0,7.0,6.5,0.9659090909090909,377bc163,377bc163-b127-4b18-9333-10c8ae16fb96/processed/377bc163-b127-4b18-9333-10c8ae16fb96.mp3,female-female,2,2,2,2,2,2,2
MSC,37843357-075c-406c-aaef-c6a80d7a5bfe,7.5,5.375,5.166666666666667,65.0,6.0,5.5,0.6201515151515151,37843357,37843357-075c-406c-aaef-c6a80d7a5bfe/processed/37843357-075c-406c-aaef-c6a80d7a5bfe.mp3,female-male,2,2,2,2,2,2,2
MSC,3851cd44-577e-4d78-a45b-5333009f7dad,8.5,5.75,6.666666666666666,88.0,6.5,7.5,0.8754545454545455,3851cd44,3851cd44-577e-4d78-a45b-5333009f7dad/processed/3851cd44-577e-4d78-a45b-5333009f7dad.mp3,female-male,2,2,2,2,2,2,2
MSC,39679832-1a7b-4596-a70b-89fa8c40a6f7,8.0,4.1875,5.666666666666666,80.0,6.5,5.5,0.8162878787878787,39679832,39679832-1a7b-4596-a70b-89fa8c40a6f7/processed/39679832-1a7b-4596-a70b-89fa8c40a6f7.mp3,female-female,2,2,2,2,2,2,2
MSC,397d469d-1ae2-4d4d-8cd4-20ccb3b260de,4.5,3.5,3.3333333333333335,40.0,3.5,3.5,0.5450757575757577,397d469d,397d469d-1ae2-4d4d-8cd4-20ccb3b260de/processed/397d469d-1ae2-4d4d-8cd4-20ccb3b260de.mp3,male-male,2,2,2,2,2,2,2
HSC,3a0b5df2-a40d-4eea-91ce-f95031502c58,9.0,5.25,6.666666666666666,85.0,7.0,4.0,0.9367424242424243,3a0b5df2,3a0b5df2-a40d-4eea-91ce-f95031502c58/processed/3a0b5df2-a40d-4eea-91ce-f95031502c58.mp3,female-female,2,2,2,2,2,2,2
MSC,3a18db1d-a49e-48ee-b598-545465442c74,7.5,4.625,6.0,77.0,7.0,4.0,0.7603030303030303,3a18db1d,3a18db1d-a49e-48ee-b598-545465442c74/processed/3a18db1d-a49e-48ee-b598-545465442c74.mp3,female-female,2,2,2,2,2,2,2
MSC,3a47cc58-f351-4050-b06f-a0b505f2e7da,6.5,4.0625,6.166666666666666,70.5,5.5,5.0,0.6728030303030303,3a47cc58,3a47cc58-f351-4050-b06f-a0b505f2e7da/processed/3a47cc58-f351-4050-b06f-a0b505f2e7da.mp3,female-female,2,2,2,2,2,2,2
MSC,3a51d3fd-a343-4177-b48e-a694a14c5891,8.5,4.9375,6.0,83.5,6.5,6.5,0.8486363636363636,3a51d3fd,3a51d3fd-a343-4177-b48e-a694a14c5891/processed/3a51d3fd-a343-4177-b48e-a694a14c5891.mp3,female-male,2,2,2,2,2,2,2
MSC,3a5a4eec-b25f-4d92-badd-5ec53ab52847,7.5,5.5625,6.0,82.5,6.5,6.0,0.7915151515151515,3a5a4eec,3a5a4eec-b25f-4d92-badd-5ec53ab52847/processed/3a5a4eec-b25f-4d92-badd-5ec53ab52847.mp3,female-female,2,2,2,2,2,2,2
MSC,3ac003e3-80b0-4aae-a30d-7c3749f2ede7,8.0,5.6875,6.5,87.0,6.0,6.0,0.8462121212121212,3ac003e3,3ac003e3-80b0-4aae-a30d-7c3749f2ede7/processed/3ac003e3-80b0-4aae-a30d-7c3749f2ede7.mp3,female-female,2,2,2,2,2,2,2
MSC,3ad6d382-667f-47d4-bbc6-12c60928c4b2,8.5,5.3125,6.5,84.5,7.0,6.0,0.8690151515151515,3ad6d382,3ad6d382-667f-47d4-bbc6-12c60928c4b2/processed/3ad6d382-667f-47d4-bbc6-12c60928c4b2.mp3,female-male,2,2,2,2,2,2,2
MSC,3b0194a8-6776-4c86-9696-19b9268d548a,8.5,4.9375,6.166666666666666,85.5,7.0,7.0,0.8812121212121212,3b0194a8,3b0194a8-6776-4c86-9696-19b9268d548a/processed/3b0194a8-6776-4c86-9696-19b9268d548a.mp3,female-male,2,2,2,2,2,2,2
MSC,3b130d42-5bfd-41c0-a5a0-30779f70b65a,6.0,3.9375,5.5,52.5,4.5,6.0,0.5473484848484849,3b130d42,3b130d42-5bfd-41c0-a5a0-30779f70b65a/processed/3b130d42-5bfd-41c0-a5a0-30779f70b65a.mp3,female-male,2,2,2,2,2,2,2
MSC,3b187562-d53d-44b1-b8d0-2c6dd7cb08d5,8.0,5.125,6.166666666666667,77.5,6.0,7.0,0.8048484848484849,3b187562,3b187562-d53d-44b1-b8d0-2c6dd7cb08d5/processed/3b187562-d53d-44b1-b8d0-2c6dd7cb08d5.mp3,female-male,2,2,2,2,2,2,2
MSC,3b34cc10-e694-434e-8b4c-ddd9c19d0153,8.5,5.625,6.166666666666666,90.0,7.0,7.0,0.8295454545454546,3b34cc10,3b34cc10-e694-434e-8b4c-ddd9c19d0153/processed/3b34cc10-e694-434e-8b4c-ddd9c19d0153.mp3,female-male,2,2,2,2,2,2,2
MSC,3b478687-dce5-410c-906b-765e9da86e3d,7.5,4.8125,6.0,64.0,6.0,6.0,0.7302272727272727,3b478687,3b478687-dce5-410c-906b-765e9da86e3d/processed/3b478687-dce5-410c-906b-765e9da86e3d.mp3,female-male,2,2,2,2,2,2,2
MSC,3b6c1e76-b603-4b55-adf8-a715c2d0e7ee,6.0,6.1875,5.166666666666666,67.5,5.0,7.0,0.5993181818181819,3b6c1e76,3b6c1e76-b603-4b55-adf8-a715c2d0e7ee/processed/3b6c1e76-b603-4b55-adf8-a715c2d0e7ee.mp3,female-male,2,2,2,2,2,2,2
MSC,3bdc16b8-2b33-41c1-9375-d960f4d01e0b,8.0,5.625,6.666666666666666,87.5,6.5,6.5,0.9,3bdc16b8,3bdc16b8-2b33-41c1-9375-d960f4d01e0b/processed/3bdc16b8-2b33-41c1-9375-d960f4d01e0b.mp3,female-male,2,2,2,2,2,2,2
MSC,3c27cd73-51a0-4787-b568-3456a6ceb3e3,9.0,5.25,6.5,95.0,7.0,7.5,0.8918939393939394,3c27cd73,3c27cd73-51a0-4787-b568-3456a6ceb3e3/processed/3c27cd73-51a0-4787-b568-3456a6ceb3e3.mp3,female-male,2,2,2,2,2,2,2
MSC,3c923944-0979-45d1-8396-a72dd9ec55d2,7.0,4.375,5.333333333333333,65.0,5.5,6.5,0.7131818181818181,3c923944,3c923944-0979-45d1-8396-a72dd9ec55d2/processed/3c923944-0979-45d1-8396-a72dd9ec55d2.mp3,female-male,2,2,2,2,2,2,2
MSC,3ce23d92-f8bb-4d74-b428-57f723fe4ad4,7.5,4.875,6.333333333333334,82.0,6.5,3.5,0.6969696969696969,3ce23d92,3ce23d92-f8bb-4d74-b428-57f723fe4ad4/processed/3ce23d92-f8bb-4d74-b428-57f723fe4ad4.mp3,female-male,2,2,2,2,2,2,2
MSC,3d05e6d6-51f2-4365-b6eb-c6a8621c3a27,8.5,4.4375,5.833333333333334,72.5,7.0,6.5,0.860378787878788,3d05e6d6,3d05e6d6-51f2-4365-b6eb-c6a8621c3a27/processed/3d05e6d6-51f2-4365-b6eb-c6a8621c3a27.mp3,female-male,2,2,2,2,2,2,2
MSC,3d0bac4f-4edb-4497-abf3-5e0c31045d8f,7.5,3.9375,5.5,91.0,6.5,6.5,0.7472727272727273,3d0bac4f,3d0bac4f-4edb-4497-abf3-5e0c31045d8f/processed/3d0bac4f-4edb-4497-abf3-5e0c31045d8f.mp3,female-male,2,2,2,2,2,2,2
MSC,3d91cef4-984f-480e-861e-cefc7e8c7546,7.5,4.3125,5.666666666666666,79.5,6.0,7.5,0.7636363636363637,3d91cef4,3d91cef4-984f-480e-861e-cefc7e8c7546/processed/3d91cef4-984f-480e-861e-cefc7e8c7546.mp3,female-male,2,2,2,2,2,2,2
MSC,3de1bfb4-526d-4d0b-93d0-7f763b9a6de7,5.0,4.25,5.0,55.0,4.0,4.0,0.5090909090909091,3de1bfb4,3de1bfb4-526d-4d0b-93d0-7f763b9a6de7/processed/3de1bfb4-526d-4d0b-93d0-7f763b9a6de7.mp3,male-male,2,2,2,2,2,2,2
MSC,3dec4f1c-bb27-4c5a-9b59-bcd7c88331d4,8.0,6.4375,6.0,81.5,6.5,8.0,0.8027272727272727,3dec4f1c,3dec4f1c-bb27-4c5a-9b59-bcd7c88331d4/processed/3dec4f1c-bb27-4c5a-9b59-bcd7c88331d4.mp3,female-male,2,2,2,2,2,2,2
MSC,3e3beb5d-0b8c-4be1-99f5-c6175a3a57c3,7.5,3.9375,6.0,79.5,6.5,6.0,0.759090909090909,3e3beb5d,3e3beb5d-0b8c-4be1-99f5-c6175a3a57c3/processed/3e3beb5d-0b8c-4be1-99f5-c6175a3a57c3.mp3,female-female,2,2,2,2,2,2,2
MSC,3e4b373e-f0c5-49f1-9bf0-20332f3ec712,7.0,4.25,6.333333333333334,77.0,6.5,6.0,0.8033333333333333,3e4b373e,3e4b373e-f0c5-49f1-9bf0-20332f3ec712/processed/3e4b373e-f0c5-49f1-9bf0-20332f3ec712.mp3,female-female,2,2,2,2,2,2,2
HSC,3e53be18-2e59-4bcd-a5df-08ac30669ef6,9.0,6.5,7.0,92.5,7.0,8.5,0.9659090909090908,3e53be18,3e53be18-2e59-4bcd-a5df-08ac30669ef6/processed/3e53be18-2e59-4bcd-a5df-08ac30669ef6.mp3,female-female,2,2,2,2,2,2,2
MSC,3eb02a3e-10a7-4927-a967-6d39e43edc0f,8.0,6.25,7.0,93.5,7.0,7.0,0.8387878787878787,3eb02a3e,3eb02a3e-10a7-4927-a967-6d39e43edc0f/processed/3eb02a3e-10a7-4927-a967-6d39e43edc0f.mp3,female-female,2,2,2,2,2,2,2
MSC,3ecb7213-5034-4d15-83b6-6347ba6c7aa1,8.0,5.4375,6.0,81.0,6.0,5.5,0.7797727272727273,3ecb7213,3ecb7213-5034-4d15-83b6-6347ba6c7aa1/processed/3ecb7213-5034-4d15-83b6-6347ba6c7aa1.mp3,male-male,2,2,2,2,2,2,2
LSC,3edbfb87-6b83-4dd0-a4d8-09ca1eba6a3e,5.0,3.6875,5.666666666666666,40.0,4.0,5.0,0.5113636363636364,3edbfb87,3edbfb87-6b83-4dd0-a4d8-09ca1eba6a3e/processed/3edbfb87-6b83-4dd0-a4d8-09ca1eba6a3e.mp3,male-male,2,2,2,2,2,2,2
MSC,3f0961fd-c5b8-416a-9485-2b58bf333c71,7.0,3.5625,5.5,70.5,5.0,5.5,0.646060606060606,3f0961fd,3f0961fd-c5b8-416a-9485-2b58bf333c71/processed/3f0961fd-c5b8-416a-9485-2b58bf333c71.mp3,male-male,2,2,2,2,2,2,2
MSC,3f0b4178-05d8-414b-9b4e-1164daa6ca25,8.0,4.25,5.5,70.0,6.5,5.5,0.7278030303030303,3f0b4178,3f0b4178-05d8-414b-9b4e-1164daa6ca25/processed/3f0b4178-05d8-414b-9b4e-1164daa6ca25.mp3,female-female,2,2,2,2,2,2,2
MSC,3f6ccd7e-66b6-4d5e-bacd-a812868363d6,6.5,4.125,4.833333333333333,55.0,5.0,5.5,0.7043939393939394,3f6ccd7e,3f6ccd7e-66b6-4d5e-bacd-a812868363d6/processed/3f6ccd7e-66b6-4d5e-bacd-a812868363d6.mp3,female-female,2,2,2,2,2,2,2
MSC,3f8e18be-c2a6-4f6f-b35f-eeb24fa4a587,7.5,5.9375,5.666666666666666,76.0,6.0,5.0,0.7918939393939394,3f8e18be,3f8e18be-c2a6-4f6f-b35f-eeb24fa4a587/processed/3f8e18be-c2a6-4f6f-b35f-eeb24fa4a587.mp3,female-male,2,2,2,2,2,2,2
MSC,4035f17c-61f5-4976-9b10-c682def66b36,4.0,4.1875,4.0,46.5,3.0,4.5,0.40704545454545454,4035f17c,4035f17c-61f5-4976-9b10-c682def66b36/processed/4035f17c-61f5-4976-9b10-c682def66b36.mp3,female-male,2,2,2,2,2,2,2
LSC,404a442d-2399-435f-b1f5-e4abb0953517,4.0,2.75,4.833333333333333,24.5,3.0,2.0,0.44780303030303026,404a442d,404a442d-2399-435f-b1f5-e4abb0953517/processed/404a442d-2399-435f-b1f5-e4abb0953517.mp3,male-male,2,2,2,2,2,2,2
MSC,40597f35-77f2-4834-bc1c-7cba59be2597,8.5,6.375,7.0,92.0,7.0,7.5,0.8968939393939394,40597f35,40597f35-77f2-4834-bc1c-7cba59be2597/processed/40597f35-77f2-4834-bc1c-7cba59be2597.mp3,male-male,2,2,2,2,2,2,2
MSC,4068e5ec-1e1a-42f1-979b-0dd423fa2c48,9.0,5.875,6.5,97.5,7.0,8.5,0.9433333333333334,4068e5ec,4068e5ec-1e1a-42f1-979b-0dd423fa2c48/processed/4068e5ec-1e1a-42f1-979b-0dd423fa2c48.mp3,female-female,2,2,2,2,2,2,2
MSC,408ffd36-dc4a-4521-9349-7060ab14a6a7,6.5,3.5,4.5,83.0,6.0,6.0,0.6657575757575758,408ffd36,408ffd36-dc4a-4521-9349-7060ab14a6a7/processed/408ffd36-dc4a-4521-9349-7060ab14a6a7.mp3,female-female,2,2,2,2,2,2,2
MSC,40d9ff29-4edc-4570-b980-fcdf70bb1629,8.5,5.5625,6.833333333333334,84.0,6.5,8.0,0.8676515151515152,40d9ff29,40d9ff29-4edc-4570-b980-fcdf70bb1629/processed/40d9ff29-4edc-4570-b980-fcdf70bb1629.mp3,male-male,2,2,2,2,2,2,2
HSC,40e347bb-13d7-44bf-859c-19f70a470f66,9.0,5.25,6.5,95.0,7.0,8.0,0.9615151515151515,40e347bb,40e347bb-13d7-44bf-859c-19f70a470f66/processed/40e347bb-13d7-44bf-859c-19f70a470f66.mp3,female-male,2,2,2,2,2,2,2
MSC,41126a20-ce2c-4eab-90af-9455356e03bb,7.0,4.8125,6.166666666666666,80.5,6.0,5.0,0.7398484848484849,41126a20,41126a20-ce2c-4eab-90af-9455356e03bb/processed/41126a20-ce2c-4eab-90af-9455356e03bb.mp3,female-male,2,2,2,2,2,2,2
MSC,4176d548-8d1b-4a5a-8f94-3a28dd50370d,8.0,5.5625,6.0,82.5,6.0,7.5,0.7890151515151516,4176d548,4176d548-8d1b-4a5a-8f94-3a28dd50370d/processed/4176d548-8d1b-4a5a-8f94-3a28dd50370d.mp3,female-male,2,2,2,2,2,2,2
MSC,41883195-c82b-4192-9c12-7336fe02c163,7.5,5.0625,6.0,76.5,5.5,6.5,0.6937878787878788,41883195,41883195-c82b-4192-9c12-7336fe02c163/processed/41883195-c82b-4192-9c12-7336fe02c163.mp3,male-male,2,2,2,2,2,2,2
MSC,419c2d57-3d26-4c4e-a5a5-de392846532f,7.5,4.9375,6.166666666666667,72.5,6.5,4.0,0.7121212121212122,419c2d57,419c2d57-3d26-4c4e-a5a5-de392846532f/processed/419c2d57-3d26-4c4e-a5a5-de392846532f.mp3,male-male,2,2,2,2,2,2,2
MSC,41a622a8-3c9f-4546-8333-d9d6e57cbd45,6.5,5.0,5.833333333333334,63.0,5.0,5.5,0.6453030303030303,41a622a8,41a622a8-3c9f-4546-8333-d9d6e57cbd45/processed/41a622a8-3c9f-4546-8333-d9d6e57cbd45.mp3,female-male,2,2,2,2,2,2,2
MSC,41b5746a-0546-4c67-b262-a61ed5a6af2b,8.0,4.875,5.666666666666666,78.5,6.5,8.0,0.825530303030303,41b5746a,41b5746a-0546-4c67-b262-a61ed5a6af2b/processed/41b5746a-0546-4c67-b262-a61ed5a6af2b.mp3,female-male,2,2,2,2,2,2,2
MSC,41ebdc70-fa5a-4e8f-ae1e-952936a7b338,7.5,4.5625,6.166666666666666,75.5,6.5,4.0,0.7758333333333334,41ebdc70,41ebdc70-fa5a-4e8f-ae1e-952936a7b338/processed/41ebdc70-fa5a-4e8f-ae1e-952936a7b338.mp3,female-female,2,2,2,2,2,2,2
MSC,41ec5281-ba08-4f5b-9d68-2dcd0d678501,6.0,3.625,4.833333333333334,37.5,4.5,4.0,0.5462121212121211,41ec5281,41ec5281-ba08-4f5b-9d68-2dcd0d678501/processed/41ec5281-ba08-4f5b-9d68-2dcd0d678501.mp3,female-male,2,2,2,2,2,2,2
MSC,422209b1-bd5c-4bd4-9f68-760bb1b54b9e,7.5,5.5,6.0,86.0,6.5,7.0,0.8850757575757575,422209b1,422209b1-bd5c-4bd4-9f68-760bb1b54b9e/processed/422209b1-bd5c-4bd4-9f68-760bb1b54b9e.mp3,female-female,2,2,2,2,2,2,2
MSC,42ce8122-bc6c-4c25-8e90-0cb2f2406432,7.5,5.4375,6.5,87.0,6.5,7.0,0.8004545454545453,42ce8122,42ce8122-bc6c-4c25-8e90-0cb2f2406432/processed/42ce8122-bc6c-4c25-8e90-0cb2f2406432.mp3,female-male,2,2,2,2,2,2,2
MSC,42d99fff-daee-41bc-ba4a-55b6a787e51d,7.5,5.125,5.5,86.0,6.5,7.0,0.7674242424242426,42d99fff,42d99fff-daee-41bc-ba4a-55b6a787e51d/processed/42d99fff-daee-41bc-ba4a-55b6a787e51d.mp3,female-female,2,2,2,2,2,2,2
MSC,432efb26-fdcd-4a4c-8fa1-11310c0b96e3,8.5,5.5625,6.166666666666666,77.0,7.0,7.0,0.825530303030303,432efb26,432efb26-fdcd-4a4c-8fa1-11310c0b96e3/processed/432efb26-fdcd-4a4c-8fa1-11310c0b96e3.mp3,contains_MSC_or_unknown,2,2,2,2,2,2,2
HSC,433c9a8c-8a0e-4eb4-8a32-d366a5aeee84,9.0,6.3125,6.5,95.0,7.0,9.0,0.9711363636363637,433c9a8c,433c9a8c-8a0e-4eb4-8a32-d366a5aeee84/processed/433c9a8c-8a0e-4eb4-8a32-d366a5aeee84.mp3,male-male,2,2,2,2,2,2,2
MSC,434a157f-6239-4e66-865b-4764e72ed918,9.0,5.6875,7.0,86.0,7.0,8.0,0.9059090909090908,434a157f,434a157f-6239-4e66-865b-4764e72ed918/processed/434a157f-6239-4e66-865b-4764e72ed918.mp3,female-male,2,2,2,2,2,2,2
MSC,43540c29-7c51-4fc8-8bda-fe8614340c64,7.5,5.0625,6.0,76.5,6.0,6.0,0.8159090909090909,43540c29,43540c29-7c51-4fc8-8bda-fe8614340c64/processed/43540c29-7c51-4fc8-8bda-fe8614340c64.mp3,male-male,2,2,2,2,2,2,2
MSC,43741688-7c5f-4a12-9a5d-956cd04c8e4c,7.5,4.6875,5.666666666666666,83.0,6.5,7.0,0.8188636363636363,43741688,43741688-7c5f-4a12-9a5d-956cd04c8e4c/processed/43741688-7c5f-4a12-9a5d-956cd04c8e4c.mp3,contains_MSC_or_unknown,2,2,2,2,2,2,2
HSC,437d7142-ef5c-4c73-a958-21e32cd3a75a,9.0,6.0625,7.0,91.0,7.0,9.0,0.9195454545454546,437d7142,437d7142-ef5c-4c73-a958-21e32cd3a75a/processed/437d7142-ef5c-4c73-a958-21e32cd3a75a.mp3,male-male,2,2,2,2,2,2,2
LSC,43a0eb07-4a0c-4766-bdcf-00eb87dfbb5d,4.0,2.5,5.166666666666667,35.0,3.5,3.5,0.44280303030303025,43a0eb07,43a0eb07-4a0c-4766-bdcf-00eb87dfbb5d/processed/43a0eb07-4a0c-4766-bdcf-00eb87dfbb5d.mp3,female-male,2,2,2,2,2,2,2
MSC,43a2d7da-fee2-403e-8e99-5d6e124ae89d,7.0,4.8125,6.0,71.5,5.0,6.0,0.6825757575757576,43a2d7da,43a2d7da-fee2-403e-8e99-5d6e124ae89d/processed/43a2d7da-fee2-403e-8e99-5d6e124ae89d.mp3,male-male,2,2,2,2,2,2,2
MSC,43f39618-a519-4bb6-b734-f834d0c641a2,6.0,4.3125,4.666666666666666,45.5,4.5,5.0,0.6509848484848485,43f39618,43f39618-a519-4bb6-b734-f834d0c641a2/processed/43f39618-a519-4bb6-b734-f834d0c641a2.mp3,contains_MSC_or_unknown,2,2,2,2,2,2,2
MSC,442dea44-b336-4903-9d01-47c8ca7a9a58,8.5,4.625,6.0,95.5,7.0,6.0,0.9018181818181817,442dea44,442dea44-b336-4903-9d01-47c8ca7a9a58/processed/442dea44-b336-4903-9d01-47c8ca7a9a58.mp3,female-male,2,2,2,2,2,2,2
MSC,443305b9-c33d-4bbf-a719-db9c64e43a46,8.5,4.6875,6.666666666666666,95.0,7.0,4.0,0.8871212121212122,443305b9,443305b9-c33d-4bbf-a719-db9c64e43a46/processed/443305b9-c33d-4bbf-a719-db9c64e43a46.mp3,female-female,2,2,2,2,2,2,2
MSC,4456c827-9147-4474-a330-53de8c96172a,8.5,5.9375,6.5,87.5,6.0,7.5,0.8700000000000001,4456c827,4456c827-9147-4474-a330-53de8c96172a/processed/4456c827-9147-4474-a330-53de8c96172a.mp3,female-female,2,2,2,2,2,2,2
MSC,446fe8dc-1619-4c44-a4bd-8cbb48a2bca1,7.0,5.375,5.666666666666667,80.0,6.0,6.0,0.7746969696969697,446fe8dc,446fe8dc-1619-4c44-a4bd-8cbb48a2bca1/processed/446fe8dc-1619-4c44-a4bd-8cbb48a2bca1.mp3,contains_MSC_or_unknown,1,1,1,1,1,1,1
MSC,447ce27f-8e0a-4219-8aab-7f4f8411c037,6.5,5.1875,5.666666666666666,60.0,5.5,6.5,0.6078787878787879,447ce27f,447ce27f-8e0a-4219-8aab-7f4f8411c037/processed/447ce27f-8e0a-4219-8aab-7f4f8411c037.mp3,female-male,2,2,2,2,2,2,2
MSC,44e03fdf-acae-40e9-909a-70826aebe7d7,7.5,4.75,5.833333333333334,77.5,6.0,6.5,0.7292424242424242,44e03fdf,44e03fdf-acae-40e9-909a-70826aebe7d7/processed/44e03fdf-acae-40e9-909a-70826aebe7d7.mp3,female-female,2,2,2,2,2,2,2
MSC,4523b310-1fd8-42c0-b2c0-ecbc219382cb,6.0,4.4375,5.666666666666666,54.5,4.5,7.0,0.7293939393939395,4523b310,4523b310-1fd8-42c0-b2c0-ecbc219382cb/processed/4523b310-1fd8-42c0-b2c0-ecbc219382cb.mp3,female-male,2,2,2,2,2,2,2
MSC,4534b849-b002-42f2-84e7-d2cc9e73fa24,5.5,3.125,4.333333333333333,57.5,4.5,5.0,0.5874242424242424,4534b849,4534b849-b002-42f2-84e7-d2cc9e73fa24/processed/4534b849-b002-42f2-84e7-d2cc9e73fa24.mp3,female-male,2,2,2,2,2,2,2
HSC,45389a74-f82e-4a2a-b553-5eea7be9e935,9.0,6.125,7.0,93.0,7.0,9.0,0.9590151515151515,45389a74,45389a74-f82e-4a2a-b553-5eea7be9e935/processed/45389a74-f82e-4a2a-b553-5eea7be9e935.mp3,female-male,2,2,2,2,2,2,2
MSC,4538cb0c-5102-4971-bd22-9767cc23e8bf,8.0,6.125,5.666666666666667,84.0,6.5,7.5,0.8240909090909091,4538cb0c,4538cb0c-5102-4971-bd22-9767cc23e8bf/processed/4538cb0c-5102-4971-bd22-9767cc23e8bf.mp3,female-female,2,2,2,2,2,2,2
MSC,457f0b31-a9c2-4d6e-9564-7aa2f17a66ed,8.0,5.625,6.0,82.0,7.0,7.0,0.782348484848485,457f0b31,457f0b31-a9c2-4d6e-9564-7aa2f17a66ed/processed/457f0b31-a9c2-4d6e-9564-7aa2f17a66ed.mp3,female-female,2,2,2,2,2,2,2
MSC,45c948a5-a1fb-4e9b-b754-049923156b2a,7.0,2.6875,4.833333333333333,70.0,6.0,3.0,0.7132575757575758,45c948a5,45c948a5-a1fb-4e9b-b754-049923156b2a/processed/45c948a5-a1fb-4e9b-b754-049923156b2a.mp3,female-female,2,2,2,2,2,2,2
MSC,4605e087-d60c-4cfe-8ffc-7c5c2f513da9,8.5,5.625,6.5,80.0,6.0,6.0,0.8018939393939394,4605e087,4605e087-d60c-4cfe-8ffc-7c5c2f513da9/processed/4605e087-d60c-4cfe-8ffc-7c5c2f513da9.mp3,female-male,2,2,2,2,2,2,2
MSC,4627ba77-c545-43cc-89a9-7c10184051c4,8.0,4.5,5.0,77.5,6.5,4.5,0.8617424242424243,4627ba77,4627ba77-c545-43cc-89a9-7c10184051c4/processed/4627ba77-c545-43cc-89a9-7c10184051c4.mp3,female-female,2,2,2,2,2,2,2
UNSCORED,4652239e-2e52-4454-bc57-ac93467deae6,9.0,6.1875,6.666666666666666,87.5,7.0,8.0,0.9242424242424243,4652239e,4652239e-2e52-4454-bc57-ac93467deae6/processed/4652239e-2e52-4454-bc57-ac93467deae6.mp3,female-male,2,2,2,2,2,2,2
MSC,46561ffd-6a0b-4958-b158-8e1d3cad91e2,6.5,3.4375,4.5,45.0,5.0,3.0,0.5845454545454546,46561ffd,46561ffd-6a0b-4958-b158-8e1d3cad91e2/processed/46561ffd-6a0b-4958-b158-8e1d3cad91e2.mp3,female-male,2,2,2,2,2,2,2
MSC,465c43c3-cf89-4797-80d9-4595e5d251d0,8.0,4.1875,5.666666666666666,55.0,6.0,4.0,0.6814393939393939,465c43c3,465c43c3-cf89-4797-80d9-4595e5d251d0/processed/465c43c3-cf89-4797-80d9-4595e5d251d0.mp3,female-female,2,2,2,2,2,2,2
MSC,46747c83-d53f-43a6-9de0-17298e3b633f,8.5,5.5625,5.666666666666667,75.5,6.5,7.5,0.8311363636363637,46747c83,46747c83-d53f-43a6-9de0-17298e3b633f/processed/46747c83-d53f-43a6-9de0-17298e3b633f.mp3,female-male,2,2,2,2,2,2,2
MSC,4680605f-b06d-4456-ad6e-6c4427175e4e,7.5,4.9375,6.0,73.0,6.5,6.0,0.7541666666666667,4680605f,4680605f-b06d-4456-ad6e-6c4427175e4e/processed/4680605f-b06d-4456-ad6e-6c4427175e4e.mp3,contains_MSC_or_unknown,2,2,2,2,2,2,2
MSC,46d14a01-720f-4d43-a00a-16e8a34835d4,8.5,4.75,6.166666666666666,81.5,7.0,7.5,0.8133333333333332,46d14a01,46d14a01-720f-4d43-a00a-16e8a34835d4/processed/46d14a01-720f-4d43-a00a-16e8a34835d4.mp3,female-male,2,2,2,2,2,2,2
MSC,46e04d30-d787-40ea-a84e-95222ee4a17b,6.5,5.4375,5.333333333333334,63.0,5.0,5.5,0.6487121212121212,46e04d30,46e04d30-d787-40ea-a84e-95222ee4a17b/processed/46e04d30-d787-40ea-a84e-95222ee4a17b.mp3,male-male,2,2,2,2,2,2,2
MSC,46f8e9b8-f80a-48cf-90a0-2e29908202c0,4.0,3.0625,5.0,26.5,3.0,3.0,0.4651515151515152,46f8e9b8,46f8e9b8-f80a-48cf-90a0-2e29908202c0/processed/46f8e9b8-f80a-48cf-90a0-2e29908202c0.mp3,male-male,2,2,2,2,2,2,2
MSC,473435df-b97f-4c9f-a8e2-8e3fc66a8902,7.5,4.375,6.0,76.5,6.0,6.0,0.7831818181818182,473435df,473435df-b97f-4c9f-a8e2-8e3fc66a8902/processed/473435df-b97f-4c9f-a8e2-8e3fc66a8902.mp3,female-female,2,2,2,2,2,2,2
MSC,47468b6f-b49a-47b3-94ba-d9a05e84cbb9,8.5,3.875,6.5,80.0,6.5,8.0,0.8401515151515151,47468b6f,47468b6f-b49a-47b3-94ba-d9a05e84cbb9/processed/47468b6f-b49a-47b3-94ba-d9a05e84cbb9.mp3,female-male,2,2,2,2,2,2,2
MSC,474ab563-0623-448f-b2f6-13505ae80fa4,5.0,3.875,5.0,48.5,4.5,5.0,0.5857575757575758,474ab563,474ab563-0623-448f-b2f6-13505ae80fa4/processed/474ab563-0623-448f-b2f6-13505ae80fa4.mp3,female-female,2,2,2,2,2,2,2
MSC,47617931-c2c7-4ae5-8648-5a9aab0498e9,8.0,6.125,6.5,75.0,6.5,6.0,0.8693181818181819,47617931,47617931-c2c7-4ae5-8648-5a9aab0498e9/processed/47617931-c2c7-4ae5-8648-5a9aab0498e9.mp3,male-male,2,2,2,2,2,2,2
MSC,477392a5-4d62-4530-864e-446dd8be3bfb,6.0,4.25,5.5,47.5,4.5,4.5,0.5958333333333334,477392a5,477392a5-4d62-4530-864e-446dd8be3bfb/processed/477392a5-4d62-4530-864e-446dd8be3bfb.mp3,male-male,2,2,2,2,2,2,2
MSC,47bdad94-7b02-47a7-85da-503a869a5c33,6.0,4.125,4.833333333333334,78.0,6.0,5.0,0.6940909090909091,47bdad94,47bdad94-7b02-47a7-85da-503a869a5c33/processed/47bdad94-7b02-47a7-85da-503a869a5c33.mp3,male-male,2,2,2,2,2,2,2
MSC,47e11fd0-9ceb-4ffa-ad74-0203e28427b3,9.0,6.125,6.5,91.5,7.0,7.5,0.8978787878787879,47e11fd0,47e11fd0-9ceb-4ffa-ad74-0203e28427b3/processed/47e11fd0-9ceb-4ffa-ad74-0203e28427b3.mp3,female-male,2,2,2,2,2,2,2
HSC,4857d57c-b994-4116-aeba-af8ab658ad36,9.0,4.5625,6.5,95.0,7.0,6.0,0.9246969696969698,4857d57c,4857d57c-b994-4116-aeba-af8ab658ad36/processed/4857d57c-b994-4116-aeba-af8ab658ad36.mp3,female-male,2,2,2,2,2,2,2
MSC,485ab0d1-e649-4c0b-8a60-49b2ee46dc6b,5.0,3.5625,5.5,60.0,4.5,2.5,0.49590909090909097,485ab0d1,485ab0d1-e649-4c0b-8a60-49b2ee46dc6b/processed/485ab0d1-e649-4c0b-8a60-49b2ee46dc6b.mp3,female-female,2,2,2,2,2,2,2
MSC,48622ac9-189b-47cd-8eb4-3e6d93ba462e,7.5,4.3125,5.666666666666666,86.0,5.5,6.5,0.7738636363636364,48622ac9,48622ac9-189b-47cd-8eb4-3e6d93ba462e/processed/48622ac9-189b-47cd-8eb4-3e6d93ba462e.mp3,female-male,2,2,2,2,2,2,2
MSC,4877ecf5-5ac4-4f51-9e08-d1df2adb0d67,5.0,3.375,6.166666666666666,65.0,5.0,3.0,0.5446969696969697,4877ecf5,4877ecf5-5ac4-4f51-9e08-d1df2adb0d67/processed/4877ecf5-5ac4-4f51-9e08-d1df2adb0d67.mp3,female-female,2,2,2,2,2,2,2
MSC,48a4206e-f458-4736-93fd-02436b76cfb8,7.5,4.375,6.0,75.0,6.5,6.5,0.8037878787878787,48a4206e,48a4206e-f458-4736-93fd-02436b76cfb8/processed/48a4206e-f458-4736-93fd-02436b76cfb8.mp3,female-female,2,2,2,2,2,2,2
MSC,48ced667-0e23-4a32-b880-99c2504af593,8.0,4.5,6.666666666666666,75.5,6.5,7.0,0.7699242424242424,48ced667,48ced667-0e23-4a32-b880-99c2504af593/processed/48ced667-0e23-4a32-b880-99c2504af593.mp3,female-male,2,2,2,2,2,2,2
MSC,48d0dad2-2bfb-4c22-ac49-139a62dda270,8.0,4.0625,5.833333333333334,80.0,6.0,6.0,0.7517424242424243,48d0dad2,48d0dad2-2bfb-4c22-ac49-139a62dda270/processed/48d0dad2-2bfb-4c22-ac49-139a62dda270.mp3,male-male,2,2,2,2,2,2,2
MSC,48e16099-0003-482b-8c50-3ce4e9fc26af,7.5,4.9375,6.333333333333334,83.0,6.5,5.5,0.7748484848484849,48e16099,48e16099-0003-482b-8c50-3ce4e9fc26af/processed/48e16099-0003-482b-8c50-3ce4e9fc26af.mp3,female-male,2,2,2,2,2,2,2
MSC,48f6f030-7973-4888-ac2a-0099e8636b88,8.0,5.8125,6.5,84.0,6.5,7.5,0.7770454545454545,48f6f030,48f6f030-7973-4888-ac2a-0099e8636b88/processed/48f6f030-7973-4888-ac2a-0099e8636b88.mp3,male-male,2,2,2,2,2,2,2
MSC,49090cf7-f049-469d-91d6-e66e4f68059d,6.5,4.625,5.166666666666666,65.5,5.5,4.5,0.6937121212121211,49090cf7,49090cf7-f049-469d-91d6-e66e4f68059d/processed/49090cf7-f049-469d-91d6-e66e4f68059d.mp3,female-female,2,2,2,2,2,2,2
MSC,491f9074-6f14-4ecd-a809-700599d28d82,6.0,3.5625,6.333333333333334,47.5,5.5,5.0,0.608030303030303,491f9074,491f9074-6f14-4ecd-a809-700599d28d82/processed/491f9074-6f14-4ecd-a809-700599d28d82.mp3,female-male,2,2,2,2,2,2,2
MSC,492a9916-3e2b-4d3c-acac-e3161eb7e996,7.5,5.125,6.0,75.0,6.0,5.0,0.7025,492a9916,492a9916-3e2b-4d3c-acac-e3161eb7e996/processed/492a9916-3e2b-4d3c-acac-e3161eb7e996.mp3,female-male,2,2,2,2,2,2,2
MSC,49694675-cacf-452d-a940-3c93987126ef,8.0,5.0,6.0,80.0,6.0,6.0,0.7551515151515151,49694675,49694675-cacf-452d-a940-3c93987126ef/processed/49694675-cacf-452d-a940-3c93987126ef.mp3,contains_MSC_or_unknown,1,1,1,1,1,1,1
MSC,499f7caa-f087-40d4-a376-3533b36ff34b,6.5,3.4375,6.0,65.5,5.0,4.5,0.6646969696969698,499f7caa,499f7caa-f087-40d4-a376-3533b36ff34b/processed/499f7caa-f087-40d4-a376-3533b36ff34b.mp3,contains_MSC_or_unknown,2,2,2,2,2,2,2
MSC,49c1c576-58c8-451a-8ee3-07aac2149127,6.5,5.1875,6.333333333333333,75.0,5.5,7.0,0.6901515151515152,49c1c576,49c1c576-58c8-451a-8ee3-07aac2149127/processed/49c1c576-58c8-451a-8ee3-07aac2149127.mp3,male-male,2,2,2,2,2,2,2
MSC,49c24a69-fdf4-4f85-8131-b5d24067197f,6.5,4.375,5.833333333333334,50.0,6.5,4.5,0.678030303030303,49c24a69,49c24a69-fdf4-4f85-8131-b5d24067197f/processed/49c24a69-fdf4-4f85-8131-b5d24067197f.mp3,female-female,2,2,2,2,2,2,2
MSC,49f6239a-252b-463c-a3b3-2667aeb24286,8.0,4.0625,6.666666666666667,87.5,7.0,6.5,0.8314393939393939,49f6239a,49f6239a-252b-463c-a3b3-2667aeb24286/processed/49f6239a-252b-463c-a3b3-2667aeb24286.mp3,female-male,2,2,2,2,2,2,2
MSC,49f63fed-0f01-4c63-83a9-664b40da4ea8,6.5,3.75,5.666666666666666,65.0,5.5,4.5,0.6831060606060606,49f63fed,49f63fed-0f01-4c63-83a9-664b40da4ea8/processed/49f63fed-0f01-4c63-83a9-664b40da4ea8.mp3,female-male,2,2,2,2,2,2,2
MSC,4a104536-429e-495f-a03a-7aa87467db1e,5.0,2.75,3.5,47.5,4.0,4.0,0.5681060606060606,4a104536,4a104536-429e-495f-a03a-7aa87467db1e/processed/4a104536-429e-495f-a03a-7aa87467db1e.mp3,male-male,2,2,2,2,2,2,2
MSC,4a22389d-8ef6-4fab-95ad-ea5ae3395d88,7.5,4.3125,5.0,76.0,6.0,3.0,0.7273484848484848,4a22389d,4a22389d-8ef6-4fab-95ad-ea5ae3395d88/processed/4a22389d-8ef6-4fab-95ad-ea5ae3395d88.mp3,male-male,2,2,2,2,2,2,2
MSC,4a308a55-49a4-43cc-94f0-a2182fa5aaa6,8.0,4.8125,6.0,83.0,5.5,8.0,0.6953787878787878,4a308a55,4a308a55-49a4-43cc-94f0-a2182fa5aaa6/processed/4a308a55-49a4-43cc-94f0-a2182fa5aaa6.mp3,female-male,2,2,2,2,2,2,2
MSC,4a348e90-7a79-4939-817f-f478f452da40,8.0,4.8125,6.166666666666666,83.0,6.5,8.0,0.8125757575757575,4a348e90,4a348e90-7a79-4939-817f-f478f452da40/processed/4a348e90-7a79-4939-817f-f478f452da40.mp3,male-male,2,2,2,2,2,2,2
MSC,4a44dec7-65ac-4689-b957-6ba9e7c05b36,8.5,6.875,7.0,94.0,7.0,8.5,0.9109090909090909,4a44dec7,4a44dec7-65ac-4689-b957-6ba9e7c05b36/processed/4a44dec7-65ac-4689-b957-6ba9e7c05b36.mp3,female-male,2,2,2,2,2,2,2
MSC,4a50f7ad-7b2d-439a-aebf-17f9abf9eefc,7.0,5.3125,6.5,90.5,6.5,5.0,0.7391666666666666,4a50f7ad,4a50f7ad-7b2d-439a-aebf-17f9abf9eefc/processed/4a50f7ad-7b2d-439a-aebf-17f9abf9eefc.mp3,female-male,2,2,2,2,2,2,2
MSC,4aab823d-a152-4133-9383-dfc65a4ee06c,8.5,4.375,6.0,90.0,7.0,6.0,0.8568181818181819,4aab823d,4aab823d-a152-4133-9383-dfc65a4ee06c/processed/4aab823d-a152-4133-9383-dfc65a4ee06c.mp3,female-male,2,2,2,2,2,2,2
MSC,4aba58d9-49c6-40f2-9c18-2676eebeac58,7.0,5.0625,5.666666666666666,67.5,5.5,5.5,0.701590909090909,4aba58d9,4aba58d9-49c6-40f2-9c18-2676eebeac58/processed/4aba58d9-49c6-40f2-9c18-2676eebeac58.mp3,male-male,2,2,2,2,2,2,2
MSC,4b10bbc0-0b22-4944-b086-27dea1ac40d2,5.5,4.3125,5.166666666666666,44.5,6.0,3.0,0.6425000000000001,4b10bbc0,4b10bbc0-0b22-4944-b086-27dea1ac40d2/processed/4b10bbc0-0b22-4944-b086-27dea1ac40d2.mp3,female-female,2,2,2,2,2,2,2
MSC,4b3fc3a3-8714-407c-b142-bf2e242e0ae9,8.0,6.375,6.166666666666666,91.0,6.5,7.5,0.8634090909090909,4b3fc3a3,4b3fc3a3-8714-407c-b142-bf2e242e0ae9/processed/4b3fc3a3-8714-407c-b142-bf2e242e0ae9.mp3,female-female,2,2,2,2,2,2,2
HSC,4b51167f-3c2d-4c94-b08d-a8b41522ee33,9.0,5.6875,7.0,85.0,7.0,7.5,0.9151515151515153,4b51167f,4b51167f-3c2d-4c94-b08d-a8b41522ee33/processed/4b51167f-3c2d-4c94-b08d-a8b41522ee33.mp3,male-male,2,2,2,2,2,2,2
MSC,4b52c90e-e486-4276-a029-7fba4861396d,6.5,5.25,5.0,66.5,4.5,6.0,0.7553787878787879,4b52c90e,4b52c90e-e486-4276-a029-7fba4861396d/processed/4b52c90e-e486-4276-a029-7fba4861396d.mp3,male-male,2,2,2,2,2,2,2
MSC,4b5456a6-6363-4d2a-9692-515203591a92,8.5,4.1875,6.333333333333334,68.5,5.5,6.5,0.770909090909091,4b5456a6,4b5456a6-6363-4d2a-9692-515203591a92/processed/4b5456a6-6363-4d2a-9692-515203591a92.mp3,female-male,2,2,2,2,2,2,2
MSC,4bd7aa3d-2806-4365-879c-20de488bf595,8.5,4.75,6.5,81.5,7.0,8.0,0.8394696969696969,4bd7aa3d,4bd7aa3d-2806-4365-879c-20de488bf595/processed/4bd7aa3d-2806-4365-879c-20de488bf595.mp3,female-female,2,2,2,2,2,2,2
MSC,4be7675a-c2e4-4535-a602-a57aefbadc3e,8.5,5.25,6.0,81.0,6.5,7.5,0.8711363636363637,4be7675a,4be7675a-c2e4-4535-a602-a57aefbadc3e/processed/4be7675a-c2e4-4535-a602-a57aefbadc3e.mp3,female-female,2,2,2,2,2,2,2
HSC,4c126110-fd71-4cc3-93a8-82bc5c2daf51,9.0,5.6875,6.0,70.5,6.5,8.5,0.9197727272727273,4c126110,4c126110-fd71-4cc3-93a8-82bc5c2daf51/processed/4c126110-fd71-4cc3-93a8-82bc5c2daf51.mp3,female-male,2,2,2,2,2,2,2
MSC,4c1df7a0-95d9-4c6f-b665-a954f934f10d,8.5,5.4375,6.333333333333334,90.0,7.0,6.0,0.8943939393939394,4c1df7a0,4c1df7a0-95d9-4c6f-b665-a954f934f10d/processed/4c1df7a0-95d9-4c6f-b665-a954f934f10d.mp3,female-male,2,2,2,2,2,2,2
MSC,4c2f2108-be90-4a60-8c43-d2544558b8e2,8.0,4.9375,6.333333333333334,53.5,6.0,5.0,0.7000757575757577,4c2f2108,4c2f2108-be90-4a60-8c43-d2544558b8e2/processed/4c2f2108-be90-4a60-8c43-d2544558b8e2.mp3,female-female,2,2,2,2,2,2,2
MSC,4cb7b4b9-b029-45cb-840b-e9fac6554dcc,7.0,5.0625,6.0,75.5,6.5,5.0,0.7573484848484848,4cb7b4b9,4cb7b4b9-b029-45cb-840b-e9fac6554dcc/processed/4cb7b4b9-b029-45cb-840b-e9fac6554dcc.mp3,female-female,2,2,2,2,2,2,2
MSC,4cc6a596-48b7-449b-b6af-a27263c72021,8.5,5.375,6.333333333333333,85.0,6.5,6.5,0.8584848484848484,4cc6a596,4cc6a596-48b7-449b-b6af-a27263c72021/processed/4cc6a596-48b7-449b-b6af-a27263c72021.mp3,female-male,2,2,2,2,2,2,2
MSC,4ce789dd-cb2c-4ecb-b4c3-406c3f9db052,6.5,4.5,6.0,72.5,6.0,6.5,0.7026515151515152,4ce789dd,4ce789dd-cb2c-4ecb-b4c3-406c3f9db052/processed/4ce789dd-cb2c-4ecb-b4c3-406c3f9db052.mp3,male-male,2,2,2,2,2,2,2
MSC,4d094d13-35ca-4a09-b918-b23f185e6340,8.0,4.3125,5.666666666666666,75.0,6.5,6.5,0.7454545454545454,4d094d13,4d094d13-35ca-4a09-b918-b23f185e6340/processed/4d094d13-35ca-4a09-b918-b23f185e6340.mp3,female-female,2,2,2,2,2,2,2
MSC,4d72499e-6683-4b98-8df8-315cb63a0a94,5.5,2.75,4.833333333333334,59.5,5.5,5.0,0.5828787878787878,4d72499e,4d72499e-6683-4b98-8df8-315cb63a0a94/processed/4d72499e-6683-4b98-8df8-315cb63a0a94.mp3,female-female,2,2,2,2,2,2,2
MSC,4da5f1a9-e9ae-4837-802a-27c8b6675b4c,6.5,4.375,6.0,70.5,6.5,6.0,0.6599242424242424,4da5f1a9,4da5f1a9-e9ae-4837-802a-27c8b6675b4c/processed/4da5f1a9-e9ae-4837-802a-27c8b6675b4c.mp3,female-female,2,2,2,2,2,2,2
MSC,4de30f88-9ca8-4aa9-9dd8-f5a124433fd3,6.0,4.25,5.166666666666666,60.0,5.0,4.0,0.6641666666666666,4de30f88,4de30f88-9ca8-4aa9-9dd8-f5a124433fd3/processed/4de30f88-9ca8-4aa9-9dd8-f5a124433fd3.mp3,female-male,2,2,2,2,2,2,2
MSC,4e02e612-69a5-4323-8610-e89822241fc2,7.5,5.5625,5.833333333333333,81.5,6.5,4.0,0.7466666666666667,4e02e612,4e02e612-69a5-4323-8610-e89822241fc2/processed/4e02e612-69a5-4323-8610-e89822241fc2.mp3,female-female,2,2,2,2,2,2,2
MSC,4e1114f7-544f-4e92-84e5-564d264842d4,7.5,4.875,5.5,82.0,6.5,7.5,0.821060606060606,4e1114f7,4e1114f7-544f-4e92-84e5-564d264842d4/processed/4e1114f7-544f-4e92-84e5-564d264842d4.mp3,female-male,2,2,2,2,2,2,2
MSC,4e116092-0c94-4f33-b6c5-7a7c7a54b60d,8.5,5.875,7.0,82.5,6.5,6.5,0.8493939393939394,4e116092,4e116092-0c94-4f33-b6c5-7a7c7a54b60d/processed/4e116092-0c94-4f33-b6c5-7a7c7a54b60d.mp3,male-male,2,2,2,2,2,2,2
MSC,4e3233b7-5d89-47e9-a795-25452f99a1c9,8.0,3.9375,6.0,88.0,6.5,5.5,0.8706818181818182,4e3233b7,4e3233b7-5d89-47e9-a795-25452f99a1c9/processed/4e3233b7-5d89-47e9-a795-25452f99a1c9.mp3,female-male,2,2,2,2,2,2,2
MSC,4e458f60-1fa1-4584-aca1-5932319e5ba9,4.5,2.5,3.8333333333333335,34.0,3.5,4.0,0.47954545454545455,4e458f60,4e458f60-1fa1-4584-aca1-5932319e5ba9/processed/4e458f60-1fa1-4584-aca1-5932319e5ba9.mp3,male-male,2,2,2,2,2,2,2
MSC,4ec6a831-5dda-4109-84cd-5e376c29e920,6.0,3.8125,5.666666666666666,53.0,5.0,5.0,0.5978030303030303,4ec6a831,4ec6a831-5dda-4109-84cd-5e376c29e920/processed/4ec6a831-5dda-4109-84cd-5e376c29e920.mp3,female-male,2,2,2,2,2,2,2
MSC,4ecfd9f7-3819-424f-9e19-b7c39281506d,8.5,4.4375,5.5,94.0,7.0,2.5,0.8456060606060605,4ecfd9f7,4ecfd9f7-3819-424f-9e19-b7c39281506d/processed/4ecfd9f7-3819-424f-9e19-b7c39281506d.mp3,female-male,2,2,2,2,2,2,2
MSC,4f4d07f8-cd05-4330-b446-6b314915be49,6.0,3.875,5.166666666666666,34.5,4.5,4.0,0.5125757575757576,4f4d07f8,4f4d07f8-cd05-4330-b446-6b314915be49/processed/4f4d07f8-cd05-4330-b446-6b314915be49.mp3,contains_MSC_or_unknown,2,2,2,2,2,2,2
MSC,4f58d221-8045-48e5-bf26-7e9ff6e16f3b,7.0,4.875,5.833333333333333,67.5,6.5,6.0,0.7536363636363637,4f58d221,4f58d221-8045-48e5-bf26-7e9ff6e16f3b/processed/4f58d221-8045-48e5-bf26-7e9ff6e16f3b.mp3,male-male,2,2,2,2,2,2,2
MSC,4f5964fe-1353-439b-9e50-08b460ee3bd5,8.0,5.5625,6.0,84.5,6.0,6.5,0.7996969696969697,4f5964fe,4f5964fe-1353-439b-9e50-08b460ee3bd5/processed/4f5964fe-1353-439b-9e50-08b460ee3bd5.mp3,male-male,2,2,2,2,2,2,2
MSC,4f5fd6bd-3aa0-4db3-9d17-4e339e558dd5,8.0,6.375,6.666666666666666,87.5,6.0,8.0,0.8637878787878788,4f5fd6bd,4f5fd6bd-3aa0-4db3-9d17-4e339e558dd5/processed/4f5fd6bd-3aa0-4db3-9d17-4e339e558dd5.mp3,male-male,2,2,2,2,2,2,2
MSC,4f843d30-3b1c-426e-8c0b-67219f6e91ad,8.0,4.8125,6.0,78.0,7.0,5.0,0.8182575757575759,4f843d30,4f843d30-3b1c-426e-8c0b-67219f6e91ad/processed/4f843d30-3b1c-426e-8c0b-67219f6e91ad.mp3,female-male,2,2,2,2,2,2,2
MSC,4fcd1092-0958-4eb2-9d74-effc30cdbef2,8.0,4.0,6.0,86.0,6.5,7.0,0.7672727272727273,4fcd1092,4fcd1092-0958-4eb2-9d74-effc30cdbef2/processed/4fcd1092-0958-4eb2-9d74-effc30cdbef2.mp3,female-female,2,2,2,2,2,2,2
MSC,500258ba-b356-44ec-adb1-ca95a1d66f03,9.0,5.5,6.5,92.5,7.0,8.0,0.9081060606060607,500258ba,500258ba-b356-44ec-adb1-ca95a1d66f03/processed/500258ba-b356-44ec-adb1-ca95a1d66f03.mp3,female-female,2,2,2,2,2,2,2
MSC,50214fe9-c7ec-4756-8ee8-0ad6cbcd4ce1,5.5,5.0625,5.333333333333334,57.0,5.5,3.0,0.6674242424242424,50214fe9,50214fe9-c7ec-4756-8ee8-0ad6cbcd4ce1/processed/50214fe9-c7ec-4756-8ee8-0ad6cbcd4ce1.mp3,female-male,2,2,2,2,2,2,2
MSC,502b06e6-7054-4f5b-9558-a0dc66c0164c,7.0,4.0,5.833333333333334,81.0,6.5,6.5,0.708030303030303,502b06e6,502b06e6-7054-4f5b-9558-a0dc66c0164c/processed/502b06e6-7054-4f5b-9558-a0dc66c0164c.mp3,female-male,2,2,2,2,2,2,2
MSC,5057bc37-07d8-4149-a206-ab98231e2980,7.5,5.5,4.833333333333334,70.5,6.0,5.5,0.8041666666666667,5057bc37,5057bc37-07d8-4149-a206-ab98231e2980/processed/5057bc37-07d8-4149-a206-ab98231e2980.mp3,male-male,2,2,2,2,2,2,2
MSC,50b3e83a-831f-4ab5-8da6-bf0d5da32b1d,6.5,4.5625,5.5,67.5,5.0,7.0,0.6418181818181818,50b3e83a,50b3e83a-831f-4ab5-8da6-bf0d5da32b1d/processed/50b3e83a-831f-4ab5-8da6-bf0d5da32b1d.mp3,female-male,2,2,2,2,2,2,2
MSC,51321ba6-c9a6-4aef-9908-25330349aa73,8.0,4.3125,6.166666666666666,73.0,7.0,6.5,0.838030303030303,51321ba6,51321ba6-c9a6-4aef-9908-25330349aa73/processed/51321ba6-c9a6-4aef-9908-25330349aa73.mp3,contains_MSC_or_unknown,2,2,2,2,2,2,2
MSC,51c18536-0580-4c83-b668-434a81a658da,7.5,4.75,5.833333333333334,75.0,5.5,4.5,0.8056818181818182,51c18536,51c18536-0580-4c83-b668-434a81a658da/processed/51c18536-0580-4c83-b668-434a81a658da.mp3,female-male,2,2,2,2,2,2,2
MSC,51cdede2-7ea8-438c-b79d-245d452ceaa3,6.5,4.125,5.5,71.5,5.5,5.0,0.6273484848484849,51cdede2,51cdede2-7ea8-438c-b79d-245d452ceaa3/processed/51cdede2-7ea8-438c-b79d-245d452ceaa3.mp3,female-male,2,2,2,2,2,2,2
MSC,51e1704c-3a80-49c9-a22e-2c4db6332d43,8.0,5.75,5.333333333333334,70.0,6.0,7.5,0.7478030303030303,51e1704c,51e1704c-3a80-49c9-a22e-2c4db6332d43/processed/51e1704c-3a80-49c9-a22e-2c4db6332d43.mp3,female-female,2,2,2,2,2,2,2
MSC,52519067-92a6-412b-bd86-d3a3836e0ac3,4.0,2.75,5.166666666666666,38.0,4.5,2.5,0.49310606060606066,52519067,52519067-92a6-412b-bd86-d3a3836e0ac3/processed/52519067-92a6-412b-bd86-d3a3836e0ac3.mp3,female-male,2,2,2,2,2,2,2
MSC,52565e58-97f6-42b8-9697-a17869a7dfed,7.0,3.8125,5.833333333333333,68.0,5.5,4.5,0.6827272727272728,52565e58,52565e58-97f6-42b8-9697-a17869a7dfed/processed/52565e58-97f6-42b8-9697-a17869a7dfed.mp3,female-male,2,2,2,2,2,2,2
MSC,52661f6d-1cce-49eb-bdeb-5ed40f19a273,7.0,4.125,6.166666666666666,65.0,5.0,3.0,0.6653030303030303,52661f6d,52661f6d-1cce-49eb-bdeb-5ed40f19a273/processed/52661f6d-1cce-49eb-bdeb-5ed40f19a273.mp3,female-male,2,2,2,2,2,2,2
MSC,52983901-602c-484c-a43f-da8509a84e88,8.0,6.25,7.0,72.5,7.0,8.5,0.8045454545454545,52983901,52983901-602c-484c-a43f-da8509a84e88/processed/52983901-602c-484c-a43f-da8509a84e88.mp3,female-male,2,2,2,2,2,2,2
MSC,52e38736-df36-4dfc-97c3-7f7a2ca790ad,8.5,5.6875,6.833333333333334,87.5,7.0,6.0,0.9159848484848485,52e38736,52e38736-df36-4dfc-97c3-7f7a2ca790ad/processed/52e38736-df36-4dfc-97c3-7f7a2ca790ad.mp3,female-male,2,2,2,2,2,2,2
MSC,53074503-e206-4f9f-8e46-0c767ff6813f,7.0,5.0,5.833333333333334,65.5,6.0,8.0,0.7331060606060605,53074503,53074503-e206-4f9f-8e46-0c767ff6813f/processed/53074503-e206-4f9f-8e46-0c767ff6813f.mp3,female-male,2,2,2,2,2,2,2
MSC,5334722e-8f9b-41c3-8f16-aff380cb5160,7.5,4.5,5.833333333333334,80.5,6.5,6.0,0.7785606060606061,5334722e,5334722e-8f9b-41c3-8f16-aff380cb5160/processed/5334722e-8f9b-41c3-8f16-aff380cb5160.mp3,female-male,2,2,2,2,2,2,2
MSC,53459a58-b890-4cad-83dc-1fb55dbd880e,8.0,6.0,7.0,77.0,7.0,9.0,0.7465151515151516,53459a58,53459a58-b890-4cad-83dc-1fb55dbd880e/processed/53459a58-b890-4cad-83dc-1fb55dbd880e.mp3,contains_MSC_or_unknown,1,1,1,1,1,1,1
MSC,5348de6b-afa5-4c36-8087-cd3bf94eedfd,8.0,5.625,6.0,89.5,6.5,7.0,0.8156060606060607,5348de6b,5348de6b-afa5-4c36-8087-cd3bf94eedfd/processed/5348de6b-afa5-4c36-8087-cd3bf94eedfd.mp3,female-male,2,2,2,2,2,2,2
MSC,536675d6-80db-4db0-adb7-dfd3c5b6759b,7.5,4.375,6.5,76.0,6.5,6.0,0.7920454545454545,536675d6,536675d6-80db-4db0-adb7-dfd3c5b6759b/processed/536675d6-80db-4db0-adb7-dfd3c5b6759b.mp3,female-male,2,2,2,2,2,2,2
MSC,53679c37-1e27-44f2-b56b-1e7c150cd922,5.5,4.5,4.166666666666667,58.0,5.0,4.0,0.6928787878787879,53679c37,53679c37-1e27-44f2-b56b-1e7c150cd922/processed/53679c37-1e27-44f2-b56b-1e7c150cd922.mp3,female-male,2,2,2,2,2,2,2
MSC,53b4d5ad-9c9f-4d5c-b9f6-336c9b755e26,7.5,5.6875,5.333333333333334,78.0,6.5,7.5,0.7444696969696969,53b4d5ad,53b4d5ad-9c9f-4d5c-b9f6-336c9b755e26/processed/53b4d5ad-9c9f-4d5c-b9f6-336c9b755e26.mp3,female-male,2,2,2,2,2,2,2
MSC,53bcbe13-1160-4bd3-9eda-ea946079142d,8.5,5.8125,6.5,90.0,7.0,8.5,0.8563636363636363,53bcbe13,53bcbe13-1160-4bd3-9eda-ea946079142d/processed/53bcbe13-1160-4bd3-9eda-ea946079142d.mp3,contains_MSC_or_unknown,2,2,2,2,2,2,2
MSC,53bee564-d0d4-486f-85f9-565c5314486c,8.0,4.625,6.0,85.0,6.5,5.5,0.8271212121212121,53bee564,53bee564-d0d4-486f-85f9-565c5314486c/processed/53bee564-d0d4-486f-85f9-565c5314486c.mp3,female-male,2,2,2,2,2,2,2
MSC,53c3a97a-3ff3-4c67-be58-a743364b50d2,7.0,5.0,5.333333333333334,71.5,5.5,6.0,0.7528787878787878,53c3a97a,53c3a97a-3ff3-4c67-be58-a743364b50d2/processed/53c3a97a-3ff3-4c67-be58-a743364b50d2.mp3,male-male,2,2,2,2,2,2,2
MSC,53d737e6-c0e6-4cfa-acf9-bf14cb33b313,7.5,4.25,5.833333333333334,72.5,6.0,3.0,0.7550757575757576,53d737e6,53d737e6-c0e6-4cfa-acf9-bf14cb33b313/processed/53d737e6-c0e6-4cfa-acf9-bf14cb33b313.mp3,female-male,2,2,2,2,2,2,2
MSC,53ea87fe-9cea-4434-9c1d-25f166620630,7.5,5.1875,6.166666666666666,95.0,7.0,7.5,0.8109848484848485,53ea87fe,53ea87fe-9cea-4434-9c1d-25f166620630/processed/53ea87fe-9cea-4434-9c1d-25f166620630.mp3,female-female,2,2,2,2,2,2,2
MSC,54046304-4af5-449c-abe1-2bab8b5b597e,7.0,4.6875,5.666666666666666,73.0,5.5,6.5,0.7358333333333333,54046304,54046304-4af5-449c-abe1-2bab8b5b597e/processed/54046304-4af5-449c-abe1-2bab8b5b597e.mp3,male-male,2,2,2,2,2,2,2
MSC,541ddc3c-ae0c-435d-a503-84abd0558534,8.5,4.3125,6.166666666666666,72.5,6.5,6.0,0.753560606060606,541ddc3c,541ddc3c-ae0c-435d-a503-84abd0558534/processed/541ddc3c-ae0c-435d-a503-84abd0558534.mp3,female-male,2,2,2,2,2,2,2
MSC,541f83af-f1a7-4c30-be52-0c7d5108d110,8.5,4.9375,6.833333333333334,89.5,7.0,4.0,0.8809848484848486,541f83af,541f83af-f1a7-4c30-be52-0c7d5108d110/processed/541f83af-f1a7-4c30-be52-0c7d5108d110.mp3,female-male,2,2,2,2,2,2,2
MSC,542a6af4-84f3-4681-80ce-fce29162efc1,7.0,3.75,4.0,71.0,5.0,6.0,0.6580303030303031,542a6af4,542a6af4-84f3-4681-80ce-fce29162efc1/processed/542a6af4-84f3-4681-80ce-fce29162efc1.mp3,contains_MSC_or_unknown,1,1,1,1,1,1,1
MSC,54532b33-dc38-48f1-a002-d685e0de9eab,8.0,3.5,6.333333333333334,80.0,6.0,3.5,0.8651515151515152,54532b33,54532b33-dc38-48f1-a002-d685e0de9eab/processed/54532b33-dc38-48f1-a002-d685e0de9eab.mp3,female-male,2,2,2,2,2,2,2
MSC,54a86d58-43cb-4c78-b967-de4f865f2006,7.0,4.75,6.0,76.0,5.5,6.0,0.7212878787878787,54a86d58,54a86d58-43cb-4c78-b967-de4f865f2006/processed/54a86d58-43cb-4c78-b967-de4f865f2006.mp3,male-male,2,2,2,2,2,2,2
MSC,54d711f1-f836-49ea-b61e-cb61842a8c49,8.5,5.0625,6.333333333333334,75.0,7.0,6.0,0.8689393939393941,54d711f1,54d711f1-f836-49ea-b61e-cb61842a8c49/processed/54d711f1-f836-49ea-b61e-cb61842a8c49.mp3,female-male,2,2,2,2,2,2,2
MSC,54fb8d98-5142-4ffa-9227-29319f91a287,6.5,4.9375,5.833333333333333,52.5,5.0,4.5,0.6409848484848485,54fb8d98,54fb8d98-5142-4ffa-9227-29319f91a287/processed/54fb8d98-5142-4ffa-9227-29319f91a287.mp3,female-female,2,2,2,2,2,2,2
MSC,55484ecc-5a95-4629-850c-55f4b8aded7c,7.0,3.375,6.5,62.5,5.5,5.0,0.7606060606060606,55484ecc,55484ecc-5a95-4629-850c-55f4b8aded7c/processed/55484ecc-5a95-4629-850c-55f4b8aded7c.mp3,female-male,2,2,2,2,2,2,2
MSC,55521b6c-25dd-4a59-a606-aa093a02d8eb,7.0,4.125,5.5,82.5,6.0,4.0,0.7393939393939394,55521b6c,55521b6c-25dd-4a59-a606-aa093a02d8eb/processed/55521b6c-25dd-4a59-a606-aa093a02d8eb.mp3,male-male,2,2,2,2,2,2,2
MSC,556af996-c50e-45c8-a7af-fb8a42c22640,7.0,4.875,5.333333333333334,70.0,5.5,6.5,0.6978787878787879,556af996,556af996-c50e-45c8-a7af-fb8a42c22640/processed/556af996-c50e-45c8-a7af-fb8a42c22640.mp3,female-female,2,2,2,2,2,2,2
MSC,55aabab3-03a0-4c3f-b228-255e48da459f,8.5,5.0,5.5,92.0,7.0,5.5,0.8540909090909091,55aabab3,55aabab3-03a0-4c3f-b228-255e48da459f/processed/55aabab3-03a0-4c3f-b228-255e48da459f.mp3,female-male,2,2,2,2,2,2,2
MSC,55fe9177-e5c7-459f-b4a9-457b91018c60,7.5,4.4375,6.166666666666666,87.5,6.5,6.0,0.7544696969696969,55fe9177,55fe9177-e5c7-459f-b4a9-457b91018c60/processed/55fe9177-e5c7-459f-b4a9-457b91018c60.mp3,female-male,2,2,2,2,2,2,2
MSC,5608d91f-46c6-441e-94b3-8ca42d28b915,7.5,5.125,5.833333333333334,80.5,6.0,5.5,0.7987121212121213,5608d91f,5608d91f-46c6-441e-94b3-8ca42d28b915/processed/5608d91f-46c6-441e-94b3-8ca42d28b915.mp3,male-male,2,2,2,2,2,2,2
MSC,56529e73-480c-43fa-b313-a0bd3d8f033e,7.5,5.625,4.833333333333333,79.5,5.5,7.5,0.728560606060606,56529e73,56529e73-480c-43fa-b313-a0bd3d8f033e/processed/56529e73-480c-43fa-b313-a0bd3d8f033e.mp3,female-female,2,2,2,2,2,2,2
MSC,565376e1-b61b-4327-976b-c548ea3b4708,7.5,3.375,5.5,50.5,6.0,5.0,0.7859090909090909,565376e1,565376e1-b61b-4327-976b-c548ea3b4708/processed/565376e1-b61b-4327-976b-c548ea3b4708.mp3,female-male,2,2,2,2,2,2,2
MSC,566dee96-2aea-45e5-b75c-9cde9f601b16,7.0,5.125,6.166666666666666,92.0,6.5,5.0,0.7493181818181818,566dee96,566dee96-2aea-45e5-b75c-9cde9f601b16/processed/566dee96-2aea-45e5-b75c-9cde9f601b16.mp3,female-male,2,2,2,2,2,2,2
MSC,566e32b6-1a77-4609-946e-286919e54bcc,8.5,4.5,5.333333333333334,77.5,6.5,7.5,0.8306818181818181,566e32b6,566e32b6-1a77-4609-946e-286919e54bcc/processed/566e32b6-1a77-4609-946e-286919e54bcc.mp3,female-male,2,2,2,2,2,2,2
MSC,5686694a-ef2b-4eab-9cee-988111599a4c,9.0,4.9375,5.5,80.0,7.0,8.5,0.8406060606060606,5686694a,5686694a-ef2b-4eab-9cee-988111599a4c/processed/5686694a-ef2b-4eab-9cee-988111599a4c.mp3,female-male,2,2,2,2,2,2,2
MSC,56daf4e7-7a32-4131-af25-b5c71e61b6ce,5.0,4.75,5.0,53.5,4.5,7.0,0.5803787878787878,56daf4e7,56daf4e7-7a32-4131-af25-b5c71e61b6ce/processed/56daf4e7-7a32-4131-af25-b5c71e61b6ce.mp3,male-male,2,2,2,2,2,2,2
MSC,56ee9fdd-486c-4709-82f7-485322ed4a05,7.5,4.4375,6.0,68.0,6.0,4.5,0.73,56ee9fdd,56ee9fdd-486c-4709-82f7-485322ed4a05/processed/56ee9fdd-486c-4709-82f7-485322ed4a05.mp3,female-female,2,2,2,2,2,2,2
MSC,56f21a75-4e86-4dee-9a15-a4f68e86e1a3,7.0,5.625,6.0,74.5,5.5,7.5,0.7646212121212121,56f21a75,56f21a75-4e86-4dee-9a15-a4f68e86e1a3/processed/56f21a75-4e86-4dee-9a15-a4f68e86e1a3.mp3,female-male,2,2,2,2,2,2,2
MSC,571658d4-279e-494e-8e01-f4d922147436,6.5,3.625,5.333333333333334,55.5,4.5,4.5,0.6131060606060607,571658d4,571658d4-279e-494e-8e01-f4d922147436/processed/571658d4-279e-494e-8e01-f4d922147436.mp3,female-male,2,2,2,2,2,2,2
MSC,571a07dc-20ed-4983-ba2d-a6a9461065ec,8.0,4.6875,6.166666666666666,78.0,6.5,7.0,0.748939393939394,571a07dc,571a07dc-20ed-4983-ba2d-a6a9461065ec/processed/571a07dc-20ed-4983-ba2d-a6a9461065ec.mp3,male-male,2,2,2,2,2,2,2
MSC,57508710-6147-4bae-b578-03ad505df3df,8.0,6.25,6.5,65.5,6.5,8.0,0.8993939393939394,57508710,57508710-6147-4bae-b578-03ad505df3df/processed/57508710-6147-4bae-b578-03ad505df3df.mp3,male-male,2,2,2,2,2,2,2
MSC,575e277a-b2eb-4c1b-9b07-0c6fdc63a028,9.0,5.25,6.5,90.5,6.5,6.0,0.9341666666666666,575e277a,575e277a-b2eb-4c1b-9b07-0c6fdc63a028/processed/575e277a-b2eb-4c1b-9b07-0c6fdc63a028.mp3,female-female,2,2,2,2,2,2,2
MSC,57a3f585-42f3-4400-9adf-655e6eb7ae2b,7.5,5.375,6.0,68.0,6.0,6.5,0.7519696969696968,57a3f585,57a3f585-42f3-4400-9adf-655e6eb7ae2b/processed/57a3f585-42f3-4400-9adf-655e6eb7ae2b.mp3,female-male,2,2,2,2,2,2,2
MSC,582ea058-c65e-4739-aaac-46d498956317,7.0,4.4375,5.5,72.5,5.5,7.5,0.7199242424242425,582ea058,582ea058-c65e-4739-aaac-46d498956317/processed/582ea058-c65e-4739-aaac-46d498956317.mp3,female-male,2,2,2,2,2,2,2
MSC,5851d203-c634-4af0-af0c-cb76d52f02a7,8.0,4.125,6.333333333333334,72.5,6.0,6.5,0.7541666666666667,5851d203,5851d203-c634-4af0-af0c-cb76d52f02a7/processed/5851d203-c634-4af0-af0c-cb76d52f02a7.mp3,female-female,2,2,2,2,2,2,2
MSC,5857dca0-e0b7-425d-8c09-e301f5468e42,9.0,5.875,6.666666666666666,95.0,7.0,8.0,0.9412878787878787,5857dca0,5857dca0-e0b7-425d-8c09-e301f5468e42/processed/5857dca0-e0b7-425d-8c09-e301f5468e42.mp3,female-male,2,2,2,2,2,2,2
UNSCORED,588c5b4b-5e92-426c-8acc-686628a7342f,5.0,3.625,5.0,72.0,5.0,4.0,0.5346969696969697,588c5b4b,588c5b4b-5e92-426c-8acc-686628a7342f/processed/588c5b4b-5e92-426c-8acc-686628a7342f.mp3,contains_MSC_or_unknown,1,1,1,1,1,1,1
MSC,58c9970b-5e5f-4699-ac85-a34da9ddc121,7.0,4.5,5.5,70.0,6.0,6.0,0.7112121212121212,58c9970b,58c9970b-5e5f-4699-ac85-a34da9ddc121/processed/58c9970b-5e5f-4699-ac85-a34da9ddc121.mp3,female-female,2,2,2,2,2,2,2
MSC,58dabc5c-7cef-4a50-8881-07c6c8e0f656,7.0,4.875,6.0,70.0,6.0,6.5,0.7295454545454545,58dabc5c,58dabc5c-7cef-4a50-8881-07c6c8e0f656/processed/58dabc5c-7cef-4a50-8881-07c6c8e0f656.mp3,female-female,2,2,2,2,2,2,2
MSC,59bb81e4-9c3c-4b4d-8343-5f7c5f3ab9d5,6.5,4.5,4.5,65.0,5.0,5.0,0.6545454545454545,59bb81e4,59bb81e4-9c3c-4b4d-8343-5f7c5f3ab9d5/processed/59bb81e4-9c3c-4b4d-8343-5f7c5f3ab9d5.mp3,female-female,2,2,2,2,2,2,2
MSC,5a0ac4b2-c32c-4328-85ff-f57b645f838a,6.5,4.1875,5.833333333333334,64.0,5.0,5.5,0.573409090909091,5a0ac4b2,5a0ac4b2-c32c-4328-85ff-f57b645f838a/processed/5a0ac4b2-c32c-4328-85ff-f57b645f838a.mp3,female-male,2,2,2,2,2,2,2
MSC,5a0df5c6-362c-4517-9856-a53b028dcee7,7.5,4.5625,7.0,82.5,7.0,6.0,0.8515151515151516,5a0df5c6,5a0df5c6-362c-4517-9856-a53b028dcee7/processed/5a0df5c6-362c-4517-9856-a53b028dcee7.mp3,female-female,2,2,2,2,2,2,2
MSC,5a296223-a8fc-42bd-adc9-7e9382109c63,9.0,4.875,6.5,94.5,7.0,7.5,0.8487878787878788,5a296223,5a296223-a8fc-42bd-adc9-7e9382109c63/processed/5a296223-a8fc-42bd-adc9-7e9382109c63.mp3,female-female,2,2,2,2,2,2,2
MSC,5a307dec-0265-4dab-ade6-bc6392695c9e,7.0,4.3125,5.0,75.5,5.5,7.0,0.765,5a307dec,5a307dec-0265-4dab-ade6-bc6392695c9e/processed/5a307dec-0265-4dab-ade6-bc6392695c9e.mp3,male-male,2,2,2,2,2,2,2
MSC,5a34ea59-8482-4592-ad01-6480a9981b4c,8.5,4.5625,6.833333333333334,87.0,7.0,5.5,0.8564393939393938,5a34ea59,5a34ea59-8482-4592-ad01-6480a9981b4c/processed/5a34ea59-8482-4592-ad01-6480a9981b4c.mp3,female-female,2,2,2,2,2,2,2
MSC,5a69b66a-61bc-45b5-98bd-ffb14fb1e1ec,7.0,3.875,4.833333333333334,68.0,5.5,6.0,0.7475,5a69b66a,5a69b66a-61bc-45b5-98bd-ffb14fb1e1ec/processed/5a69b66a-61bc-45b5-98bd-ffb14fb1e1ec.mp3,female-male,2,2,2,2,2,2,2
MSC,5a6f9b34-17b2-4a65-95e1-7af5b451b395,8.0,4.875,6.0,84.0,6.5,6.5,0.8150757575757577,5a6f9b34,5a6f9b34-17b2-4a65-95e1-7af5b451b395/processed/5a6f9b34-17b2-4a65-95e1-7af5b451b395.mp3,female-male,2,2,2,2,2,2,2
HSC,5ab6dbec-f52d-4df2-ba45-78b92fb1cb9f,9.0,6.625,7.0,100.0,7.0,9.0,1.0,5ab6dbec,5ab6dbec-f52d-4df2-ba45-78b92fb1cb9f/processed/5ab6dbec-f52d-4df2-ba45-78b92fb1cb9f.mp3,female-female,2,2,2,2,2,2,2
MSC,5ab93a9d-dc8d-4577-88f0-2591fcffd9fd,9.0,6.375,6.833333333333334,96.0,7.0,8.0,0.9375757575757575,5ab93a9d,5ab93a9d-dc8d-4577-88f0-2591fcffd9fd/processed/5ab93a9d-dc8d-4577-88f0-2591fcffd9fd.mp3,female-male,2,2,2,2,2,2,2
MSC,5ad3e585-7fe0-484e-9fc2-8b552af24e02,8.5,4.125,6.0,86.5,7.0,5.5,0.8471969696969697,5ad3e585,5ad3e585-7fe0-484e-9fc2-8b552af24e02/processed/5ad3e585-7fe0-484e-9fc2-8b552af24e02.mp3,female-male,2,2,2,2,2,2,2
MSC,5ad3f4df-0339-48a9-ae9a-ecd33abdd2e5,7.5,5.25,6.166666666666666,80.0,6.0,5.0,0.7605303030303031,5ad3f4df,5ad3f4df-0339-48a9-ae9a-ecd33abdd2e5/processed/5ad3f4df-0339-48a9-ae9a-ecd33abdd2e5.mp3,male-male,2,2,2,2,2,2,2
MSC,5b09544d-f156-46c2-98b9-eddbc8d95a02,7.5,4.6875,5.5,78.0,6.5,6.0,0.7971212121212121,5b09544d,5b09544d-f156-46c2-98b9-eddbc8d95a02/processed/5b09544d-f156-46c2-98b9-eddbc8d95a02.mp3,male-male,2,2,2,2,2,2,2
MSC,5b2dd042-ebba-44b8-86ad-86e01c211e06,7.0,3.8125,5.666666666666666,61.0,6.0,6.0,0.6968939393939395,5b2dd042,5b2dd042-ebba-44b8-86ad-86e01c211e06/processed/5b2dd042-ebba-44b8-86ad-86e01c211e06.mp3,male-male,2,2,2,2,2,2,2
MSC,5b48dc51-b4ca-432e-b3d6-e3c1f61c58fa,6.5,5.8125,5.833333333333333,59.0,5.0,4.0,0.6247727272727273,5b48dc51,5b48dc51-b4ca-432e-b3d6-e3c1f61c58fa/processed/5b48dc51-b4ca-432e-b3d6-e3c1f61c58fa.mp3,female-female,2,2,2,2,2,2,2
LSC,5bde82b3-4a86-497b-a4c6-a26f3ce01e87,5.5,2.875,4.333333333333333,45.0,5.0,2.5,0.49242424242424243,5bde82b3,5bde82b3-4a86-497b-a4c6-a26f3ce01e87/processed/5bde82b3-4a86-497b-a4c6-a26f3ce01e87.mp3,female-male,2,2,2,2,2,2,2
HSC,5c54c47c-9c0a-4a9b-b82d-a5b353dc50f9,8.5,6.3125,6.833333333333334,92.5,7.0,8.5,0.9511363636363637,5c54c47c,5c54c47c-9c0a-4a9b-b82d-a5b353dc50f9/processed/5c54c47c-9c0a-4a9b-b82d-a5b353dc50f9.mp3,female-male,2,2,2,2,2,2,2
HSC,5c6f6632-c722-4041-9d36-5ada31c42471,8.5,6.25,6.333333333333334,93.5,7.0,5.5,0.9252272727272728,5c6f6632,5c6f6632-c722-4041-9d36-5ada31c42471/processed/5c6f6632-c722-4041-9d36-5ada31c42471.mp3,female-male,2,2,2,2,2,2,2
MSC,5c89fd8d-9663-4d7d-bbdd-a919c95e986b,8.5,4.6875,5.666666666666667,82.5,7.0,5.5,0.8803030303030304,5c89fd8d,5c89fd8d-9663-4d7d-bbdd-a919c95e986b/processed/5c89fd8d-9663-4d7d-bbdd-a919c95e986b.mp3,female-male,2,2,2,2,2,2,2
MSC,5c91528b-686c-4446-82dc-5dd830d4d7b1,8.5,5.25,6.0,87.5,6.5,6.0,0.8803030303030304,5c91528b,5c91528b-686c-4446-82dc-5dd830d4d7b1/processed/5c91528b-686c-4446-82dc-5dd830d4d7b1.mp3,female-male,2,2,2,2,2,2,2
MSC,5ca462a1-d50f-4219-be29-16b4151a3639,9.0,5.5625,5.666666666666666,95.5,7.0,7.5,0.8548484848484849,5ca462a1,5ca462a1-d50f-4219-be29-16b4151a3639/processed/5ca462a1-d50f-4219-be29-16b4151a3639.mp3,female-male,2,2,2,2,2,2,2
MSC,5ca82a7c-ef99-444e-9147-c957ad9632ba,7.0,4.625,6.0,76.5,5.5,5.0,0.6692424242424243,5ca82a7c,5ca82a7c-ef99-444e-9147-c957ad9632ba/processed/5ca82a7c-ef99-444e-9147-c957ad9632ba.mp3,male-male,2,2,2,2,2,2,2
MSC,5ca9b7cd-9c68-4803-8d13-f3e6c7d24f43,8.0,2.5,6.166666666666666,86.5,6.5,5.0,0.8962121212121212,5ca9b7cd,5ca9b7cd-9c68-4803-8d13-f3e6c7d24f43/processed/5ca9b7cd-9c68-4803-8d13-f3e6c7d24f43.mp3,female-female,2,2,2,2,2,2,2
MSC,5ccd7ef4-372d-452f-b982-4fb790beabbc,8.5,5.125,6.333333333333334,84.0,7.0,4.5,0.8149242424242424,5ccd7ef4,5ccd7ef4-372d-452f-b982-4fb790beabbc/processed/5ccd7ef4-372d-452f-b982-4fb790beabbc.mp3,female-male,2,2,2,2,2,2,2
MSC,5d106c0f-e40f-453c-b1a4-3b90e3cb8b4c,5.0,4.5625,5.833333333333334,37.5,4.5,4.0,0.5874242424242424,5d106c0f,5d106c0f-e40f-453c-b1a4-3b90e3cb8b4c/processed/5d106c0f-e40f-453c-b1a4-3b90e3cb8b4c.mp3,female-male,2,2,2,2,2,2,2
MSC,5d36ed94-22ec-4635-afc2-98645711b518,6.5,5.375,6.166666666666666,56.0,5.0,4.5,0.6275757575757577,5d36ed94,5d36ed94-22ec-4635-afc2-98645711b518/processed/5d36ed94-22ec-4635-afc2-98645711b518.mp3,female-male,2,2,2,2,2,2,2
MSC,5d7dc5a5-8dbe-4fb0-bf59-2d53f0ce3b65,7.5,4.25,5.333333333333334,78.0,6.0,6.5,0.7197727272727272,5d7dc5a5,5d7dc5a5-8dbe-4fb0-bf59-2d53f0ce3b65/processed/5d7dc5a5-8dbe-4fb0-bf59-2d53f0ce3b65.mp3,female-male,2,2,2,2,2,2,2
MSC,5d802b9e-b047-450a-9695-69c10a96699f,7.5,5.4375,6.166666666666666,73.0,6.0,6.5,0.7732575757575757,5d802b9e,5d802b9e-b047-450a-9695-69c10a96699f/processed/5d802b9e-b047-450a-9695-69c10a96699f.mp3,female-male,2,2,2,2,2,2,2
MSC,5d895bf7-4efd-4a5d-ad62-57fa820ad746,9.0,5.0625,6.5,90.0,7.0,8.0,0.8901515151515151,5d895bf7,5d895bf7-4efd-4a5d-ad62-57fa820ad746/processed/5d895bf7-4efd-4a5d-ad62-57fa820ad746.mp3,female-female,2,2,2,2,2,2,2
MSC,5e063825-c5d1-4469-967d-79cbda4ce894,8.5,5.375,6.0,80.5,6.5,5.5,0.8275,5e063825,5e063825-c5d1-4469-967d-79cbda4ce894/processed/5e063825-c5d1-4469-967d-79cbda4ce894.mp3,female-female,2,2,2,2,2,2,2
MSC,5e184765-66fa-4a74-9c68-410aafe76be4,8.5,4.1875,6.166666666666666,83.5,7.0,8.5,0.848030303030303,5e184765,5e184765-66fa-4a74-9c68-410aafe76be4/processed/5e184765-66fa-4a74-9c68-410aafe76be4.mp3,female-female,2,2,2,2,2,2,2
MSC,5e6434fa-16f7-47e2-b4bd-60b0ec9e7fbc,7.5,5.6875,6.5,57.5,6.5,5.0,0.8393939393939394,5e6434fa,5e6434fa-16f7-47e2-b4bd-60b0ec9e7fbc/processed/5e6434fa-16f7-47e2-b4bd-60b0ec9e7fbc.mp3,female-male,2,2,2,2,2,2,2
MSC,5ebef664-8567-4425-8ca9-9be90745a61d,8.5,4.4375,6.166666666666666,83.0,7.0,6.0,0.8915151515151514,5ebef664,5ebef664-8567-4425-8ca9-9be90745a61d/processed/5ebef664-8567-4425-8ca9-9be90745a61d.mp3,female-male,2,2,2,2,2,2,2
MSC,5ed1304b-c8f6-495c-b391-a544ff70746e,8.0,5.125,5.666666666666666,73.0,6.5,6.0,0.7815151515151515,5ed1304b,5ed1304b-c8f6-495c-b391-a544ff70746e/processed/5ed1304b-c8f6-495c-b391-a544ff70746e.mp3,contains_MSC_or_unknown,2,2,2,2,2,2,2
HSC,5f3c5c14-1280-48c4-b6a5-97437ea68c94,9.0,4.875,6.0,100.0,7.0,7.0,0.9166666666666667,5f3c5c14,5f3c5c14-1280-48c4-b6a5-97437ea68c94/processed/5f3c5c14-1280-48c4-b6a5-97437ea68c94.mp3,contains_other_or_unknown,1,1,1,1,1,1,1
MSC,5f3c916e-a2d5-44ce-b39d-41c9d29de48f,8.5,5.375,7.0,100.0,7.0,7.5,0.9118181818181819,5f3c916e,5f3c916e-a2d5-44ce-b39d-41c9d29de48f/processed/5f3c916e-a2d5-44ce-b39d-41c9d29de48f.mp3,female-male,2,2,2,2,2,2,2
MSC,5f520ad2-bf2d-4a40-a166-c6ee39d1394f,9.0,4.5,6.333333333333333,85.0,7.0,5.0,0.7968181818181819,5f520ad2,5f520ad2-bf2d-4a40-a166-c6ee39d1394f/processed/5f520ad2-bf2d-4a40-a166-c6ee39d1394f.mp3,female-male,2,2,2,2,2,2,2
MSC,5f61a48c-b11b-460e-a4d7-9ef5ca9d857b,9.0,3.5,5.5,70.0,7.0,2.5,0.7878030303030303,5f61a48c,5f61a48c-b11b-460e-a4d7-9ef5ca9d857b/processed/5f61a48c-b11b-460e-a4d7-9ef5ca9d857b.mp3,female-male,2,2,2,2,2,2,2
MSC,5f968cf3-3b7f-4aef-9952-6be9e9f31db9,7.5,4.0,5.5,69.5,5.5,5.0,0.6896969696969697,5f968cf3,5f968cf3-3b7f-4aef-9952-6be9e9f31db9/processed/5f968cf3-3b7f-4aef-9952-6be9e9f31db9.mp3,female-male,2,2,2,2,2,2,2
MSC,5fa25b94-a44f-4677-88c4-94e8a40805f9,8.0,4.9375,6.5,86.0,6.5,7.5,0.8248484848484848,5fa25b94,5fa25b94-a44f-4677-88c4-94e8a40805f9/processed/5fa25b94-a44f-4677-88c4-94e8a40805f9.mp3,female-female,2,2,2,2,2,2,2
MSC,5fbf2610-3844-47ee-954d-e39520ea09c9,6.0,3.375,5.333333333333334,65.0,6.0,4.5,0.6965151515151515,5fbf2610,5fbf2610-3844-47ee-954d-e39520ea09c9/processed/5fbf2610-3844-47ee-954d-e39520ea09c9.mp3,male-male,2,2,2,2,2,2,2
MSC,5fc4e5e5-8cbe-4680-a2b7-ff0c0bfd7c04,7.0,4.1875,5.833333333333334,70.5,6.0,6.0,0.7428030303030302,5fc4e5e5,5fc4e5e5-8cbe-4680-a2b7-ff0c0bfd7c04/processed/5fc4e5e5-8cbe-4680-a2b7-ff0c0bfd7c04.mp3,female-male,2,2,2,2,2,2,2
MSC,5fcf9d0c-2f1d-44e5-bfc2-585ba1951f71,8.0,5.5,6.166666666666666,58.0,6.5,6.0,0.814090909090909,5fcf9d0c,5fcf9d0c-2f1d-44e5-bfc2-585ba1951f71/processed/5fcf9d0c-2f1d-44e5-bfc2-585ba1951f71.mp3,male-male,2,2,2,2,2,2,2
MSC,5fe1c8f2-3ab2-4366-9d69-f76c58aad79d,7.5,4.125,6.0,86.0,6.0,5.0,0.7425000000000002,5fe1c8f2,5fe1c8f2-3ab2-4366-9d69-f76c58aad79d/processed/5fe1c8f2-3ab2-4366-9d69-f76c58aad79d.mp3,female-male,2,2,2,2,2,2,2
MSC,5fe46d0f-6c17-41eb-bb4d-022ce47fe824,7.5,4.25,6.0,76.5,6.0,8.0,0.6427272727272727,5fe46d0f,5fe46d0f-6c17-41eb-bb4d-022ce47fe824/processed/5fe46d0f-6c17-41eb-bb4d-022ce47fe824.mp3,female-female,2,2,2,2,2,2,2
MSC,5fff5771-6673-4882-8ac9-2404c15b7451,8.0,4.8125,5.666666666666666,81.5,6.5,4.5,0.75,5fff5771,5fff5771-6673-4882-8ac9-2404c15b7451/processed/5fff5771-6673-4882-8ac9-2404c15b7451.mp3,female-male,2,2,2,2,2,2,2
MSC,601dd44f-db11-48d6-b150-d8959e05c97f,8.0,5.625,6.0,80.0,6.0,7.0,0.7318181818181819,601dd44f,601dd44f-db11-48d6-b150-d8959e05c97f/processed/601dd44f-db11-48d6-b150-d8959e05c97f.mp3,contains_MSC_or_unknown,1,1,1,1,1,1,1
MSC,60454fcf-eceb-4faf-9347-8d796e1b5be8,6.0,4.0,4.0,50.0,5.0,4.0,0.6046969696969697,60454fcf,60454fcf-eceb-4faf-9347-8d796e1b5be8/processed/60454fcf-eceb-4faf-9347-8d796e1b5be8.mp3,contains_MSC_or_unknown,1,1,1,1,1,1,1
MSC,607a1155-0781-43a4-88ea-66a4cdb75585,7.0,2.375,5.333333333333333,45.0,5.0,2.5,0.6168181818181819,607a1155,607a1155-0781-43a4-88ea-66a4cdb75585/processed/607a1155-0781-43a4-88ea-66a4cdb75585.mp3,female-male,2,2,2,2,2,2,2
MSC,60d724dc-d650-4991-b735-da723e5ed484,9.0,4.9375,6.0,85.5,7.0,6.0,0.8799999999999999,60d724dc,60d724dc-d650-4991-b735-da723e5ed484/processed/60d724dc-d650-4991-b735-da723e5ed484.mp3,female-female,2,2,2,2,2,2,2
MSC,611dda66-526f-4b80-9ede-57a494457c61,7.5,3.4375,5.166666666666666,64.5,6.0,3.5,0.6886363636363637,611dda66,611dda66-526f-4b80-9ede-57a494457c61/processed/611dda66-526f-4b80-9ede-57a494457c61.mp3,male-male,2,2,2,2,2,2,2
MSC,6147bbf7-b883-4cb8-b934-d305ec927d7f,7.5,5.5,6.5,67.5,7.0,6.5,0.828030303030303,6147bbf7,6147bbf7-b883-4cb8-b934-d305ec927d7f/processed/6147bbf7-b883-4cb8-b934-d305ec927d7f.mp3,female-male,2,2,2,2,2,2,2
MSC,6163a127-a76c-4bec-8d7c-02e6e6fd548a,5.5,3.4375,4.0,61.5,4.5,5.0,0.5974242424242424,6163a127,6163a127-a76c-4bec-8d7c-02e6e6fd548a/processed/6163a127-a76c-4bec-8d7c-02e6e6fd548a.mp3,contains_MSC_or_unknown,2,2,2,2,2,2,2
MSC,616a7acc-2d13-45c4-b270-8716313bbc73,8.0,4.6875,5.833333333333334,87.5,6.0,6.5,0.8004545454545455,616a7acc,616a7acc-2d13-45c4-b270-8716313bbc73/processed/616a7acc-2d13-45c4-b270-8716313bbc73.mp3,female-male,2,2,2,2,2,2,2
MSC,61a3fe39-0579-49f9-ab93-b75cf8404a0e,8.0,3.75,6.0,71.5,6.5,3.5,0.7946969696969697,61a3fe39,61a3fe39-0579-49f9-ab93-b75cf8404a0e/processed/61a3fe39-0579-49f9-ab93-b75cf8404a0e.mp3,female-male,2,2,2,2,2,2,2
MSC,61b35301-6416-4293-a5c5-fd5d1ece93b4,9.0,5.875,6.166666666666666,96.0,7.0,6.5,0.9021212121212121,61b35301,61b35301-6416-4293-a5c5-fd5d1ece93b4/processed/61b35301-6416-4293-a5c5-fd5d1ece93b4.mp3,female-female,2,2,2,2,2,2,2
MSC,61e32a88-cbee-4319-9f54-564af7e118a5,9.0,4.1875,5.833333333333334,91.5,7.0,5.0,0.8650757575757575,61e32a88,61e32a88-cbee-4319-9f54-564af7e118a5/processed/61e32a88-cbee-4319-9f54-564af7e118a5.mp3,female-male,2,2,2,2,2,2,2
MSC,61f439d4-55ca-482d-b78f-21ed14af9912,6.0,4.0,3.833333333333333,58.0,5.5,4.0,0.6824242424242424,61f439d4,61f439d4-55ca-482d-b78f-21ed14af9912/processed/61f439d4-55ca-482d-b78f-21ed14af9912.mp3,female-female,2,2,2,2,2,2,2
MSC,623768bc-17cf-4121-8968-f0c25c1aaddb,8.0,5.0625,6.5,77.0,6.0,5.5,0.8412878787878788,623768bc,623768bc-17cf-4121-8968-f0c25c1aaddb/processed/623768bc-17cf-4121-8968-f0c25c1aaddb.mp3,female-male,2,2,2,2,2,2,2
MSC,62455c51-5d21-4f2a-ad6d-2ec3d63abb4e,8.5,4.375,5.833333333333334,68.0,7.0,5.0,0.7816666666666666,62455c51,62455c51-5d21-4f2a-ad6d-2ec3d63abb4e/processed/62455c51-5d21-4f2a-ad6d-2ec3d63abb4e.mp3,female-female,2,2,2,2,2,2,2
MSC,624f744d-408e-4207-a725-f98a57340d90,8.0,5.0625,6.166666666666666,71.0,6.0,7.0,0.7865151515151515,624f744d,624f744d-408e-4207-a725-f98a57340d90/processed/624f744d-408e-4207-a725-f98a57340d90.mp3,female-female,2,2,2,2,2,2,2
MSC,62693a9e-edd8-40a1-a073-2a91fdfd0297,6.5,4.8125,6.0,61.0,5.5,4.5,0.6347727272727273,62693a9e,62693a9e-edd8-40a1-a073-2a91fdfd0297/processed/62693a9e-edd8-40a1-a073-2a91fdfd0297.mp3,male-male,2,2,2,2,2,2,2
MSC,631e6db0-f0af-4f55-adc5-fa218b624bd4,8.0,4.875,6.333333333333334,89.5,6.5,7.0,0.8681818181818182,631e6db0,631e6db0-f0af-4f55-adc5-fa218b624bd4/processed/631e6db0-f0af-4f55-adc5-fa218b624bd4.mp3,female-male,2,2,2,2,2,2,2
MSC,63573cd4-63b2-41d0-9d14-6e0c98b6c212,8.5,6.5625,6.666666666666666,92.5,7.0,6.5,0.9462878787878788,63573cd4,63573cd4-63b2-41d0-9d14-6e0c98b6c212/processed/63573cd4-63b2-41d0-9d14-6e0c98b6c212.mp3,male-male,2,2,2,2,2,2,2
HSC,6365a56e-c7bc-4f08-9828-08537508f71d,9.0,5.8125,6.333333333333334,95.0,7.0,8.0,0.9435606060606061,6365a56e,6365a56e-c7bc-4f08-9828-08537508f71d/processed/6365a56e-c7bc-4f08-9828-08537508f71d.mp3,male-male,2,2,2,2,2,2,2
MSC,6367b953-4460-45e6-9169-4c73e3964ede,8.5,6.0,6.333333333333334,90.0,7.0,7.0,0.8493939393939394,6367b953,6367b953-4460-45e6-9169-4c73e3964ede/processed/6367b953-4460-45e6-9169-4c73e3964ede.mp3,female-male,2,2,2,2,2,2,2
MSC,63aa8d5f-b097-4cba-9a89-bfec05aa45f7,9.0,4.0625,6.666666666666666,93.0,7.0,7.0,0.896439393939394,63aa8d5f,63aa8d5f-b097-4cba-9a89-bfec05aa45f7/processed/63aa8d5f-b097-4cba-9a89-bfec05aa45f7.mp3,female-male,2,2,2,2,2,2,2
MSC,63b17d05-e2ff-48c8-8e9f-68ce4a9ed951,8.0,5.125,6.333333333333334,90.5,6.5,7.5,0.835,63b17d05,63b17d05-e2ff-48c8-8e9f-68ce4a9ed951/processed/63b17d05-e2ff-48c8-8e9f-68ce4a9ed951.mp3,female-male,2,2,2,2,2,2,2
MSC,63e861bf-3c6c-434c-9099-c8d8ba694caf,6.5,5.375,5.833333333333334,57.0,4.5,4.5,0.6831818181818182,63e861bf,63e861bf-3c6c-434c-9099-c8d8ba694caf/processed/63e861bf-3c6c-434c-9099-c8d8ba694caf.mp3,female-male,2,2,2,2,2,2,2
MSC,63eb8dfd-eb09-4eb8-9e11-b7ad7235a18c,5.5,5.1875,5.666666666666666,56.0,6.0,7.0,0.6127272727272728,63eb8dfd,63eb8dfd-eb09-4eb8-9e11-b7ad7235a18c/processed/63eb8dfd-eb09-4eb8-9e11-b7ad7235a18c.mp3,female-female,2,2,2,2,2,2,2
MSC,63f36feb-8f86-44de-8c83-03c129624c2d,8.5,4.875,6.166666666666667,80.5,7.0,6.0,0.8197727272727272,63f36feb,63f36feb-8f86-44de-8c83-03c129624c2d/processed/63f36feb-8f86-44de-8c83-03c129624c2d.mp3,female-male,2,2,2,2,2,2,2
MSC,63f91a31-493b-43e9-9d93-63da67699607,6.0,3.75,5.5,81.5,5.5,2.5,0.676439393939394,63f91a31,63f91a31-493b-43e9-9d93-63da67699607/processed/63f91a31-493b-43e9-9d93-63da67699607.mp3,contains_MSC_or_unknown,2,2,2,2,2,2,2
MSC,64d2a057-f8ac-4e44-9e0f-6645a3da8a91,7.0,5.0,5.666666666666666,62.0,5.5,3.5,0.7143939393939394,64d2a057,64d2a057-f8ac-4e44-9e0f-6645a3da8a91/processed/64d2a057-f8ac-4e44-9e0f-6645a3da8a91.mp3,female-male,2,2,2,2,2,2,2
MSC,6508345e-7d24-4a45-93da-250485492e38,8.5,4.3125,5.666666666666666,72.5,6.0,6.0,0.8268939393939394,6508345e,6508345e-7d24-4a45-93da-250485492e38/processed/6508345e-7d24-4a45-93da-250485492e38.mp3,male-male,2,2,2,2,2,2,2
MSC,65271581-3117-4b65-a54c-64486d5e5453,8.5,5.1875,6.333333333333334,84.0,6.5,7.5,0.8493181818181817,65271581,65271581-3117-4b65-a54c-64486d5e5453/processed/65271581-3117-4b65-a54c-64486d5e5453.mp3,female-female,2,2,2,2,2,2,2
MSC,658ba8ce-5351-4433-9786-020e69923f09,6.0,3.0,5.0,42.5,5.5,4.0,0.5853787878787879,658ba8ce,658ba8ce-5351-4433-9786-020e69923f09/processed/658ba8ce-5351-4433-9786-020e69923f09.mp3,female-female,2,2,2,2,2,2,2
MSC,65b9bc57-6206-475d-91ec-c5696259c0d4,5.0,4.125,4.0,80.0,6.0,6.0,0.6759090909090909,65b9bc57,65b9bc57-6206-475d-91ec-c5696259c0d4/processed/65b9bc57-6206-475d-91ec-c5696259c0d4.mp3,contains_MSC_or_unknown,1,1,1,1,1,1,1
MSC,65ec7b23-af77-449e-9b11-e431f8a3b874,7.0,4.75,5.666666666666667,75.0,5.0,4.0,0.723939393939394,65ec7b23,65ec7b23-af77-449e-9b11-e431f8a3b874/processed/65ec7b23-af77-449e-9b11-e431f8a3b874.mp3,contains_MSC_or_unknown,1,1,1,1,1,1,1
MSC,65ef52f0-93a4-435c-ae13-ab502aa60bd7,8.5,4.3125,6.333333333333334,68.0,6.5,7.5,0.8206818181818182,65ef52f0,65ef52f0-93a4-435c-ae13-ab502aa60bd7/processed/65ef52f0-93a4-435c-ae13-ab502aa60bd7.mp3,female-male,2,2,2,2,2,2,2
MSC,660c942e-6681-4f6f-9d9d-0aff9f2e5561,7.5,4.0,5.666666666666666,72.5,5.5,4.5,0.731439393939394,660c942e,660c942e-6681-4f6f-9d9d-0aff9f2e5561/processed/660c942e-6681-4f6f-9d9d-0aff9f2e5561.mp3,female-male,2,2,2,2,2,2,2
MSC,66637745-1f42-48d5-810e-ad7726f2c315,6.0,4.6875,6.0,63.5,6.0,5.5,0.6251515151515152,66637745,66637745-1f42-48d5-810e-ad7726f2c315/processed/66637745-1f42-48d5-810e-ad7726f2c315.mp3,female-female,2,2,2,2,2,2,2
MSC,66768810-879d-4e2f-b5f5-ecc67d298104,7.5,5.75,5.5,78.5,6.0,8.5,0.828560606060606,66768810,66768810-879d-4e2f-b5f5-ecc67d298104/processed/66768810-879d-4e2f-b5f5-ecc67d298104.mp3,male-male,2,2,2,2,2,2,2
MSC,667e28f1-58df-4e0a-bef3-77686aede2e2,5.5,3.5,5.333333333333333,79.0,4.5,2.5,0.6203030303030302,667e28f1,667e28f1-58df-4e0a-bef3-77686aede2e2/processed/667e28f1-58df-4e0a-bef3-77686aede2e2.mp3,female-female,2,2,2,2,2,2,2
MSC,66ad6c92-6876-40c6-b32c-fed5571dff00,8.5,4.0,5.833333333333334,85.0,6.5,8.0,0.8393181818181816,66ad6c92,66ad6c92-6876-40c6-b32c-fed5571dff00/processed/66ad6c92-6876-40c6-b32c-fed5571dff00.mp3,female-male,2,2,2,2,2,2,2
MSC,670a5595-30d2-4917-a91a-09ddd8f5f5dc,8.0,5.5625,6.0,87.5,6.5,8.0,0.8227272727272728,670a5595,670a5595-30d2-4917-a91a-09ddd8f5f5dc/processed/670a5595-30d2-4917-a91a-09ddd8f5f5dc.mp3,female-female,2,2,2,2,2,2,2
MSC,671a3808-df44-4bdb-9000-1078a0280eeb,8.0,5.3125,6.5,83.0,6.5,5.0,0.848560606060606,671a3808,671a3808-df44-4bdb-9000-1078a0280eeb/processed/671a3808-df44-4bdb-9000-1078a0280eeb.mp3,female-male,2,2,2,2,2,2,2
MSC,671f9e6e-a35f-4bdc-9b61-4adb53bb1690,5.5,4.4375,4.833333333333333,72.5,4.0,6.0,0.6188636363636364,671f9e6e,671f9e6e-a35f-4bdc-9b61-4adb53bb1690/processed/671f9e6e-a35f-4bdc-9b61-4adb53bb1690.mp3,female-male,2,2,2,2,2,2,2
MSC,6726f6b1-8dad-459b-8b6b-b4d2c4c6f556,9.0,5.25,6.5,86.0,7.0,6.5,0.8895454545454546,6726f6b1,6726f6b1-8dad-459b-8b6b-b4d2c4c6f556/processed/6726f6b1-8dad-459b-8b6b-b4d2c4c6f556.mp3,female-male,2,2,2,2,2,2,2
MSC,67488a81-9de6-4c8a-be03-817c716a3912,8.5,4.1875,6.333333333333334,67.5,6.5,9.0,0.7804545454545454,67488a81,67488a81-9de6-4c8a-be03-817c716a3912/processed/67488a81-9de6-4c8a-be03-817c716a3912.mp3,female-female,2,2,2,2,2,2,2
MSC,67816674-0ffb-4797-85a9-e9a73e654c2d,6.5,4.8125,6.0,82.5,5.0,8.0,0.7231060606060606,67816674,67816674-0ffb-4797-85a9-e9a73e654c2d/processed/67816674-0ffb-4797-85a9-e9a73e654c2d.mp3,female-female,2,2,2,2,2,2,2
UNSCORED,67836c1d-1334-41a0-a33a-4f788e8b6fb3,7.0,4.1875,5.333333333333334,73.0,5.5,5.5,0.7024242424242424,67836c1d,67836c1d-1334-41a0-a33a-4f788e8b6fb3/processed/67836c1d-1334-41a0-a33a-4f788e8b6fb3.mp3,female-male,2,2,2,2,2,2,2
MSC,67a84a1f-e628-40d8-a000-baac829fd25f,8.0,4.8125,6.0,85.0,6.5,7.5,0.8627272727272728,67a84a1f,67a84a1f-e628-40d8-a000-baac829fd25f/processed/67a84a1f-e628-40d8-a000-baac829fd25f.mp3,male-male,2,2,2,2,2,2,2
MSC,67ab7641-8772-46ec-a23a-ababb9d194e8,8.0,5.1875,5.666666666666666,69.0,6.5,3.5,0.8081060606060606,67ab7641,67ab7641-8772-46ec-a23a-ababb9d194e8/processed/67ab7641-8772-46ec-a23a-ababb9d194e8.mp3,contains_MSC_or_unknown,2,2,2,2,2,2,2
MSC,67b58dc4-3de3-4725-90db-f5859b6c6e20,6.5,3.125,5.833333333333334,55.5,5.5,4.0,0.7137121212121211,67b58dc4,67b58dc4-3de3-4725-90db-f5859b6c6e20/processed/67b58dc4-3de3-4725-90db-f5859b6c6e20.mp3,female-male,2,2,2,2,2,2,2
MSC,6805b7d1-d362-4731-b766-b39aba421c6c,7.0,4.5,5.833333333333334,64.0,5.5,6.5,0.7252272727272727,6805b7d1,6805b7d1-d362-4731-b766-b39aba421c6c/processed/6805b7d1-d362-4731-b766-b39aba421c6c.mp3,female-male,2,2,2,2,2,2,2
MSC,680827e2-b20a-40e7-9b6e-adf01595b954,7.5,5.3125,6.0,84.0,6.0,7.5,0.7874242424242424,680827e2,680827e2-b20a-40e7-9b6e-adf01595b954/processed/680827e2-b20a-40e7-9b6e-adf01595b954.mp3,female-male,2,2,2,2,2,2,2
MSC,6869191b-8311-44a8-8252-0ee12a1ef3ba,7.5,5.75,6.0,67.5,6.0,5.0,0.7772727272727273,6869191b,6869191b-8311-44a8-8252-0ee12a1ef3ba/processed/6869191b-8311-44a8-8252-0ee12a1ef3ba.mp3,female-male,2,2,2,2,2,2,2
MSC,689f470c-85bd-49a0-8eee-af92cb04ed43,7.0,5.0625,5.5,73.5,6.0,7.5,0.7253030303030303,689f470c,689f470c-85bd-49a0-8eee-af92cb04ed43/processed/689f470c-85bd-49a0-8eee-af92cb04ed43.mp3,male-male,2,2,2,2,2,2,2
MSC,68a27e9e-2c9d-49ac-ba58-9751d402a84b,9.0,5.625,6.666666666666667,85.0,7.0,8.0,0.8501515151515151,68a27e9e,68a27e9e-2c9d-49ac-ba58-9751d402a84b/processed/68a27e9e-2c9d-49ac-ba58-9751d402a84b.mp3,contains_MSC_or_unknown,1,1,1,1,1,1,1
MSC,68bcb0c3-8dab-405a-a737-3e18d2f63bb8,9.0,5.8125,6.333333333333334,74.5,6.5,7.0,0.890530303030303,68bcb0c3,68bcb0c3-8dab-405a-a737-3e18d2f63bb8/processed/68bcb0c3-8dab-405a-a737-3e18d2f63bb8.mp3,male-male,2,2,2,2,2,2,2
MSC,68e5b791-3931-440e-a603-4e3a063d8521,9.0,4.5625,6.166666666666666,95.0,7.0,7.5,0.9170454545454545,68e5b791,68e5b791-3931-440e-a603-4e3a063d8521/processed/68e5b791-3931-440e-a603-4e3a063d8521.mp3,female-female,2,2,2,2,2,2,2
MSC,68fda301-7b65-4d25-9572-3611ae9fb128,8.5,5.875,6.833333333333334,82.5,6.5,7.0,0.8374999999999999,68fda301,68fda301-7b65-4d25-9572-3611ae9fb128/processed/68fda301-7b65-4d25-9572-3611ae9fb128.mp3,male-male,2,2,2,2,2,2,2
MSC,69afe09f-da8f-4d79-9a1e-fb2bddf27924,9.0,3.875,6.0,96.0,7.0,2.5,0.9262878787878788,69afe09f,69afe09f-da8f-4d79-9a1e-fb2bddf27924/processed/69afe09f-da8f-4d79-9a1e-fb2bddf27924.mp3,female-male,2,2,2,2,2,2,2
MSC,69f68857-86f2-4357-9675-e4b2f62dad8d,6.5,2.9375,4.5,58.0,5.5,2.0,0.6831060606060606,69f68857,69f68857-86f2-4357-9675-e4b2f62dad8d/processed/69f68857-86f2-4357-9675-e4b2f62dad8d.mp3,female-male,2,2,2,2,2,2,2
LSC,69fef050-eda2-4dbd-957a-80a8ae7112f4,5.5,4.3125,4.5,65.5,5.0,5.0,0.4326515151515151,69fef050,69fef050-eda2-4dbd-957a-80a8ae7112f4/processed/69fef050-eda2-4dbd-957a-80a8ae7112f4.mp3,female-male,2,2,2,2,2,2,2
MSC,6a787b82-62d0-47fa-8def-b386a91b410c,6.5,5.5625,6.5,60.5,6.0,6.0,0.5962878787878788,6a787b82,6a787b82-62d0-47fa-8def-b386a91b410c/processed/6a787b82-62d0-47fa-8def-b386a91b410c.mp3,female-female,2,2,2,2,2,2,2
MSC,6a9931b6-1b17-46a4-a78a-cdff5562c82a,8.0,5.375,6.0,72.5,6.0,7.5,0.8193939393939395,6a9931b6,6a9931b6-1b17-46a4-a78a-cdff5562c82a/processed/6a9931b6-1b17-46a4-a78a-cdff5562c82a.mp3,male-male,2,2,2,2,2,2,2
MSC,6aa2e640-173d-4b2c-a59e-845d46b6c139,7.0,3.125,6.333333333333334,60.5,5.5,5.0,0.6853787878787878,6aa2e640,6aa2e640-173d-4b2c-a59e-845d46b6c139/processed/6aa2e640-173d-4b2c-a59e-845d46b6c139.mp3,female-male,2,2,2,2,2,2,2
MSC,6aa9e74c-61b9-4ae9-a976-dcb22fe27734,6.5,5.0625,5.5,77.5,5.5,5.5,0.6659848484848485,6aa9e74c,6aa9e74c-61b9-4ae9-a976-dcb22fe27734/processed/6aa9e74c-61b9-4ae9-a976-dcb22fe27734.mp3,female-male,2,2,2,2,2,2,2
MSC,6ae995fc-97f7-4fa4-84d9-aa19c360eae9,7.0,5.5,5.833333333333334,78.0,6.0,6.0,0.7457575757575757,6ae995fc,6ae995fc-97f7-4fa4-84d9-aa19c360eae9/processed/6ae995fc-97f7-4fa4-84d9-aa19c360eae9.mp3,female-female,2,2,2,2,2,2,2
MSC,6aeef548-3247-407f-b1d4-e50f1d8b9f46,8.5,5.4375,6.333333333333334,79.0,7.0,8.0,0.8657575757575757,6aeef548,6aeef548-3247-407f-b1d4-e50f1d8b9f46/processed/6aeef548-3247-407f-b1d4-e50f1d8b9f46.mp3,female-male,2,2,2,2,2,2,2
LSC,6b083911-932d-4bb5-8fb8-1ba98cb10ac3,5.0,2.5625,4.0,47.5,4.0,3.0,0.523030303030303,6b083911,6b083911-932d-4bb5-8fb8-1ba98cb10ac3/processed/6b083911-932d-4bb5-8fb8-1ba98cb10ac3.mp3,male-male,2,2,2,2,2,2,2
UNSCORED,6b1afe9d-2622-4517-b4fd-2d89d3688421,5.0,3.875,5.166666666666667,66.0,5.0,5.0,0.5725,6b1afe9d,6b1afe9d-2622-4517-b4fd-2d89d3688421/processed/6b1afe9d-2622-4517-b4fd-2d89d3688421.mp3,female-male,2,2,2,2,2,2,2
MSC,6b9010e2-a966-48cc-8592-d38e17645dd1,8.5,5.8125,6.833333333333334,81.5,7.0,6.5,0.8524999999999999,6b9010e2,6b9010e2-a966-48cc-8592-d38e17645dd1/processed/6b9010e2-a966-48cc-8592-d38e17645dd1.mp3,female-male,2,2,2,2,2,2,2
MSC,6c394707-0f4f-40b4-814d-81f18e20b1da,8.5,4.75,5.666666666666666,89.5,7.0,7.5,0.8709848484848484,6c394707,6c394707-0f4f-40b4-814d-81f18e20b1da/processed/6c394707-0f4f-40b4-814d-81f18e20b1da.mp3,female-female,2,2,2,2,2,2,2
MSC,6c4d0bdf-7158-4acc-a51e-10eb67db6278,8.0,4.8125,6.333333333333334,67.5,6.0,4.5,0.7315151515151515,6c4d0bdf,6c4d0bdf-7158-4acc-a51e-10eb67db6278/processed/6c4d0bdf-7158-4acc-a51e-10eb67db6278.mp3,female-male,2,2,2,2,2,2,2
MSC,6c65eae9-977e-4e02-a7b9-9c8977ca0fec,8.5,4.9375,5.833333333333334,81.5,6.0,2.0,0.8383333333333333,6c65eae9,6c65eae9-977e-4e02-a7b9-9c8977ca0fec/processed/6c65eae9-977e-4e02-a7b9-9c8977ca0fec.mp3,female-male,2,2,2,2,2,2,2
MSC,6cb715c8-2c4a-4dae-a47e-5d0b3108f4c8,9.0,5.75,6.0,89.5,7.0,5.0,0.9030303030303031,6cb715c8,6cb715c8-2c4a-4dae-a47e-5d0b3108f4c8/processed/6cb715c8-2c4a-4dae-a47e-5d0b3108f4c8.mp3,female-female,2,2,2,2,2,2,2
MSC,6cc56ecc-d29c-4bb3-bbd9-c67236c15b0c,8.0,4.1875,5.5,75.5,6.0,5.5,0.7224242424242425,6cc56ecc,6cc56ecc-d29c-4bb3-bbd9-c67236c15b0c/processed/6cc56ecc-d29c-4bb3-bbd9-c67236c15b0c.mp3,female-male,2,2,2,2,2,2,2
MSC,6ce9f678-15c4-424c-bf3f-b4e2f47a8818,7.0,4.5,5.666666666666667,81.0,7.0,4.0,0.7092424242424242,6ce9f678,6ce9f678-15c4-424c-bf3f-b4e2f47a8818/processed/6ce9f678-15c4-424c-bf3f-b4e2f47a8818.mp3,contains_MSC_or_unknown,1,1,1,1,1,1,1
MSC,6d57b921-6642-4b3c-a153-faa7bca3ffe7,8.5,5.4375,6.166666666666666,88.5,6.5,8.5,0.9002272727272727,6d57b921,6d57b921-6642-4b3c-a153-faa7bca3ffe7/processed/6d57b921-6642-4b3c-a153-faa7bca3ffe7.mp3,female-male,2,2,2,2,2,2,2
MSC,6d63882e-8bce-4ca0-97fc-456c33240993,6.5,5.125,5.5,80.0,5.0,4.5,0.636818181818182,6d63882e,6d63882e-8bce-4ca0-97fc-456c33240993/processed/6d63882e-8bce-4ca0-97fc-456c33240993.mp3,female-male,2,2,2,2,2,2,2
MSC,6d752764-87c6-4079-a5ef-2778924e6a43,8.5,6.5,6.0,91.0,7.0,7.5,0.9142424242424243,6d752764,6d752764-87c6-4079-a5ef-2778924e6a43/processed/6d752764-87c6-4079-a5ef-2778924e6a43.mp3,male-male,2,2,2,2,2,2,2
UNSCORED,6d936bf9-9bdb-4755-83dd-01b115fe2786,8.5,4.25,6.5,88.0,7.0,5.5,0.8401515151515151,6d936bf9,6d936bf9-9bdb-4755-83dd-01b115fe2786/processed/6d936bf9-9bdb-4755-83dd-01b115fe2786.mp3,female-male,2,2,2,2,2,2,2
MSC,6dad6fab-5953-4d00-adb3-fab321cc5633,6.0,5.375,5.0,62.5,4.5,6.0,0.6158333333333333,6dad6fab,6dad6fab-5953-4d00-adb3-fab321cc5633/processed/6dad6fab-5953-4d00-adb3-fab321cc5633.mp3,female-female,2,2,2,2,2,2,2
MSC,6dbba663-77e3-4d2f-ada0-676de3fe1d1c,8.5,4.625,6.333333333333334,78.5,6.5,7.0,0.8113636363636363,6dbba663,6dbba663-77e3-4d2f-ada0-676de3fe1d1c/processed/6dbba663-77e3-4d2f-ada0-676de3fe1d1c.mp3,female-male,2,2,2,2,2,2,2
MSC,6e55eb1c-1beb-4757-9b39-36033cf3ff45,6.5,4.125,5.5,66.0,5.0,5.0,0.6110606060606061,6e55eb1c,6e55eb1c-1beb-4757-9b39-36033cf3ff45/processed/6e55eb1c-1beb-4757-9b39-36033cf3ff45.mp3,female-male,2,2,2,2,2,2,2
HSC,6e5975cf-1d81-47a0-a487-7cde60912857,9.0,5.5,7.0,92.0,7.0,7.5,0.9556060606060606,6e5975cf,6e5975cf-1d81-47a0-a487-7cde60912857/processed/6e5975cf-1d81-47a0-a487-7cde60912857.mp3,female-female,2,2,2,2,2,2,2
MSC,6e7ee9b5-665c-43ee-982b-563887fed446,8.5,6.0,6.333333333333334,88.5,6.5,6.5,0.8732575757575758,6e7ee9b5,6e7ee9b5-665c-43ee-982b-563887fed446/processed/6e7ee9b5-665c-43ee-982b-563887fed446.mp3,male-male,2,2,2,2,2,2,2
MSC,6e82e1a7-b912-409c-9a03-7dee3ece95f1,6.5,5.25,5.833333333333334,43.0,5.5,5.0,0.6427272727272728,6e82e1a7,6e82e1a7-b912-409c-9a03-7dee3ece95f1/processed/6e82e1a7-b912-409c-9a03-7dee3ece95f1.mp3,male-male,2,2,2,2,2,2,2
MSC,6ebf192d-8918-4835-9b60-d76f27970723,7.0,3.875,5.666666666666667,78.5,5.5,7.5,0.7606060606060605,6ebf192d,6ebf192d-8918-4835-9b60-d76f27970723/processed/6ebf192d-8918-4835-9b60-d76f27970723.mp3,contains_MSC_or_unknown,2,2,2,2,2,2,2
MSC,6ec9ed5c-3b53-4661-bb3c-e83308de804f,6.5,3.4375,4.666666666666667,41.0,5.5,5.5,0.6713636363636364,6ec9ed5c,6ec9ed5c-3b53-4661-bb3c-e83308de804f/processed/6ec9ed5c-3b53-4661-bb3c-e83308de804f.mp3,female-male,2,2,2,2,2,2,2
MSC,6ef1966f-a733-460a-8d91-dfe31a832277,5.5,3.625,6.0,50.0,5.0,4.0,0.6181818181818182,6ef1966f,6ef1966f-a733-460a-8d91-dfe31a832277/processed/6ef1966f-a733-460a-8d91-dfe31a832277.mp3,female-female,2,2,2,2,2,2,2
HSC,6ef72bdf-4e7a-461b-af13-7fa3c432a57a,9.0,6.5,6.333333333333333,90.0,7.0,8.0,0.9193181818181818,6ef72bdf,6ef72bdf-4e7a-461b-af13-7fa3c432a57a/processed/6ef72bdf-4e7a-461b-af13-7fa3c432a57a.mp3,male-male,2,2,2,2,2,2,2
MSC,6f20129e-25be-4f00-bdec-6f8e2e0f7147,9.0,4.5625,6.0,82.5,7.0,5.5,0.8299242424242423,6f20129e,6f20129e-25be-4f00-bdec-6f8e2e0f7147/processed/6f20129e-25be-4f00-bdec-6f8e2e0f7147.mp3,female-female,2,2,2,2,2,2,2
MSC,6f21a4f3-ec09-4402-998a-dec8f9fc09d2,8.0,4.9375,6.5,79.5,7.0,8.0,0.8643181818181818,6f21a4f3,6f21a4f3-ec09-4402-998a-dec8f9fc09d2/processed/6f21a4f3-ec09-4402-998a-dec8f9fc09d2.mp3,contains_MSC_or_unknown,2,2,2,2,2,2,2
MSC,6f46c347-8209-49ab-b800-4269ca8c1697,9.0,6.4375,6.5,88.0,7.0,8.0,0.9095454545454547,6f46c347,6f46c347-8209-49ab-b800-4269ca8c1697/processed/6f46c347-8209-49ab-b800-4269ca8c1697.mp3,female-male,2,2,2,2,2,2,2
MSC,6f6900a6-098d-4034-aa06-43339769adbe,7.5,3.875,6.0,81.5,6.0,5.5,0.7862878787878789,6f6900a6,6f6900a6-098d-4034-aa06-43339769adbe/processed/6f6900a6-098d-4034-aa06-43339769adbe.mp3,male-male,2,2,2,2,2,2,2
MSC,6f768eb2-a9d7-4a8e-9ae5-fddb6675a40b,9.0,6.0,6.5,85.5,6.5,8.0,0.8781060606060607,6f768eb2,6f768eb2-a9d7-4a8e-9ae5-fddb6675a40b/processed/6f768eb2-a9d7-4a8e-9ae5-fddb6675a40b.mp3,female-male,2,2,2,2,2,2,2
MSC,6f7b1b32-ff36-403b-af52-cbe85dd4e407,7.0,4.4375,5.666666666666666,75.0,5.5,5.0,0.7181818181818181,6f7b1b32,6f7b1b32-ff36-403b-af52-cbe85dd4e407/processed/6f7b1b32-ff36-403b-af52-cbe85dd4e407.mp3,male-male,2,2,2,2,2,2,2
MSC,6fb27106-8840-406e-a800-99d1516191ce,7.5,5.125,6.0,75.0,6.0,5.5,0.7807575757575758,6fb27106,6fb27106-8840-406e-a800-99d1516191ce/processed/6fb27106-8840-406e-a800-99d1516191ce.mp3,female-female,2,2,2,2,2,2,2
MSC,6fdd1fc5-e185-45e4-810d-bd8fb8b82490,6.0,4.125,4.0,35.0,5.0,5.0,0.5787878787878787,6fdd1fc5,6fdd1fc5-e185-45e4-810d-bd8fb8b82490/processed/6fdd1fc5-e185-45e4-810d-bd8fb8b82490.mp3,contains_MSC_or_unknown,1,1,1,1,1,1,1
MSC,6fe76b71-8f31-4b6f-9347-557cf88d18a5,7.0,5.4375,6.166666666666666,45.0,5.5,6.0,0.7041666666666667,6fe76b71,6fe76b71-8f31-4b6f-9347-557cf88d18a5/processed/6fe76b71-8f31-4b6f-9347-557cf88d18a5.mp3,female-female,2,2,2,2,2,2,2
MSC,6ff06445-48e2-40e6-8833-0d73489714a9,7.5,5.375,5.5,92.5,7.0,5.5,0.7879545454545455,6ff06445,6ff06445-48e2-40e6-8833-0d73489714a9/processed/6ff06445-48e2-40e6-8833-0d73489714a9.mp3,female-female,2,2,2,2,2,2,2
MSC,6ff52c45-b861-472c-9ae1-10b11df3d881,8.0,5.25,6.666666666666666,87.5,6.0,7.5,0.8551515151515152,6ff52c45,6ff52c45-b861-472c-9ae1-10b11df3d881/processed/6ff52c45-b861-472c-9ae1-10b11df3d881.mp3,female-male,2,2,2,2,2,2,2
MSC,6ff82242-7aec-46d3-a7ed-a8a0b4076c75,7.0,3.875,5.5,81.0,6.0,5.0,0.6876515151515152,6ff82242,6ff82242-7aec-46d3-a7ed-a8a0b4076c75/processed/6ff82242-7aec-46d3-a7ed-a8a0b4076c75.mp3,female-male,2,2,2,2,2,2,2
MSC,7008bc9f-6fc4-4027-a2f2-22e91a520b9e,8.0,5.3125,6.0,82.5,6.5,7.0,0.8326515151515153,7008bc9f,7008bc9f-6fc4-4027-a2f2-22e91a520b9e/processed/7008bc9f-6fc4-4027-a2f2-22e91a520b9e.mp3,male-male,2,2,2,2,2,2,2
LSC,701ef0cb-c9fb-4050-81cc-2eceb099a891,3.0,1.5,4.0,48.0,2.5,1.5,0.3899242424242424,701ef0cb,701ef0cb-c9fb-4050-81cc-2eceb099a891/processed/701ef0cb-c9fb-4050-81cc-2eceb099a891.mp3,female-female,2,2,2,2,2,2,2
MSC,7027e9d9-acb8-4e3d-ae90-2d2a35672cc3,7.0,3.0625,3.166666666666667,52.5,5.5,6.0,0.6608333333333334,7027e9d9,7027e9d9-acb8-4e3d-ae90-2d2a35672cc3/processed/7027e9d9-acb8-4e3d-ae90-2d2a35672cc3.mp3,male-male,2,2,2,2,2,2,2
MSC,70dea9ad-baf7-4699-96a3-642508a8f69e,7.0,4.125,5.333333333333333,56.0,5.5,5.0,0.6256818181818181,70dea9ad,70dea9ad-baf7-4699-96a3-642508a8f69e/processed/70dea9ad-baf7-4699-96a3-642508a8f69e.mp3,female-male,2,2,2,2,2,2,2
MSC,70fd143a-79e8-4b68-b779-4f3d97d9d56a,8.5,4.875,5.833333333333334,87.0,6.5,6.5,0.8493181818181819,70fd143a,70fd143a-79e8-4b68-b779-4f3d97d9d56a/processed/70fd143a-79e8-4b68-b779-4f3d97d9d56a.mp3,female-female,2,2,2,2,2,2,2
HSC,718d778c-d62e-463a-97cd-d6d3550d19a3,9.0,6.1875,6.666666666666666,95.5,7.0,8.0,0.9913636363636364,718d778c,718d778c-d62e-463a-97cd-d6d3550d19a3/processed/718d778c-d62e-463a-97cd-d6d3550d19a3.mp3,female-male,2,2,2,2,2,2,2
MSC,7193181e-85e5-4c31-96f7-d4f38c312f71,4.5,2.6875,4.0,69.0,4.5,2.0,0.5464393939393939,7193181e,7193181e-85e5-4c31-96f7-d4f38c312f71/processed/7193181e-85e5-4c31-96f7-d4f38c312f71.mp3,male-male,2,2,2,2,2,2,2
MSC,719582b9-9fbd-43bc-8891-76674a4e603e,6.0,3.3125,5.833333333333334,51.0,5.0,6.0,0.5997727272727272,719582b9,719582b9-9fbd-43bc-8891-76674a4e603e/processed/719582b9-9fbd-43bc-8891-76674a4e603e.mp3,female-male,2,2,2,2,2,2,2
MSC,7199ba04-39f4-47cd-b3fe-1ab67c6f71d7,6.5,4.0625,5.5,60.5,4.5,6.0,0.6562121212121212,7199ba04,7199ba04-39f4-47cd-b3fe-1ab67c6f71d7/processed/7199ba04-39f4-47cd-b3fe-1ab67c6f71d7.mp3,female-male,2,2,2,2,2,2,2
MSC,71f24b04-6488-4601-a739-741e402bcc3e,7.5,4.0625,5.833333333333333,85.0,6.0,7.0,0.7685606060606059,71f24b04,71f24b04-6488-4601-a739-741e402bcc3e/processed/71f24b04-6488-4601-a739-741e402bcc3e.mp3,female-male,2,2,2,2,2,2,2
MSC,722a7562-25d0-4187-8235-d68ce6c9a694,6.5,4.5,6.5,77.5,6.0,6.5,0.7501515151515152,722a7562,722a7562-25d0-4187-8235-d68ce6c9a694/processed/722a7562-25d0-4187-8235-d68ce6c9a694.mp3,female-male,2,2,2,2,2,2,2
MSC,722c57d7-fe54-41b3-b3d1-04830c2b3148,8.0,4.375,5.166666666666667,68.0,5.5,6.0,0.7697727272727273,722c57d7,722c57d7-fe54-41b3-b3d1-04830c2b3148/processed/722c57d7-fe54-41b3-b3d1-04830c2b3148.mp3,male-male,2,2,2,2,2,2,2
MSC,72357fad-5497-42d7-83c7-72663f8bed0d,5.0,1.75,5.333333333333334,27.5,5.0,3.5,0.4965909090909091,72357fad,72357fad-5497-42d7-83c7-72663f8bed0d/processed/72357fad-5497-42d7-83c7-72663f8bed0d.mp3,female-female,2,2,2,2,2,2,2
MSC,7253c38f-1439-462d-b699-d4712a9bf093,9.0,5.25,6.333333333333334,92.5,6.5,7.0,0.8689393939393939,7253c38f,7253c38f-1439-462d-b699-d4712a9bf093/processed/7253c38f-1439-462d-b699-d4712a9bf093.mp3,female-male,2,2,2,2,2,2,2
MSC,725694cc-a541-4e33-88d8-0cfa283df918,7.0,5.375,6.333333333333334,65.0,5.5,7.0,0.6967424242424243,725694cc,725694cc-a541-4e33-88d8-0cfa283df918/processed/725694cc-a541-4e33-88d8-0cfa283df918.mp3,female-male,2,2,2,2,2,2,2
UNSCORED,725b5586-09b0-4701-a975-03bbd6b88edf,7.5,3.8125,5.166666666666666,75.5,6.0,3.0,0.7228787878787879,725b5586,725b5586-09b0-4701-a975-03bbd6b88edf/processed/725b5586-09b0-4701-a975-03bbd6b88edf.mp3,female-male,2,2,2,2,2,2,2
MSC,727612fd-fe1b-4d87-88bb-c2f2704c0efd,9.0,4.1875,5.666666666666666,72.5,7.0,7.5,0.8992424242424242,727612fd,727612fd-fe1b-4d87-88bb-c2f2704c0efd/processed/727612fd-fe1b-4d87-88bb-c2f2704c0efd.mp3,male-male,2,2,2,2,2,2,2
MSC,7278766a-bedd-40d3-b335-428e8cf5de09,7.0,3.8125,4.666666666666666,60.5,5.0,4.0,0.6015151515151514,7278766a,7278766a-bedd-40d3-b335-428e8cf5de09/processed/7278766a-bedd-40d3-b335-428e8cf5de09.mp3,female-male,2,2,2,2,2,2,2
MSC,72834788-d7ec-463b-873a-daac1a8dc352,8.5,5.4375,6.5,85.5,6.5,6.5,0.8565909090909091,72834788,72834788-d7ec-463b-873a-daac1a8dc352/processed/72834788-d7ec-463b-873a-daac1a8dc352.mp3,female-male,2,2,2,2,2,2,2
MSC,72a00e54-457f-423a-92a7-0df30ec6a811,8.0,4.6875,5.833333333333333,50.0,5.5,6.5,0.7046212121212121,72a00e54,72a00e54-457f-423a-92a7-0df30ec6a811/processed/72a00e54-457f-423a-92a7-0df30ec6a811.mp3,male-male,2,2,2,2,2,2,2
MSC,72ab1fc0-4e9a-4b21-8ff1-81a9ae0a37ef,5.0,3.9375,4.333333333333333,66.5,4.5,3.0,0.6109090909090911,72ab1fc0,72ab1fc0-4e9a-4b21-8ff1-81a9ae0a37ef/processed/72ab1fc0-4e9a-4b21-8ff1-81a9ae0a37ef.mp3,female-male,2,2,2,2,2,2,2
MSC,72b33144-a3da-4a23-ada2-ba21f9e973bc,7.0,5.0,5.5,79.0,6.0,4.5,0.6429545454545456,72b33144,72b33144-a3da-4a23-ada2-ba21f9e973bc/processed/72b33144-a3da-4a23-ada2-ba21f9e973bc.mp3,female-male,2,2,2,2,2,2,2
MSC,73162393-05b0-4ed5-a8dd-ca0cf2faf9a8,7.5,4.375,5.833333333333334,70.0,6.0,5.0,0.7970454545454545,73162393,73162393-05b0-4ed5-a8dd-ca0cf2faf9a8/processed/73162393-05b0-4ed5-a8dd-ca0cf2faf9a8.mp3,female-male,2,2,2,2,2,2,2
MSC,734e3ae5-349c-4c7c-9d8a-eb08b0513e2a,6.0,4.3125,5.333333333333334,43.5,5.0,5.0,0.5947727272727275,734e3ae5,734e3ae5-349c-4c7c-9d8a-eb08b0513e2a/processed/734e3ae5-349c-4c7c-9d8a-eb08b0513e2a.mp3,male-male,2,2,2,2,2,2,2
MSC,7366a7c8-6877-43ab-851f-ec30c95b9b66,7.5,3.9375,5.333333333333334,66.0,6.5,5.0,0.7642424242424242,7366a7c8,7366a7c8-6877-43ab-851f-ec30c95b9b66/processed/7366a7c8-6877-43ab-851f-ec30c95b9b66.mp3,female-female,2,2,2,2,2,2,2
MSC,73c201ef-8c32-43d4-b642-dcedf4aa5c7f,6.0,5.5625,5.833333333333334,63.5,5.0,5.0,0.6406818181818182,73c201ef,73c201ef-8c32-43d4-b642-dcedf4aa5c7f/processed/73c201ef-8c32-43d4-b642-dcedf4aa5c7f.mp3,female-male,2,2,2,2,2,2,2
MSC,73c8be92-d673-4b80-9a8e-0f0a6dcb00b5,7.0,4.4375,5.833333333333334,66.5,5.5,5.5,0.7521969696969697,73c8be92,73c8be92-d673-4b80-9a8e-0f0a6dcb00b5/processed/73c8be92-d673-4b80-9a8e-0f0a6dcb00b5.mp3,male-male,2,2,2,2,2,2,2
MSC,73f2430b-2422-4776-a643-b0794a21827e,5.5,5.25,5.833333333333334,53.0,4.5,5.5,0.6731818181818182,73f2430b,73f2430b-2422-4776-a643-b0794a21827e/processed/73f2430b-2422-4776-a643-b0794a21827e.mp3,female-male,2,2,2,2,2,2,2
MSC,744707ad-c934-4b98-8df6-64b545881543,8.0,4.1875,6.0,71.5,6.5,4.5,0.7986363636363636,744707ad,744707ad-c934-4b98-8df6-64b545881543/processed/744707ad-c934-4b98-8df6-64b545881543.mp3,female-female,2,2,2,2,2,2,2
MSC,744c0219-e821-4c24-903e-92c25347da13,8.0,4.8125,6.166666666666666,91.0,6.0,6.5,0.8373484848484849,744c0219,744c0219-e821-4c24-903e-92c25347da13/processed/744c0219-e821-4c24-903e-92c25347da13.mp3,female-male,2,2,2,2,2,2,2
MSC,74566dc5-b8cd-4835-91ec-7e4e245dc318,9.0,4.875,6.0,85.0,7.0,7.0,0.8603787878787879,74566dc5,74566dc5-b8cd-4835-91ec-7e4e245dc318/processed/74566dc5-b8cd-4835-91ec-7e4e245dc318.mp3,male-male,2,2,2,2,2,2,2
MSC,7463ac49-ae39-44f9-8a77-7d94ddf0a46a,6.0,3.75,5.666666666666666,64.5,4.5,4.0,0.5393181818181818,7463ac49,7463ac49-ae39-44f9-8a77-7d94ddf0a46a/processed/7463ac49-ae39-44f9-8a77-7d94ddf0a46a.mp3,female-male,2,2,2,2,2,2,2
MSC,747bcb23-a508-4662-a525-1c99a35fd71b,8.0,5.1875,6.0,78.0,6.5,7.0,0.7503787878787879,747bcb23,747bcb23-a508-4662-a525-1c99a35fd71b/processed/747bcb23-a508-4662-a525-1c99a35fd71b.mp3,female-male,2,2,2,2,2,2,2
MSC,748a93e0-323c-444d-985c-6540295e26de,8.5,5.25,5.833333333333333,80.5,6.0,7.0,0.836969696969697,748a93e0,748a93e0-323c-444d-985c-6540295e26de/processed/748a93e0-323c-444d-985c-6540295e26de.mp3,male-male,2,2,2,2,2,2,2
MSC,750ea6bf-51b3-40b3-8c01-56517226db01,7.5,5.125,5.333333333333334,75.5,6.5,4.0,0.8443939393939394,750ea6bf,750ea6bf-51b3-40b3-8c01-56517226db01/processed/750ea6bf-51b3-40b3-8c01-56517226db01.mp3,female-male,2,2,2,2,2,2,2
MSC,754240f9-69ef-481c-8484-3de526bf96a3,9.0,6.6875,6.333333333333334,91.5,7.0,9.0,0.9187878787878789,754240f9,754240f9-69ef-481c-8484-3de526bf96a3/processed/754240f9-69ef-481c-8484-3de526bf96a3.mp3,female-male,2,2,2,2,2,2,2
MSC,756089a3-6110-437b-8037-21d77e21e07e,9.0,6.1875,6.5,79.5,7.0,8.0,0.8518939393939393,756089a3,756089a3-6110-437b-8037-21d77e21e07e/processed/756089a3-6110-437b-8037-21d77e21e07e.mp3,female-female,2,2,2,2,2,2,2
MSC,756aafa9-6ef2-4942-a385-222ca267a529,8.0,4.5,5.666666666666666,87.5,6.5,6.0,0.814469696969697,756aafa9,756aafa9-6ef2-4942-a385-222ca267a529/processed/756aafa9-6ef2-4942-a385-222ca267a529.mp3,female-male,2,2,2,2,2,2,2
LSC,7580acaa-c235-4550-90e3-db781f7787a4,3.0,4.1875,3.5,35.5,2.5,4.0,0.31537878787878787,7580acaa,7580acaa-c235-4550-90e3-db781f7787a4/processed/7580acaa-c235-4550-90e3-db781f7787a4.mp3,female-female,2,2,2,2,2,2,2
MSC,7595d874-c1cb-4aef-918f-3c81f3a84324,8.0,4.0625,6.333333333333334,91.0,7.0,7.0,0.8475757575757576,7595d874,7595d874-c1cb-4aef-918f-3c81f3a84324/processed/7595d874-c1cb-4aef-918f-3c81f3a84324.mp3,female-female,2,2,2,2,2,2,2
MSC,75a06a7f-4480-4a5c-abc2-dbe2814a0eff,7.5,3.6875,5.166666666666667,77.0,6.5,7.5,0.7928030303030302,75a06a7f,75a06a7f-4480-4a5c-abc2-dbe2814a0eff/processed/75a06a7f-4480-4a5c-abc2-dbe2814a0eff.mp3,female-male,2,2,2,2,2,2,2
MSC,75d13498-2748-4ec1-b247-f3807b358b1d,6.0,2.75,4.5,56.5,5.0,5.0,0.5929545454545455,75d13498,75d13498-2748-4ec1-b247-f3807b358b1d/processed/75d13498-2748-4ec1-b247-f3807b358b1d.mp3,female-male,2,2,2,2,2,2,2
MSC,75ec8199-4125-4465-b1f5-148e7cc557f4,7.5,4.25,6.5,69.0,6.0,7.0,0.7726515151515151,75ec8199,75ec8199-4125-4465-b1f5-148e7cc557f4/processed/75ec8199-4125-4465-b1f5-148e7cc557f4.mp3,female-male,2,2,2,2,2,2,2
MSC,760794ff-2553-4238-93fb-13c0ff0c58be,8.5,5.0625,6.5,74.0,6.5,6.5,0.8633333333333333,760794ff,760794ff-2553-4238-93fb-13c0ff0c58be/processed/760794ff-2553-4238-93fb-13c0ff0c58be.mp3,female-male,2,2,2,2,2,2,2
MSC,763e8646-5acc-465f-8a86-68140f28a301,6.0,4.625,5.833333333333334,59.5,5.5,3.5,0.6685606060606061,763e8646,763e8646-5acc-465f-8a86-68140f28a301/processed/763e8646-5acc-465f-8a86-68140f28a301.mp3,female-male,2,2,2,2,2,2,2
MSC,7656b1cc-74e6-499b-8910-fc99f2e41885,7.5,5.1875,5.833333333333334,61.0,6.0,7.5,0.7161363636363638,7656b1cc,7656b1cc-74e6-499b-8910-fc99f2e41885/processed/7656b1cc-74e6-499b-8910-fc99f2e41885.mp3,female-male,2,2,2,2,2,2,2
MSC,765f6cde-5291-4047-89c1-d71b1e3a413d,7.0,5.0625,5.5,86.5,6.0,5.0,0.8057575757575758,765f6cde,765f6cde-5291-4047-89c1-d71b1e3a413d/processed/765f6cde-5291-4047-89c1-d71b1e3a413d.mp3,female-male,2,2,2,2,2,2,2
MSC,76abad1d-daf9-4cc6-bf7b-9520438a66f9,8.0,5.6875,6.333333333333334,75.5,6.5,5.5,0.7602272727272728,76abad1d,76abad1d-daf9-4cc6-bf7b-9520438a66f9/processed/76abad1d-daf9-4cc6-bf7b-9520438a66f9.mp3,female-male,2,2,2,2,2,2,2
MSC,776df112-4de3-40af-8db6-74adffe95ace,8.5,6.25,6.5,76.5,6.5,8.5,0.8593181818181819,776df112,776df112-4de3-40af-8db6-74adffe95ace/processed/776df112-4de3-40af-8db6-74adffe95ace.mp3,male-male,2,2,2,2,2,2,2
MSC,777e03b5-425e-43eb-af4f-d8dbb313c319,8.5,5.125,5.333333333333333,83.0,7.0,5.5,0.8301515151515151,777e03b5,777e03b5-425e-43eb-af4f-d8dbb313c319/processed/777e03b5-425e-43eb-af4f-d8dbb313c319.mp3,female-female,2,2,2,2,2,2,2
MSC,77866cf6-b24f-4b57-8a44-a7b581e0bc30,6.0,3.25,3.5,60.0,4.5,5.5,0.5814393939393939,77866cf6,77866cf6-b24f-4b57-8a44-a7b581e0bc30/processed/77866cf6-b24f-4b57-8a44-a7b581e0bc30.mp3,female-male,2,2,2,2,2,2,2
MSC,778aeea0-34ed-4b5d-980d-d6ffe062e914,9.0,3.8125,6.0,95.5,7.0,3.5,0.9133333333333333,778aeea0,778aeea0-34ed-4b5d-980d-d6ffe062e914/processed/778aeea0-34ed-4b5d-980d-d6ffe062e914.mp3,female-male,2,2,2,2,2,2,2
MSC,778ba8d9-9eaf-41bd-9ffa-aa9033cb1b3b,7.5,4.9375,6.333333333333334,67.5,6.0,6.5,0.7859848484848484,778ba8d9,778ba8d9-9eaf-41bd-9ffa-aa9033cb1b3b/processed/778ba8d9-9eaf-41bd-9ffa-aa9033cb1b3b.mp3,male-male,2,2,2,2,2,2,2
MSC,77b4db2b-38f4-40ef-8b6a-cce0d6095197,5.0,3.4375,5.833333333333334,46.0,4.5,4.5,0.6448484848484848,77b4db2b,77b4db2b-38f4-40ef-8b6a-cce0d6095197/processed/77b4db2b-38f4-40ef-8b6a-cce0d6095197.mp3,male-male,2,2,2,2,2,2,2
MSC,77c6ce1d-774d-4c6f-87c5-a1fcde333a4b,6.0,4.375,5.333333333333334,52.5,4.5,4.0,0.5720454545454545,77c6ce1d,77c6ce1d-774d-4c6f-87c5-a1fcde333a4b/processed/77c6ce1d-774d-4c6f-87c5-a1fcde333a4b.mp3,female-male,2,2,2,2,2,2,2
MSC,77f35248-1a74-45ae-b3b2-dfa5433093e3,5.5,3.5,5.166666666666666,60.0,5.0,5.5,0.6143939393939393,77f35248,77f35248-1a74-45ae-b3b2-dfa5433093e3/processed/77f35248-1a74-45ae-b3b2-dfa5433093e3.mp3,male-male,2,2,2,2,2,2,2
MSC,7819026b-80d3-435f-bc56-4cfa6d384f76,9.0,5.0625,6.333333333333334,85.5,6.5,8.0,0.9020454545454546,7819026b,7819026b-80d3-435f-bc56-4cfa6d384f76/processed/7819026b-80d3-435f-bc56-4cfa6d384f76.mp3,female-male,2,2,2,2,2,2,2
MSC,782a11f3-337b-4794-8888-82aca3675442,6.5,4.5625,5.5,51.0,5.5,5.0,0.6717424242424243,782a11f3,782a11f3-337b-4794-8888-82aca3675442/processed/782a11f3-337b-4794-8888-82aca3675442.mp3,male-male,2,2,2,2,2,2,2
MSC,783b98c8-73e4-46aa-8d9a-9c446f569ab9,6.0,4.3125,6.0,67.5,4.5,6.5,0.5693181818181818,783b98c8,783b98c8-73e4-46aa-8d9a-9c446f569ab9/processed/783b98c8-73e4-46aa-8d9a-9c446f569ab9.mp3,female-male,2,2,2,2,2,2,2
MSC,7846e1d4-2b36-47c4-b6a0-51763fb72c2c,8.0,4.5625,5.333333333333334,75.0,6.5,7.0,0.8231060606060606,7846e1d4,7846e1d4-2b36-47c4-b6a0-51763fb72c2c/processed/7846e1d4-2b36-47c4-b6a0-51763fb72c2c.mp3,female-female,2,2,2,2,2,2,2
MSC,787f92f0-51e6-442f-a7a2-71967779e830,5.5,5.375,6.166666666666667,55.0,5.5,3.0,0.7166666666666668,787f92f0,787f92f0-51e6-442f-a7a2-71967779e830/processed/787f92f0-51e6-442f-a7a2-71967779e830.mp3,female-male,2,2,2,2,2,2,2
MSC,788b1fd3-1c7f-447e-9507-85cac67ce378,7.5,5.75,5.166666666666666,60.0,6.0,2.5,0.7528030303030304,788b1fd3,788b1fd3-1c7f-447e-9507-85cac67ce378/processed/788b1fd3-1c7f-447e-9507-85cac67ce378.mp3,male-male,2,2,2,2,2,2,2
MSC,788fbfa6-b7d3-46a7-8c09-a91c98a1ee30,7.0,5.4375,6.666666666666667,79.5,6.5,7.5,0.7053030303030303,788fbfa6,788fbfa6-b7d3-46a7-8c09-a91c98a1ee30/processed/788fbfa6-b7d3-46a7-8c09-a91c98a1ee30.mp3,female-male,2,2,2,2,2,2,2
MSC,789c643a-d04b-4ddc-a1a5-9cbd87175430,8.0,5.0625,5.833333333333334,81.0,6.5,5.0,0.8153030303030302,789c643a,789c643a-d04b-4ddc-a1a5-9cbd87175430/processed/789c643a-d04b-4ddc-a1a5-9cbd87175430.mp3,female-male,2,2,2,2,2,2,2
MSC,78d88191-8981-4da8-b232-3e2153d9b599,7.0,4.1875,5.5,65.0,5.5,6.5,0.6958333333333333,78d88191,78d88191-8981-4da8-b232-3e2153d9b599/processed/78d88191-8981-4da8-b232-3e2153d9b599.mp3,female-male,2,2,2,2,2,2,2
MSC,7944f706-b354-4953-9a17-9ca60a5d6d16,8.0,5.625,6.0,82.0,6.0,4.0,0.8053787878787878,7944f706,7944f706-b354-4953-9a17-9ca60a5d6d16/processed/7944f706-b354-4953-9a17-9ca60a5d6d16.mp3,female-male,2,2,2,2,2,2,2
MSC,796f2826-b2cc-4848-a32c-a19892cd7919,5.5,3.625,5.5,70.0,6.5,6.5,0.7284090909090909,796f2826,796f2826-b2cc-4848-a32c-a19892cd7919/processed/796f2826-b2cc-4848-a32c-a19892cd7919.mp3,female-male,2,2,2,2,2,2,2
MSC,797c5a5e-9e42-4ff6-b89d-aeebf4743cf4,7.0,4.0,4.666666666666666,73.5,5.5,3.0,0.7214393939393939,797c5a5e,797c5a5e-9e42-4ff6-b89d-aeebf4743cf4/processed/797c5a5e-9e42-4ff6-b89d-aeebf4743cf4.mp3,female-male,2,2,2,2,2,2,2
MSC,798a58fb-2c59-486b-8fef-1da18e38771a,7.5,3.75,5.833333333333334,60.0,6.0,5.5,0.7617424242424243,798a58fb,798a58fb-2c59-486b-8fef-1da18e38771a/processed/798a58fb-2c59-486b-8fef-1da18e38771a.mp3,male-male,2,2,2,2,2,2,2
MSC,79912e48-076a-4cb0-82e2-e43a932d0cd3,8.5,5.4375,5.5,81.5,6.0,7.0,0.8310606060606062,79912e48,79912e48-076a-4cb0-82e2-e43a932d0cd3/processed/79912e48-076a-4cb0-82e2-e43a932d0cd3.mp3,female-female,2,2,2,2,2,2,2
MSC,7a2f47af-d76d-495c-b592-40bf92a221c4,9.0,5.0625,6.333333333333334,86.5,7.0,8.0,0.8510606060606061,7a2f47af,7a2f47af-d76d-495c-b592-40bf92a221c4/processed/7a2f47af-d76d-495c-b592-40bf92a221c4.mp3,female-female,2,2,2,2,2,2,2
MSC,7a47e9ed-6bfa-499f-811b-f9e2bffc2770,8.0,5.125,5.5,77.5,6.5,7.5,0.7356060606060606,7a47e9ed,7a47e9ed-6bfa-499f-811b-f9e2bffc2770/processed/7a47e9ed-6bfa-499f-811b-f9e2bffc2770.mp3,male-male,2,2,2,2,2,2,2
MSC,7a5ae937-56a7-473e-a6bb-af2313410916,8.0,5.25,6.166666666666666,93.0,6.5,6.0,0.9084090909090908,7a5ae937,7a5ae937-56a7-473e-a6bb-af2313410916/processed/7a5ae937-56a7-473e-a6bb-af2313410916.mp3,female-male,2,2,2,2,2,2,2
MSC,7a8dd066-fca4-4185-9e7b-374f5401d3f2,8.5,4.5,6.666666666666666,95.0,7.0,7.5,0.9319696969696969,7a8dd066,7a8dd066-fca4-4185-9e7b-374f5401d3f2/processed/7a8dd066-fca4-4185-9e7b-374f5401d3f2.mp3,female-male,2,2,2,2,2,2,2
MSC,7a9841f0-c22d-48c5-a469-5ab0b4a4f9e4,6.0,3.5625,5.0,58.5,5.0,7.0,0.6516666666666667,7a9841f0,7a9841f0-c22d-48c5-a469-5ab0b4a4f9e4/processed/7a9841f0-c22d-48c5-a469-5ab0b4a4f9e4.mp3,male-male,2,2,2,2,2,2,2
MSC,7ab498fa-9f84-446c-9f1d-daa5b60a8c71,6.0,3.125,4.333333333333333,47.5,6.0,3.5,0.6386363636363637,7ab498fa,7ab498fa-9f84-446c-9f1d-daa5b60a8c71/processed/7ab498fa-9f84-446c-9f1d-daa5b60a8c71.mp3,female-male,2,2,2,2,2,2,2
MSC,7ad26b7e-0f5a-4c24-8712-2c44f113e97b,7.0,5.3125,5.666666666666667,82.5,6.5,6.5,0.6731060606060606,7ad26b7e,7ad26b7e-0f5a-4c24-8712-2c44f113e97b/processed/7ad26b7e-0f5a-4c24-8712-2c44f113e97b.mp3,female-female,2,2,2,2,2,2,2
MSC,7b0c2ca2-e2cc-4b72-a930-b52ad2dba8ae,5.5,5.0625,5.5,56.0,4.0,7.5,0.5796969696969697,7b0c2ca2,7b0c2ca2-e2cc-4b72-a930-b52ad2dba8ae/processed/7b0c2ca2-e2cc-4b72-a930-b52ad2dba8ae.mp3,male-male,2,2,2,2,2,2,2
MSC,7b88a1c0-eeb3-4d76-9aca-c9ad83198b96,7.5,4.6875,6.333333333333334,80.0,5.5,5.0,0.7636363636363637,7b88a1c0,7b88a1c0-eeb3-4d76-9aca-c9ad83198b96/processed/7b88a1c0-eeb3-4d76-9aca-c9ad83198b96.mp3,female-male,2,2,2,2,2,2,2
MSC,7bcd1417-babb-4b17-a018-21001904bc2f,8.0,4.5,5.5,82.5,6.0,5.5,0.7454545454545456,7bcd1417,7bcd1417-babb-4b17-a018-21001904bc2f/processed/7bcd1417-babb-4b17-a018-21001904bc2f.mp3,female-male,2,2,2,2,2,2,2
MSC,7bcf6ed5-b8f4-4575-a8b1-ae26d37d45e9,7.0,5.0625,6.0,62.5,6.5,6.5,0.75,7bcf6ed5,7bcf6ed5-b8f4-4575-a8b1-ae26d37d45e9/processed/7bcf6ed5-b8f4-4575-a8b1-ae26d37d45e9.mp3,female-male,2,2,2,2,2,2,2
HSC,7bfcf19d-17cb-4032-a673-2f4bb7759875,9.0,5.125,5.833333333333334,97.5,7.0,6.5,0.9156060606060605,7bfcf19d,7bfcf19d-17cb-4032-a673-2f4bb7759875/processed/7bfcf19d-17cb-4032-a673-2f4bb7759875.mp3,female-female,2,2,2,2,2,2,2
MSC,7c0300f4-efb0-4b79-beeb-f70087835899,6.0,2.8125,5.0,77.5,5.0,5.0,0.515530303030303,7c0300f4,7c0300f4-efb0-4b79-beeb-f70087835899/processed/7c0300f4-efb0-4b79-beeb-f70087835899.mp3,male-male,2,2,2,2,2,2,2
MSC,7c289d19-4fe7-4657-8ada-7b452642602c,8.5,5.625,6.833333333333334,92.0,7.0,8.0,0.915530303030303,7c289d19,7c289d19-4fe7-4657-8ada-7b452642602c/processed/7c289d19-4fe7-4657-8ada-7b452642602c.mp3,female-female,2,2,2,2,2,2,2
MSC,7c35d830-2cc5-487b-9ca2-4385fbb38e86,7.5,4.9375,5.833333333333334,75.5,6.0,4.5,0.7459090909090909,7c35d830,7c35d830-2cc5-487b-9ca2-4385fbb38e86/processed/7c35d830-2cc5-487b-9ca2-4385fbb38e86.mp3,female-male,2,2,2,2,2,2,2
MSC,7c3bce28-c6af-4015-b678-994ac5c0fa67,6.5,2.625,3.5,60.5,6.0,5.0,0.7115909090909092,7c3bce28,7c3bce28-c6af-4015-b678-994ac5c0fa67/processed/7c3bce28-c6af-4015-b678-994ac5c0fa67.mp3,female-male,2,2,2,2,2,2,2
MSC,7c41de7f-b269-4431-ba03-ae25f1c269e4,8.5,5.5,6.0,80.0,6.5,7.5,0.8600757575757575,7c41de7f,7c41de7f-b269-4431-ba03-ae25f1c269e4/processed/7c41de7f-b269-4431-ba03-ae25f1c269e4.mp3,female-female,2,2,2,2,2,2,2
MSC,7c791294-8145-49c8-99c4-e44e8b95fb41,8.5,4.9375,5.833333333333334,89.0,6.5,6.0,0.8289393939393939,7c791294,7c791294-8145-49c8-99c4-e44e8b95fb41/processed/7c791294-8145-49c8-99c4-e44e8b95fb41.mp3,female-male,2,2,2,2,2,2,2
MSC,7c80ae4c-14c0-469b-b254-6ea3dc876e24,8.0,5.8125,6.0,87.5,6.5,6.5,0.804469696969697,7c80ae4c,7c80ae4c-14c0-469b-b254-6ea3dc876e24/processed/7c80ae4c-14c0-469b-b254-6ea3dc876e24.mp3,female-female,2,2,2,2,2,2,2
HSC,7c9458fd-c9f2-4b05-956c-33cd6c506d72,9.0,4.75,6.666666666666666,99.0,7.0,6.5,0.9498484848484848,7c9458fd,7c9458fd-c9f2-4b05-956c-33cd6c506d72/processed/7c9458fd-c9f2-4b05-956c-33cd6c506d72.mp3,female-male,2,2,2,2,2,2,2
MSC,7cda8619-2b2d-4344-901e-2e6de0a6101a,8.5,4.6875,6.0,72.5,6.0,6.5,0.8101515151515151,7cda8619,7cda8619-2b2d-4344-901e-2e6de0a6101a/processed/7cda8619-2b2d-4344-901e-2e6de0a6101a.mp3,male-male,2,2,2,2,2,2,2
MSC,7cde4a91-d191-4bbc-8c6f-28f441919c4f,4.5,3.25,4.666666666666667,40.5,3.0,4.0,0.514090909090909,7cde4a91,7cde4a91-d191-4bbc-8c6f-28f441919c4f/processed/7cde4a91-d191-4bbc-8c6f-28f441919c4f.mp3,male-male,2,2,2,2,2,2,2
MSC,7cfa2470-f77f-42a6-98b1-9e2e4ef61cdb,8.0,5.75,6.833333333333334,95.0,6.5,8.0,0.8979545454545454,7cfa2470,7cfa2470-f77f-42a6-98b1-9e2e4ef61cdb/processed/7cfa2470-f77f-42a6-98b1-9e2e4ef61cdb.mp3,female-male,2,2,2,2,2,2,2
MSC,7d0033eb-06d9-48f7-a551-b3ca5507d99a,8.5,5.625,6.0,70.0,7.0,4.5,0.8253787878787879,7d0033eb,7d0033eb-06d9-48f7-a551-b3ca5507d99a/processed/7d0033eb-06d9-48f7-a551-b3ca5507d99a.mp3,female-male,2,2,2,2,2,2,2
MSC,7d078985-6c61-4009-b25a-565ea5b1ed56,7.0,4.5625,6.166666666666666,73.5,5.0,5.5,0.7149242424242424,7d078985,7d078985-6c61-4009-b25a-565ea5b1ed56/processed/7d078985-6c61-4009-b25a-565ea5b1ed56.mp3,male-male,2,2,2,2,2,2,2
MSC,7d17fe31-bd13-4f3b-bedb-ef44bf5bb5c6,6.5,4.25,5.333333333333334,55.0,5.5,5.0,0.6488636363636364,7d17fe31,7d17fe31-bd13-4f3b-bedb-ef44bf5bb5c6/processed/7d17fe31-bd13-4f3b-bedb-ef44bf5bb5c6.mp3,female-male,2,2,2,2,2,2,2
MSC,7d277fea-f43d-4a79-9027-ba1e3d866c2c,8.0,5.5625,6.0,94.0,7.0,6.5,0.8862878787878788,7d277fea,7d277fea-f43d-4a79-9027-ba1e3d866c2c/processed/7d277fea-f43d-4a79-9027-ba1e3d866c2c.mp3,female-male,2,2,2,2,2,2,2
MSC,7d4d3cbd-f97e-4176-b77e-1c9ba3ad70ef,5.5,3.1875,5.666666666666666,50.0,5.0,4.5,0.5970454545454545,7d4d3cbd,7d4d3cbd-f97e-4176-b77e-1c9ba3ad70ef/processed/7d4d3cbd-f97e-4176-b77e-1c9ba3ad70ef.mp3,female-male,2,2,2,2,2,2,2
MSC,7d878932-ff6b-41ae-aca1-e15582e5d519,7.5,4.75,6.166666666666666,80.0,6.5,7.0,0.8291666666666667,7d878932,7d878932-ff6b-41ae-aca1-e15582e5d519/processed/7d878932-ff6b-41ae-aca1-e15582e5d519.mp3,female-male,2,2,2,2,2,2,2
MSC,7d9949bb-15a7-4b72-9e1c-2c68775fb95d,8.5,5.6875,6.666666666666666,93.0,6.5,7.5,0.7979545454545455,7d9949bb,7d9949bb-15a7-4b72-9e1c-2c68775fb95d/processed/7d9949bb-15a7-4b72-9e1c-2c68775fb95d.mp3,female-male,2,2,2,2,2,2,2
MSC,7dd83cc7-3562-4e98-bd38-ac8a90336a42,8.0,5.8125,5.833333333333334,81.0,6.5,6.5,0.7786363636363637,7dd83cc7,7dd83cc7-3562-4e98-bd38-ac8a90336a42/processed/7dd83cc7-3562-4e98-bd38-ac8a90336a42.mp3,male-male,2,2,2,2,2,2,2
MSC,7ddf5d36-b6e8-450a-ac5a-52e2eb0556e1,9.0,5.9375,6.5,74.5,7.0,8.5,0.8780303030303029,7ddf5d36,7ddf5d36-b6e8-450a-ac5a-52e2eb0556e1/processed/7ddf5d36-b6e8-450a-ac5a-52e2eb0556e1.mp3,male-male,2,2,2,2,2,2,2
MSC,7dfedc6e-c3c9-4d43-a21c-ebf8a230d116,6.0,3.8125,5.166666666666667,73.5,5.0,5.0,0.6120454545454546,7dfedc6e,7dfedc6e-c3c9-4d43-a21c-ebf8a230d116/processed/7dfedc6e-c3c9-4d43-a21c-ebf8a230d116.mp3,female-male,2,2,2,2,2,2,2
MSC,7e0dc0fa-c625-4f2c-ae20-215ebb492751,8.0,4.625,6.5,70.0,6.0,4.5,0.8571969696969697,7e0dc0fa,7e0dc0fa-c625-4f2c-ae20-215ebb492751/processed/7e0dc0fa-c625-4f2c-ae20-215ebb492751.mp3,female-female,2,2,2,2,2,2,2
MSC,7e6aa47d-10b5-4603-aee5-c2c1f2c8aa25,8.5,6.25,6.833333333333334,95.0,7.0,7.5,0.9200757575757577,7e6aa47d,7e6aa47d-10b5-4603-aee5-c2c1f2c8aa25/processed/7e6aa47d-10b5-4603-aee5-c2c1f2c8aa25.mp3,male-male,2,2,2,2,2,2,2
MSC,7eb00e0d-90e4-4310-86ab-616b4e498765,9.0,5.875,6.5,86.0,7.0,6.5,0.8853030303030303,7eb00e0d,7eb00e0d-90e4-4310-86ab-616b4e498765/processed/7eb00e0d-90e4-4310-86ab-616b4e498765.mp3,female-male,2,2,2,2,2,2,2
MSC,7eb10edf-9f63-4f73-9afc-227568f683c1,8.5,5.6875,6.833333333333334,90.0,7.0,7.5,0.8437121212121212,7eb10edf,7eb10edf-9f63-4f73-9afc-227568f683c1/processed/7eb10edf-9f63-4f73-9afc-227568f683c1.mp3,male-male,2,2,2,2,2,2,2
MSC,7f32f80f-9412-43c2-87c1-df810a781a94,5.0,4.25,5.666666666666667,51.0,4.5,5.0,0.5278787878787878,7f32f80f,7f32f80f-9412-43c2-87c1-df810a781a94/processed/7f32f80f-9412-43c2-87c1-df810a781a94.mp3,female-female,2,2,2,2,2,2,2
MSC,7f42f761-f9c4-41c7-9bad-e1dc66d13370,8.5,5.375,5.833333333333334,88.5,6.5,6.0,0.8311363636363637,7f42f761,7f42f761-f9c4-41c7-9bad-e1dc66d13370/processed/7f42f761-f9c4-41c7-9bad-e1dc66d13370.mp3,female-male,2,2,2,2,2,2,2
MSC,7f717277-d9ae-4dbc-b520-0b741d91a6c7,5.0,5.0625,5.833333333333334,58.0,5.0,5.0,0.6337878787878788,7f717277,7f717277-d9ae-4dbc-b520-0b741d91a6c7/processed/7f717277-d9ae-4dbc-b520-0b741d91a6c7.mp3,male-male,2,2,2,2,2,2,2
MSC,7fab8351-a974-4066-be77-59569259a0d4,8.0,5.0,6.5,80.0,7.0,7.5,0.7687878787878788,7fab8351,7fab8351-a974-4066-be77-59569259a0d4/processed/7fab8351-a974-4066-be77-59569259a0d4.mp3,male-male,2,2,2,2,2,2,2
MSC,7fc59ebb-a980-4df1-9d39-f15ae25f3f27,7.0,4.25,5.666666666666666,60.0,5.0,5.0,0.7360606060606061,7fc59ebb,7fc59ebb-a980-4df1-9d39-f15ae25f3f27/processed/7fc59ebb-a980-4df1-9d39-f15ae25f3f27.mp3,female-male,2,2,2,2,2,2,2
MSC,8013339f-3154-4547-a791-42df23095ceb,7.0,5.125,5.166666666666666,80.0,5.5,3.5,0.8103030303030303,8013339f,8013339f-3154-4547-a791-42df23095ceb/processed/8013339f-3154-4547-a791-42df23095ceb.mp3,female-male,2,2,2,2,2,2,2
MSC,8016c17f-ffbf-48f5-9745-df1bf39c3aa3,8.0,4.0625,4.0,80.0,6.0,3.0,0.7359848484848484,8016c17f,8016c17f-ffbf-48f5-9745-df1bf39c3aa3/processed/8016c17f-ffbf-48f5-9745-df1bf39c3aa3.mp3,male-male,2,2,2,2,2,2,2
MSC,8019ba78-cffc-441a-b106-46e21e05aaf3,3.5,3.1875,5.333333333333334,35.0,4.5,2.5,0.48863636363636365,8019ba78,8019ba78-cffc-441a-b106-46e21e05aaf3/processed/8019ba78-cffc-441a-b106-46e21e05aaf3.mp3,female-male,2,2,2,2,2,2,2
MSC,8038cbde-d102-4099-9ea9-16049f148300,8.5,4.0625,5.0,73.0,7.0,4.5,0.7825,8038cbde,8038cbde-d102-4099-9ea9-16049f148300/processed/8038cbde-d102-4099-9ea9-16049f148300.mp3,female-male,2,2,2,2,2,2,2
MSC,80d9e496-db7f-49e3-8789-06850e62ffa1,5.0,4.625,6.0,71.0,5.0,5.0,0.6706060606060606,80d9e496,80d9e496-db7f-49e3-8789-06850e62ffa1/processed/80d9e496-db7f-49e3-8789-06850e62ffa1.mp3,contains_MSC_or_unknown,1,1,1,1,1,1,1
MSC,80e6c6c6-de9b-42f5-8aba-b7471a744303,8.0,5.375,6.0,86.0,6.0,7.0,0.7818181818181819,80e6c6c6,80e6c6c6-de9b-42f5-8aba-b7471a744303/processed/80e6c6c6-de9b-42f5-8aba-b7471a744303.mp3,female-male,2,2,2,2,2,2,2
MSC,81970851-7b9a-40fa-b78d-25ece4ae0755,6.5,4.375,5.166666666666667,90.0,6.0,4.0,0.6109848484848485,81970851,81970851-7b9a-40fa-b78d-25ece4ae0755/processed/81970851-7b9a-40fa-b78d-25ece4ae0755.mp3,female-female,2,2,2,2,2,2,2
MSC,81acc026-ead8-49a4-9ca0-b18723c86f9c,8.5,5.75,6.0,77.0,7.0,8.5,0.8556818181818182,81acc026,81acc026-ead8-49a4-9ca0-b18723c86f9c/processed/81acc026-ead8-49a4-9ca0-b18723c86f9c.mp3,male-male,2,2,2,2,2,2,2
MSC,81c7bd01-7cbd-43e5-ab62-53e24f3ccf7c,4.5,2.625,3.666666666666667,25.0,4.0,3.5,0.46053030303030307,81c7bd01,81c7bd01-7cbd-43e5-ab62-53e24f3ccf7c/processed/81c7bd01-7cbd-43e5-ab62-53e24f3ccf7c.mp3,female-male,2,2,2,2,2,2,2
MSC,81d35bc9-a18c-4501-956b-02c8a5e1b292,6.5,4.375,5.166666666666667,75.0,5.0,4.0,0.6201515151515151,81d35bc9,81d35bc9-a18c-4501-956b-02c8a5e1b292/processed/81d35bc9-a18c-4501-956b-02c8a5e1b292.mp3,female-female,2,2,2,2,2,2,2
MSC,81f75ece-fc36-405f-a281-a28213a8707d,7.5,5.0,5.666666666666666,56.0,6.0,6.0,0.7177272727272728,81f75ece,81f75ece-fc36-405f-a281-a28213a8707d/processed/81f75ece-fc36-405f-a281-a28213a8707d.mp3,female-male,2,2,2,2,2,2,2
MSC,824c8d5a-0504-4a2d-986c-6494469e2c86,8.0,5.625,6.0,92.5,6.0,8.0,0.8364393939393939,824c8d5a,824c8d5a-0504-4a2d-986c-6494469e2c86/processed/824c8d5a-0504-4a2d-986c-6494469e2c86.mp3,female-male,2,2,2,2,2,2,2
MSC,826248c3-018b-4b56-8844-ef762f5b60cd,7.0,2.8125,5.5,82.5,7.0,5.5,0.7950757575757574,826248c3,826248c3-018b-4b56-8844-ef762f5b60cd/processed/826248c3-018b-4b56-8844-ef762f5b60cd.mp3,male-male,2,2,2,2,2,2,2
MSC,826378b6-4c2b-4309-b66e-2a0a6b8fc162,6.5,4.6875,5.5,40.0,5.0,6.0,0.6540909090909091,826378b6,826378b6-4c2b-4309-b66e-2a0a6b8fc162/processed/826378b6-4c2b-4309-b66e-2a0a6b8fc162.mp3,female-male,2,2,2,2,2,2,2
MSC,828619fd-7bda-44a3-a123-e754026bfcab,8.5,5.625,6.0,82.5,6.5,7.0,0.8602272727272726,828619fd,828619fd-7bda-44a3-a123-e754026bfcab/processed/828619fd-7bda-44a3-a123-e754026bfcab.mp3,contains_MSC_or_unknown,2,2,2,2,2,2,2
MSC,8287d05f-f9d4-46d8-bb41-6a2e7b46987b,7.5,3.6875,5.333333333333334,81.5,6.5,5.5,0.7757575757575756,8287d05f,8287d05f-f9d4-46d8-bb41-6a2e7b46987b/processed/8287d05f-f9d4-46d8-bb41-6a2e7b46987b.mp3,female-female,2,2,2,2,2,2,2
MSC,829fe46c-948c-4a8a-8690-356777cd1d5a,8.0,4.4375,6.666666666666666,90.0,7.0,6.5,0.8443939393939395,829fe46c,829fe46c-948c-4a8a-8690-356777cd1d5a/processed/829fe46c-948c-4a8a-8690-356777cd1d5a.mp3,female-male,2,2,2,2,2,2,2
MSC,82af78ef-4d4f-4bd3-8d20-7daa70adff61,7.0,4.375,7.0,80.0,7.0,6.0,0.7419696969696971,82af78ef,82af78ef-4d4f-4bd3-8d20-7daa70adff61/processed/82af78ef-4d4f-4bd3-8d20-7daa70adff61.mp3,contains_MSC_or_unknown,1,1,1,1,1,1,1
MSC,82b997a5-6b2f-4722-9256-f49112be174f,7.5,3.5625,6.166666666666666,62.5,5.0,3.5,0.6791666666666667,82b997a5,82b997a5-6b2f-4722-9256-f49112be174f/processed/82b997a5-6b2f-4722-9256-f49112be174f.mp3,female-male,2,2,2,2,2,2,2
MSC,830bf9eb-68ff-470d-bc84-a87454d31f9f,5.5,4.8125,5.166666666666666,55.0,5.0,6.0,0.6626515151515152,830bf9eb,830bf9eb-68ff-470d-bc84-a87454d31f9f/processed/830bf9eb-68ff-470d-bc84-a87454d31f9f.mp3,female-female,2,2,2,2,2,2,2
MSC,832b10fd-545f-4001-9eb3-3804c774272e,8.5,4.625,6.333333333333334,86.0,6.5,7.0,0.8825000000000001,832b10fd,832b10fd-545f-4001-9eb3-3804c774272e/processed/832b10fd-545f-4001-9eb3-3804c774272e.mp3,female-male,2,2,2,2,2,2,2
LSC,8352c39a-37af-46ed-9b20-801a5656eadf,5.0,2.375,4.333333333333333,35.5,2.5,3.5,0.42280303030303024,8352c39a,8352c39a-37af-46ed-9b20-801a5656eadf/processed/8352c39a-37af-46ed-9b20-801a5656eadf.mp3,male-male,2,2,2,2,2,2,2
MSC,835e4c5f-883b-42f9-8e7b-d121d5d8997a,7.0,3.5,4.666666666666666,45.0,5.0,6.5,0.665909090909091,835e4c5f,835e4c5f-883b-42f9-8e7b-d121d5d8997a/processed/835e4c5f-883b-42f9-8e7b-d121d5d8997a.mp3,male-male,2,2,2,2,2,2,2
MSC,844752ba-d440-4c9c-8a90-f8e641c4b305,5.5,3.875,5.0,62.5,5.5,4.5,0.5734848484848485,844752ba,844752ba-d440-4c9c-8a90-f8e641c4b305/processed/844752ba-d440-4c9c-8a90-f8e641c4b305.mp3,female-female,2,2,2,2,2,2,2
MSC,84842960-26e4-4adf-8de0-e6319684d69f,7.5,4.75,5.833333333333334,68.0,5.5,6.0,0.7661363636363636,84842960,84842960-26e4-4adf-8de0-e6319684d69f/processed/84842960-26e4-4adf-8de0-e6319684d69f.mp3,female-male,2,2,2,2,2,2,2
MSC,8496793c-0906-4d4b-b6f5-2dce66cfee2c,7.0,4.4375,6.5,63.5,6.0,5.5,0.7121212121212122,8496793c,8496793c-0906-4d4b-b6f5-2dce66cfee2c/processed/8496793c-0906-4d4b-b6f5-2dce66cfee2c.mp3,male-male,2,2,2,2,2,2,2
MSC,84a41c3d-d43c-40c9-bcdd-ba3edb6dc7d6,8.5,5.0,5.666666666666666,92.5,6.5,6.0,0.8132575757575757,84a41c3d,84a41c3d-d43c-40c9-bcdd-ba3edb6dc7d6/processed/84a41c3d-d43c-40c9-bcdd-ba3edb6dc7d6.mp3,female-male,2,2,2,2,2,2,2
MSC,84d515cd-f635-4cfd-96f1-86cc78963b9a,9.0,6.0,6.5,92.5,7.0,7.0,0.8787878787878788,84d515cd,84d515cd-f635-4cfd-96f1-86cc78963b9a/processed/84d515cd-f635-4cfd-96f1-86cc78963b9a.mp3,male-male,2,2,2,2,2,2,2
HSC,84dfe7e5-5d17-43d2-a0db-d63cf67c8367,9.0,5.5,7.0,95.5,7.0,8.5,0.9496969696969697,84dfe7e5,84dfe7e5-5d17-43d2-a0db-d63cf67c8367/processed/84dfe7e5-5d17-43d2-a0db-d63cf67c8367.mp3,female-female,2,2,2,2,2,2,2
MSC,850c9bd1-b889-4787-a46f-6c272d6115a6,8.0,4.5,6.0,82.5,6.5,7.0,0.7844696969696969,850c9bd1,850c9bd1-b889-4787-a46f-6c272d6115a6/processed/850c9bd1-b889-4787-a46f-6c272d6115a6.mp3,female-male,2,2,2,2,2,2,2
MSC,853976a7-d129-47e3-880c-210ace486378,8.0,5.6875,5.666666666666666,79.0,6.5,7.0,0.7602272727272725,853976a7,853976a7-d129-47e3-880c-210ace486378/processed/853976a7-d129-47e3-880c-210ace486378.mp3,male-male,2,2,2,2,2,2,2
HSC,8579117f-bc62-4472-a9d6-731b627f4ed0,9.0,6.8125,7.0,100.0,7.0,8.0,0.9772727272727273,8579117f,8579117f-bc62-4472-a9d6-731b627f4ed0/processed/8579117f-bc62-4472-a9d6-731b627f4ed0.mp3,female-female,2,2,2,2,2,2,2
MSC,85b76012-fc36-4a38-95c1-15a07bf67174,8.0,4.9375,5.833333333333334,82.0,6.5,8.0,0.7738636363636364,85b76012,85b76012-fc36-4a38-95c1-15a07bf67174/processed/85b76012-fc36-4a38-95c1-15a07bf67174.mp3,male-male,2,2,2,2,2,2,2
MSC,85bb0a1d-9632-4786-9e7e-cc97bbe5b632,8.5,4.0,5.666666666666666,93.0,7.0,5.0,0.8678030303030304,85bb0a1d,85bb0a1d-9632-4786-9e7e-cc97bbe5b632/processed/85bb0a1d-9632-4786-9e7e-cc97bbe5b632.mp3,female-male,2,2,2,2,2,2,2
MSC,8610697a-bd21-480e-9973-7da048d82c3b,5.5,3.8125,5.5,67.0,4.5,6.0,0.6478787878787878,8610697a,8610697a-bd21-480e-9973-7da048d82c3b/processed/8610697a-bd21-480e-9973-7da048d82c3b.mp3,female-male,2,2,2,2,2,2,2
MSC,863be6a8-2c9b-4cfb-868a-71bcd4c54802,8.0,4.8125,5.666666666666666,65.0,6.0,6.5,0.7821969696969697,863be6a8,863be6a8-2c9b-4cfb-868a-71bcd4c54802/processed/863be6a8-2c9b-4cfb-868a-71bcd4c54802.mp3,female-male,2,2,2,2,2,2,2
MSC,8655398f-c876-4323-ad2a-2a3334ad9847,8.0,3.75,6.166666666666666,75.5,6.0,4.5,0.7603787878787879,8655398f,8655398f-c876-4323-ad2a-2a3334ad9847/processed/8655398f-c876-4323-ad2a-2a3334ad9847.mp3,female-female,2,2,2,2,2,2,2
MSC,866d180b-4e1b-4155-97d1-a9cdfe5faf28,4.0,2.875,4.666666666666666,68.0,5.0,5.5,0.5337121212121212,866d180b,866d180b-4e1b-4155-97d1-a9cdfe5faf28/processed/866d180b-4e1b-4155-97d1-a9cdfe5faf28.mp3,male-male,2,2,2,2,2,2,2
MSC,86db5ff5-3c2c-45e1-b038-e89e6e103400,7.0,4.75,5.5,61.0,5.5,6.0,0.7461363636363636,86db5ff5,86db5ff5-3c2c-45e1-b038-e89e6e103400/processed/86db5ff5-3c2c-45e1-b038-e89e6e103400.mp3,female-female,2,2,2,2,2,2,2
MSC,86eacecb-02ab-4eb0-a7c4-d5007f67bb7d,7.5,5.375,5.5,86.0,6.0,6.5,0.8411363636363637,86eacecb,86eacecb-02ab-4eb0-a7c4-d5007f67bb7d/processed/86eacecb-02ab-4eb0-a7c4-d5007f67bb7d.mp3,male-male,2,2,2,2,2,2,2
MSC,8712e06c-82bc-46dc-ba0f-4181c1feaf48,7.0,5.3125,5.666666666666666,62.5,5.5,7.0,0.7402272727272727,8712e06c,8712e06c-82bc-46dc-ba0f-4181c1feaf48/processed/8712e06c-82bc-46dc-ba0f-4181c1feaf48.mp3,male-male,2,2,2,2,2,2,2
MSC,8717c68b-129d-492f-b9d5-fde01d65b3dc,8.5,5.4375,5.5,82.5,6.5,8.0,0.8159090909090909,8717c68b,8717c68b-129d-492f-b9d5-fde01d65b3dc/processed/8717c68b-129d-492f-b9d5-fde01d65b3dc.mp3,female-male,2,2,2,2,2,2,2
MSC,87507f5a-9ca2-4b4f-9e2d-8882d8bb9bfd,7.5,3.75,6.166666666666666,49.5,5.5,4.0,0.7215909090909092,87507f5a,87507f5a-9ca2-4b4f-9e2d-8882d8bb9bfd/processed/87507f5a-9ca2-4b4f-9e2d-8882d8bb9bfd.mp3,female-male,2,2,2,2,2,2,2
HSC,876dec66-b6e5-4b37-bd4c-201701303210,9.0,6.0625,7.0,96.0,7.0,9.0,0.9647727272727273,876dec66,876dec66-b6e5-4b37-bd4c-201701303210/processed/876dec66-b6e5-4b37-bd4c-201701303210.mp3,female-female,2,2,2,2,2,2,2
MSC,87d78bb4-e2b9-459a-a165-191289a578cd,5.5,4.0,4.333333333333334,58.5,5.0,4.5,0.5556060606060607,87d78bb4,87d78bb4-e2b9-459a-a165-191289a578cd/processed/87d78bb4-e2b9-459a-a165-191289a578cd.mp3,female-male,2,2,2,2,2,2,2
MSC,87e8b3ce-14da-43e6-bd8b-7c3c67030559,8.0,4.625,6.333333333333333,90.0,6.0,7.0,0.771969696969697,87e8b3ce,87e8b3ce-14da-43e6-bd8b-7c3c67030559/processed/87e8b3ce-14da-43e6-bd8b-7c3c67030559.mp3,contains_MSC_or_unknown,1,1,1,1,1,1,1
MSC,87f8278a-1952-4aa2-92c3-6ad3ba3e562a,7.0,3.3125,6.0,66.5,5.0,5.0,0.7193939393939394,87f8278a,87f8278a-1952-4aa2-92c3-6ad3ba3e562a/processed/87f8278a-1952-4aa2-92c3-6ad3ba3e562a.mp3,male-male,2,2,2,2,2,2,2
MSC,882bdd3e-4def-4144-a5b8-adb69e81a7e3,8.0,4.3125,5.833333333333334,80.0,6.0,6.5,0.7384090909090908,882bdd3e,882bdd3e-4def-4144-a5b8-adb69e81a7e3/processed/882bdd3e-4def-4144-a5b8-adb69e81a7e3.mp3,female-male,2,2,2,2,2,2,2
MSC,8852e872-d599-4a63-a49f-d0b520763919,8.0,5.1875,5.333333333333334,73.0,7.0,6.5,0.7543939393939394,8852e872,8852e872-d599-4a63-a49f-d0b520763919/processed/8852e872-d599-4a63-a49f-d0b520763919.mp3,male-male,2,2,2,2,2,2,2
MSC,885658fd-8cec-4889-a1d9-dcb6b07ac677,8.5,4.1875,6.666666666666667,87.5,6.5,7.5,0.8159090909090908,885658fd,885658fd-8cec-4889-a1d9-dcb6b07ac677/processed/885658fd-8cec-4889-a1d9-dcb6b07ac677.mp3,male-male,2,2,2,2,2,2,2
MSC,885e4bf4-6eeb-4479-bd52-147a0f6748fd,7.5,4.0625,5.166666666666666,68.0,6.0,6.0,0.713939393939394,885e4bf4,885e4bf4-6eeb-4479-bd52-147a0f6748fd/processed/885e4bf4-6eeb-4479-bd52-147a0f6748fd.mp3,female-female,2,2,2,2,2,2,2
MSC,885fbe61-96bb-4644-8629-9af34557eacf,8.5,3.5,6.5,85.0,6.5,7.5,0.8261363636363637,885fbe61,885fbe61-96bb-4644-8629-9af34557eacf/processed/885fbe61-96bb-4644-8629-9af34557eacf.mp3,female-male,2,2,2,2,2,2,2
MSC,887e8f31-1da8-4a42-8aa9-23f6cb0781a2,8.5,5.3125,6.5,72.5,6.5,7.5,0.8181818181818181,887e8f31,887e8f31-1da8-4a42-8aa9-23f6cb0781a2/processed/887e8f31-1da8-4a42-8aa9-23f6cb0781a2.mp3,contains_MSC_or_unknown,2,2,2,2,2,2,2
MSC,889978ac-40cd-4dc0-bb79-39334f6037e2,7.0,4.5,6.166666666666666,67.5,5.5,5.0,0.7075757575757576,889978ac,889978ac-40cd-4dc0-bb79-39334f6037e2/processed/889978ac-40cd-4dc0-bb79-39334f6037e2.mp3,female-male,2,2,2,2,2,2,2
MSC,88c90246-2d1a-4c6b-b84d-abde34a8cb0f,8.0,5.5625,6.5,82.5,7.0,6.5,0.7575757575757576,88c90246,88c90246-2d1a-4c6b-b84d-abde34a8cb0f/processed/88c90246-2d1a-4c6b-b84d-abde34a8cb0f.mp3,female-female,2,2,2,2,2,2,2
MSC,88e7e184-0011-427a-86d9-151a174d86cd,7.0,4.8125,6.166666666666667,81.5,5.5,8.0,0.7645454545454546,88e7e184,88e7e184-0011-427a-86d9-151a174d86cd/processed/88e7e184-0011-427a-86d9-151a174d86cd.mp3,female-male,2,2,2,2,2,2,2
MSC,89030a65-7fbf-4b75-a85b-e0b48c9cb21d,8.5,5.0,6.333333333333334,78.5,6.5,5.0,0.8300757575757576,89030a65,89030a65-7fbf-4b75-a85b-e0b48c9cb21d/processed/89030a65-7fbf-4b75-a85b-e0b48c9cb21d.mp3,female-male,2,2,2,2,2,2,2
MSC,8905eed1-c670-46a6-98a3-271969b44927,8.5,5.25,6.5,90.0,7.0,7.5,0.9143939393939394,8905eed1,8905eed1-c670-46a6-98a3-271969b44927/processed/8905eed1-c670-46a6-98a3-271969b44927.mp3,female-male,2,2,2,2,2,2,2
MSC,8942bbbe-ac20-48ab-9c7c-c69098c99a42,5.0,3.875,5.333333333333334,60.5,4.5,3.5,0.5823484848484849,8942bbbe,8942bbbe-ac20-48ab-9c7c-c69098c99a42/processed/8942bbbe-ac20-48ab-9c7c-c69098c99a42.mp3,female-male,2,2,2,2,2,2,2
MSC,8952d5c3-5ec9-4a99-a21d-52be2dfec176,8.0,5.6875,5.5,83.5,6.5,6.5,0.7802272727272728,8952d5c3,8952d5c3-5ec9-4a99-a21d-52be2dfec176/processed/8952d5c3-5ec9-4a99-a21d-52be2dfec176.mp3,female-male,2,2,2,2,2,2,2
MSC,898c0139-9796-44cc-a8f2-35392c70bbb8,9.0,5.125,6.5,87.5,7.0,2.0,0.8887121212121212,898c0139,898c0139-9796-44cc-a8f2-35392c70bbb8/processed/898c0139-9796-44cc-a8f2-35392c70bbb8.mp3,female-female,2,2,2,2,2,2,2
MSC,89a5a032-cac4-4c02-8dce-9ef2f156475a,8.0,4.375,5.833333333333334,67.5,6.0,4.0,0.7726515151515152,89a5a032,89a5a032-cac4-4c02-8dce-9ef2f156475a/processed/89a5a032-cac4-4c02-8dce-9ef2f156475a.mp3,female-male,2,2,2,2,2,2,2
MSC,89d49611-6307-425e-b47f-69d9b317573d,6.5,4.6875,5.666666666666666,59.0,5.5,5.0,0.6428787878787878,89d49611,89d49611-6307-425e-b47f-69d9b317573d/processed/89d49611-6307-425e-b47f-69d9b317573d.mp3,male-male,2,2,2,2,2,2,2
MSC,89e4bd51-11dd-4b48-a049-aefc8b0bc604,6.5,4.9375,6.0,74.0,5.0,4.5,0.6313636363636365,89e4bd51,89e4bd51-11dd-4b48-a049-aefc8b0bc604/processed/89e4bd51-11dd-4b48-a049-aefc8b0bc604.mp3,female-male,2,2,2,2,2,2,2
MSC,8a2c96ea-b898-4da6-87c1-2a79aa31a658,8.0,5.4375,5.333333333333334,86.0,7.0,6.0,0.8200757575757576,8a2c96ea,8a2c96ea-b898-4da6-87c1-2a79aa31a658/processed/8a2c96ea-b898-4da6-87c1-2a79aa31a658.mp3,female-male,2,2,2,2,2,2,2
MSC,8a5c1257-8159-4bd5-881e-7537d40c1a22,8.0,5.125,6.166666666666666,84.0,6.5,8.0,0.8597727272727272,8a5c1257,8a5c1257-8159-4bd5-881e-7537d40c1a22/processed/8a5c1257-8159-4bd5-881e-7537d40c1a22.mp3,female-male,2,2,2,2,2,2,2
MSC,8a852635-85e0-4b09-8004-ad3d7de925d5,8.0,5.8125,6.333333333333334,88.5,6.5,8.5,0.8460606060606062,8a852635,8a852635-85e0-4b09-8004-ad3d7de925d5/processed/8a852635-85e0-4b09-8004-ad3d7de925d5.mp3,female-male,2,2,2,2,2,2,2
HSC,8a9561f0-0eb6-4650-be92-4bb03821fb7b,8.5,6.5,6.833333333333334,90.0,7.0,8.0,0.9177272727272727,8a9561f0,8a9561f0-0eb6-4650-be92-4bb03821fb7b/processed/8a9561f0-0eb6-4650-be92-4bb03821fb7b.mp3,female-female,2,2,2,2,2,2,2
MSC,8afc47b0-f2d9-4f4f-8b51-5c2342ac9c0a,7.0,5.1875,5.833333333333333,76.0,5.5,6.5,0.6862121212121213,8afc47b0,8afc47b0-f2d9-4f4f-8b51-5c2342ac9c0a/processed/8afc47b0-f2d9-4f4f-8b51-5c2342ac9c0a.mp3,female-male,2,2,2,2,2,2,2
MSC,8b0ecdda-eb47-420e-8a79-a41e64a40b09,8.0,5.5,6.333333333333334,82.5,6.5,6.5,0.8504545454545454,8b0ecdda,8b0ecdda-eb47-420e-8a79-a41e64a40b09/processed/8b0ecdda-eb47-420e-8a79-a41e64a40b09.mp3,male-male,2,2,2,2,2,2,2
MSC,8b1e20c8-f7f6-4198-b938-a8fbeea3e912,7.0,4.625,6.166666666666666,63.5,6.0,6.0,0.7458333333333333,8b1e20c8,8b1e20c8-f7f6-4198-b938-a8fbeea3e912/processed/8b1e20c8-f7f6-4198-b938-a8fbeea3e912.mp3,female-female,2,2,2,2,2,2,2
MSC,8b1f3ac0-a641-4574-9763-2218bfb4bdd1,6.5,4.1875,4.833333333333333,77.0,6.0,6.0,0.6703030303030302,8b1f3ac0,8b1f3ac0-a641-4574-9763-2218bfb4bdd1/processed/8b1f3ac0-a641-4574-9763-2218bfb4bdd1.mp3,female-female,2,2,2,2,2,2,2
UNSCORED,8bc5f32a-afbc-40d0-9037-9baef0e7182c,7.5,4.6875,5.833333333333334,76.5,5.5,6.5,0.7631818181818182,8bc5f32a,8bc5f32a-afbc-40d0-9037-9baef0e7182c/processed/8bc5f32a-afbc-40d0-9037-9baef0e7182c.mp3,male-male,2,2,2,2,2,2,2
MSC,8bf369ea-ab22-4723-ba24-caeff2204a9e,7.0,4.9375,6.5,77.5,6.0,5.0,0.7034848484848485,8bf369ea,8bf369ea-ab22-4723-ba24-caeff2204a9e/processed/8bf369ea-ab22-4723-ba24-caeff2204a9e.mp3,male-male,2,2,2,2,2,2,2
MSC,8bf5b973-cb87-4d3b-859b-8e116476295f,8.0,5.4375,5.833333333333334,78.5,6.0,7.0,0.7800757575757575,8bf5b973,8bf5b973-cb87-4d3b-859b-8e116476295f/processed/8bf5b973-cb87-4d3b-859b-8e116476295f.mp3,female-female,2,2,2,2,2,2,2
MSC,8c19ef18-4f48-4938-a2fe-f489af906df7,8.5,6.4375,6.166666666666666,85.0,6.5,8.5,0.8734848484848485,8c19ef18,8c19ef18-4f48-4938-a2fe-f489af906df7/processed/8c19ef18-4f48-4938-a2fe-f489af906df7.mp3,male-male,2,2,2,2,2,2,2
MSC,8caf8ef8-b35c-409a-a0ad-953925ed3a2a,6.5,3.5,5.333333333333334,79.0,4.5,5.5,0.6501515151515151,8caf8ef8,8caf8ef8-b35c-409a-a0ad-953925ed3a2a/processed/8caf8ef8-b35c-409a-a0ad-953925ed3a2a.mp3,male-male,2,2,2,2,2,2,2
MSC,8d0c52af-1e6d-46ca-a709-28c7ba9734ce,5.0,3.75,5.666666666666667,55.0,4.0,5.0,0.5840909090909091,8d0c52af,8d0c52af-1e6d-46ca-a709-28c7ba9734ce/processed/8d0c52af-1e6d-46ca-a709-28c7ba9734ce.mp3,contains_MSC_or_unknown,1,1,1,1,1,1,1
MSC,8d38d01e-ab10-4ec3-8182-175be4e4be2b,8.5,5.1875,6.333333333333334,93.5,6.5,7.5,0.8900757575757575,8d38d01e,8d38d01e-ab10-4ec3-8182-175be4e4be2b/processed/8d38d01e-ab10-4ec3-8182-175be4e4be2b.mp3,female-male,2,2,2,2,2,2,2
MSC,8d608a59-05cb-4954-9ea9-e45ba15e8f83,7.0,4.1875,6.0,71.0,6.0,5.0,0.7566666666666666,8d608a59,8d608a59-05cb-4954-9ea9-e45ba15e8f83/processed/8d608a59-05cb-4954-9ea9-e45ba15e8f83.mp3,male-male,2,2,2,2,2,2,2
MSC,8d8f365d-385d-4116-a0c7-d7aad8e5dc30,8.5,5.5,6.166666666666667,89.0,7.0,7.5,0.8025757575757575,8d8f365d,8d8f365d-385d-4116-a0c7-d7aad8e5dc30/processed/8d8f365d-385d-4116-a0c7-d7aad8e5dc30.mp3,female-female,2,2,2,2,2,2,2
MSC,8de72bfa-931b-4d91-abdd-7fa0053db775,7.0,4.9375,6.0,75.0,6.0,7.5,0.7348484848484849,8de72bfa,8de72bfa-931b-4d91-abdd-7fa0053db775/processed/8de72bfa-931b-4d91-abdd-7fa0053db775.mp3,female-male,2,2,2,2,2,2,2
MSC,8e00da37-7586-4718-922e-feac93b75553,8.0,5.625,6.5,85.5,6.5,5.0,0.7916666666666667,8e00da37,8e00da37-7586-4718-922e-feac93b75553/processed/8e00da37-7586-4718-922e-feac93b75553.mp3,female-male,2,2,2,2,2,2,2
MSC,8e525c27-7d72-4aad-84fc-7bffbe15a0c3,6.5,3.5,5.166666666666666,62.5,5.0,5.0,0.6563636363636364,8e525c27,8e525c27-7d72-4aad-84fc-7bffbe15a0c3/processed/8e525c27-7d72-4aad-84fc-7bffbe15a0c3.mp3,female-male,2,2,2,2,2,2,2
MSC,8e6813d5-c2de-4e09-90e9-ba739fdb6d48,6.0,4.4375,5.666666666666666,60.5,5.5,5.0,0.6785606060606061,8e6813d5,8e6813d5-c2de-4e09-90e9-ba739fdb6d48/processed/8e6813d5-c2de-4e09-90e9-ba739fdb6d48.mp3,female-male,2,2,2,2,2,2,2
HSC,8e76a02c-9b07-4a8a-b70d-0f8ff57b82e2,9.0,5.75,7.0,97.5,7.0,7.5,0.946590909090909,8e76a02c,8e76a02c-9b07-4a8a-b70d-0f8ff57b82e2/processed/8e76a02c-9b07-4a8a-b70d-0f8ff57b82e2.mp3,female-male,2,2,2,2,2,2,2
MSC,8e88babc-8098-4a2b-b533-252a2419f7be,7.0,5.0625,6.0,76.0,6.0,6.5,0.7170454545454545,8e88babc,8e88babc-8098-4a2b-b533-252a2419f7be/processed/8e88babc-8098-4a2b-b533-252a2419f7be.mp3,female-male,2,2,2,2,2,2,2
MSC,8e921771-ab17-4891-9262-56530800ac00,6.5,3.375,5.5,51.5,5.0,4.5,0.6522727272727273,8e921771,8e921771-ab17-4891-9262-56530800ac00/processed/8e921771-ab17-4891-9262-56530800ac00.mp3,male-male,2,2,2,2,2,2,2
MSC,8ec55249-5189-4055-bb68-c2466e320f90,7.5,4.0625,5.0,74.0,5.5,4.0,0.7109090909090909,8ec55249,8ec55249-5189-4055-bb68-c2466e320f90/processed/8ec55249-5189-4055-bb68-c2466e320f90.mp3,male-male,2,2,2,2,2,2,2
MSC,8ee0f515-ff66-4189-bd7a-bde430931fe9,7.5,5.0,6.0,75.0,6.0,6.5,0.7766666666666666,8ee0f515,8ee0f515-ff66-4189-bd7a-bde430931fe9/processed/8ee0f515-ff66-4189-bd7a-bde430931fe9.mp3,female-male,2,2,2,2,2,2,2
MSC,8ee74838-737b-4093-b4e6-424dd7f4b347,7.0,2.25,5.666666666666666,40.5,5.5,4.0,0.7534090909090909,8ee74838,8ee74838-737b-4093-b4e6-424dd7f4b347/processed/8ee74838-737b-4093-b4e6-424dd7f4b347.mp3,female-male,2,2,2,2,2,2,2
MSC,8f1d8967-f1de-4a3f-a5fc-3adf9015e732,7.0,3.4375,5.333333333333334,48.0,5.0,4.0,0.6414393939393939,8f1d8967,8f1d8967-f1de-4a3f-a5fc-3adf9015e732/processed/8f1d8967-f1de-4a3f-a5fc-3adf9015e732.mp3,female-male,2,2,2,2,2,2,2
MSC,8f32555d-8b0f-4384-aa03-5b351df05b2f,8.5,4.8125,6.5,85.5,7.0,7.0,0.9046212121212122,8f32555d,8f32555d-8b0f-4384-aa03-5b351df05b2f/processed/8f32555d-8b0f-4384-aa03-5b351df05b2f.mp3,female-male,2,2,2,2,2,2,2
MSC,8f6efa76-f5ce-4d71-9dbf-c1b8670cca44,8.0,5.125,6.166666666666667,70.0,6.5,6.0,0.8337878787878787,8f6efa76,8f6efa76-f5ce-4d71-9dbf-c1b8670cca44/processed/8f6efa76-f5ce-4d71-9dbf-c1b8670cca44.mp3,female-male,2,2,2,2,2,2,2
MSC,8f80fe20-344f-455c-9bde-fe40a309fb63,6.0,4.3125,4.666666666666666,74.0,5.0,5.5,0.5988636363636364,8f80fe20,8f80fe20-344f-455c-9bde-fe40a309fb63/processed/8f80fe20-344f-455c-9bde-fe40a309fb63.mp3,male-male,2,2,2,2,2,2,2
HSC,8fa48307-dc73-4a67-96ed-85b73cf8f8ea,9.0,4.5,6.833333333333334,86.0,7.0,6.0,0.9729545454545454,8fa48307,8fa48307-dc73-4a67-96ed-85b73cf8f8ea/processed/8fa48307-dc73-4a67-96ed-85b73cf8f8ea.mp3,male-male,2,2,2,2,2,2,2
MSC,8fb541d2-030b-46ad-9b94-77b6989cd555,9.0,5.25,6.666666666666666,84.5,7.0,8.5,0.8462121212121212,8fb541d2,8fb541d2-030b-46ad-9b94-77b6989cd555/processed/8fb541d2-030b-46ad-9b94-77b6989cd555.mp3,male-male,2,2,2,2,2,2,2
MSC,8fdc1837-7c68-4eb7-8a15-1fe0abdba373,8.5,5.0625,6.0,96.5,7.0,7.5,0.9249242424242425,8fdc1837,8fdc1837-7c68-4eb7-8a15-1fe0abdba373/processed/8fdc1837-7c68-4eb7-8a15-1fe0abdba373.mp3,female-female,2,2,2,2,2,2,2
MSC,8ffb9f08-20e5-4edc-b365-da2657115f1a,7.0,4.5625,6.0,65.5,5.5,7.0,0.6690909090909091,8ffb9f08,8ffb9f08-20e5-4edc-b365-da2657115f1a/processed/8ffb9f08-20e5-4edc-b365-da2657115f1a.mp3,female-female,2,2,2,2,2,2,2
MSC,900ef686-6298-447f-8382-bb5ea0ee6e1b,8.0,5.75,5.333333333333334,65.5,6.0,7.5,0.6856060606060606,900ef686,900ef686-6298-447f-8382-bb5ea0ee6e1b/processed/900ef686-6298-447f-8382-bb5ea0ee6e1b.mp3,female-male,2,2,2,2,2,2,2
MSC,90741059-bd4a-4488-946a-73fa52c24066,6.5,3.375,4.833333333333333,72.5,5.0,6.0,0.6278787878787879,90741059,90741059-bd4a-4488-946a-73fa52c24066/processed/90741059-bd4a-4488-946a-73fa52c24066.mp3,female-male,2,2,2,2,2,2,2
MSC,90ae2f6b-e8c5-498e-b952-95ffb8446d52,8.5,5.5625,6.166666666666666,77.5,6.5,6.0,0.7087878787878787,90ae2f6b,90ae2f6b-e8c5-498e-b952-95ffb8446d52/processed/90ae2f6b-e8c5-498e-b952-95ffb8446d52.mp3,female-female,2,2,2,2,2,2,2
MSC,9109deac-7168-49b9-918c-a7fd955b45a9,7.5,3.9375,6.0,78.0,6.0,5.5,0.7478787878787878,9109deac,9109deac-7168-49b9-918c-a7fd955b45a9/processed/9109deac-7168-49b9-918c-a7fd955b45a9.mp3,male-male,2,2,2,2,2,2,2
MSC,911bdf35-886c-451d-a26e-7b841cb17806,8.0,4.75,6.5,84.0,6.5,7.0,0.7496969696969696,911bdf35,911bdf35-886c-451d-a26e-7b841cb17806/processed/911bdf35-886c-451d-a26e-7b841cb17806.mp3,female-male,2,2,2,2,2,2,2
MSC,9123e35d-aee3-42a2-ab48-190f59d2fcc8,8.0,4.5625,5.833333333333334,82.5,6.0,6.5,0.7538636363636363,9123e35d,9123e35d-aee3-42a2-ab48-190f59d2fcc8/processed/9123e35d-aee3-42a2-ab48-190f59d2fcc8.mp3,female-male,2,2,2,2,2,2,2
MSC,916d8851-e042-42e8-9dd5-9aa61c3e8df0,8.5,5.9375,6.5,91.5,7.0,7.0,0.8999242424242424,916d8851,916d8851-e042-42e8-9dd5-9aa61c3e8df0/processed/916d8851-e042-42e8-9dd5-9aa61c3e8df0.mp3,male-male,2,2,2,2,2,2,2
MSC,916eeff0-81eb-4b23-a80f-395a73209388,7.5,6.0,5.5,95.0,6.5,8.0,0.8361363636363637,916eeff0,916eeff0-81eb-4b23-a80f-395a73209388/processed/916eeff0-81eb-4b23-a80f-395a73209388.mp3,female-male,2,2,2,2,2,2,2
MSC,91dcc2ea-a651-40bd-86af-2382fb764930,7.5,3.625,5.333333333333334,72.5,6.0,2.5,0.718939393939394,91dcc2ea,91dcc2ea-a651-40bd-86af-2382fb764930/processed/91dcc2ea-a651-40bd-86af-2382fb764930.mp3,female-male,2,2,2,2,2,2,2
MSC,91ec4843-5cb0-4792-962a-21fb69435204,6.0,3.0625,5.333333333333333,66.0,4.5,5.0,0.5888636363636364,91ec4843,91ec4843-5cb0-4792-962a-21fb69435204/processed/91ec4843-5cb0-4792-962a-21fb69435204.mp3,female-male,2,2,2,2,2,2,2
MSC,91fd5018-5302-4a6b-8699-eb56c370e5e4,6.5,5.3125,6.0,60.5,6.0,5.0,0.6353787878787879,91fd5018,91fd5018-5302-4a6b-8699-eb56c370e5e4/processed/91fd5018-5302-4a6b-8699-eb56c370e5e4.mp3,female-male,2,2,2,2,2,2,2
MSC,92198ef4-6861-4b05-b32f-d632503345b8,5.5,3.375,5.5,53.5,5.0,3.5,0.6145454545454546,92198ef4,92198ef4-6861-4b05-b32f-d632503345b8/processed/92198ef4-6861-4b05-b32f-d632503345b8.mp3,male-male,2,2,2,2,2,2,2
MSC,92a95acb-06cf-48b6-bc49-c78d972b64d0,9.0,5.125,6.166666666666666,90.5,7.0,4.0,0.8868939393939395,92a95acb,92a95acb-06cf-48b6-bc49-c78d972b64d0/processed/92a95acb-06cf-48b6-bc49-c78d972b64d0.mp3,female-female,2,2,2,2,2,2,2
MSC,92ac6bad-d972-4f55-87f2-f2d45b4a995f,8.0,5.125,5.833333333333334,80.0,7.0,7.5,0.8121969696969698,92ac6bad,92ac6bad-d972-4f55-87f2-f2d45b4a995f/processed/92ac6bad-d972-4f55-87f2-f2d45b4a995f.mp3,female-female,2,2,2,2,2,2,2
LSC,92c5bc68-fbb8-4743-b0ec-464132eddb33,4.5,4.0,4.666666666666666,46.0,4.0,4.5,0.5109848484848485,92c5bc68,92c5bc68-fbb8-4743-b0ec-464132eddb33/processed/92c5bc68-fbb8-4743-b0ec-464132eddb33.mp3,male-male,2,2,2,2,2,2,2
MSC,92c66875-8a3c-44f6-9356-8537655417db,9.0,4.0,5.666666666666667,75.0,7.0,7.0,0.8136363636363636,92c66875,92c66875-8a3c-44f6-9356-8537655417db/processed/92c66875-8a3c-44f6-9356-8537655417db.mp3,contains_MSC_or_unknown,1,1,1,1,1,1,1
MSC,933db294-d447-4152-b79a-f102fabf925a,8.0,5.375,6.333333333333334,88.5,6.5,7.5,0.8702272727272726,933db294,933db294-d447-4152-b79a-f102fabf925a/processed/933db294-d447-4152-b79a-f102fabf925a.mp3,male-male,2,2,2,2,2,2,2
HSC,934e0711-7abb-4a17-a73e-4e6b2b175547,9.0,5.1875,6.166666666666666,91.5,7.0,7.5,0.946590909090909,934e0711,934e0711-7abb-4a17-a73e-4e6b2b175547/processed/934e0711-7abb-4a17-a73e-4e6b2b175547.mp3,female-male,2,2,2,2,2,2,2
MSC,939a1017-c474-4059-9dac-1ae65a2e4bcf,8.5,5.3125,6.333333333333334,93.0,6.5,7.5,0.8607575757575758,939a1017,939a1017-c474-4059-9dac-1ae65a2e4bcf/processed/939a1017-c474-4059-9dac-1ae65a2e4bcf.mp3,male-male,2,2,2,2,2,2,2
MSC,939b73b9-4e39-43ba-b772-0946e4c4f475,6.0,5.3125,5.833333333333334,66.5,4.5,7.0,0.6813636363636362,939b73b9,939b73b9-4e39-43ba-b772-0946e4c4f475/processed/939b73b9-4e39-43ba-b772-0946e4c4f475.mp3,female-male,2,2,2,2,2,2,2
MSC,93c0b0ae-6a00-4ec6-bd85-1e6dccac93e4,5.5,2.0,5.0,31.0,4.5,3.0,0.5077272727272728,93c0b0ae,93c0b0ae-6a00-4ec6-bd85-1e6dccac93e4/processed/93c0b0ae-6a00-4ec6-bd85-1e6dccac93e4.mp3,female-female,2,2,2,2,2,2,2
MSC,93f3cf2c-cc98-4177-863d-28b32f36cf36,8.0,4.3125,5.833333333333334,78.5,6.5,6.5,0.751969696969697,93f3cf2c,93f3cf2c-cc98-4177-863d-28b32f36cf36/processed/93f3cf2c-cc98-4177-863d-28b32f36cf36.mp3,female-female,2,2,2,2,2,2,2
MSC,945a11ec-7514-4556-9c81-5f32dffae21c,8.0,5.875,6.333333333333334,85.0,6.0,7.0,0.781590909090909,945a11ec,945a11ec-7514-4556-9c81-5f32dffae21c/processed/945a11ec-7514-4556-9c81-5f32dffae21c.mp3,female-male,2,2,2,2,2,2,2
MSC,945a995a-96fc-4f11-a508-5aab151aac05,8.5,6.0625,6.5,70.0,6.5,8.5,0.8611363636363636,945a995a,945a995a-96fc-4f11-a508-5aab151aac05/processed/945a995a-96fc-4f11-a508-5aab151aac05.mp3,male-male,2,2,2,2,2,2,2
LSC,949ad667-0831-443f-987c-78e61775fa00,3.0,2.4375,3.333333333333333,20.5,3.5,2.0,0.3141666666666667,949ad667,949ad667-0831-443f-987c-78e61775fa00/processed/949ad667-0831-443f-987c-78e61775fa00.mp3,female-male,2,2,2,2,2,2,2
MSC,94a1abaa-d89e-4d0d-82ad-1c8de8155a2f,4.5,2.1875,4.833333333333333,49.0,4.5,2.0,0.5653787878787879,94a1abaa,94a1abaa-d89e-4d0d-82ad-1c8de8155a2f/processed/94a1abaa-d89e-4d0d-82ad-1c8de8155a2f.mp3,female-male,2,2,2,2,2,2,2
MSC,94a3c6b5-46d5-4d3c-9616-1cc0e5a21e9e,8.5,5.625,5.166666666666666,86.5,6.5,8.0,0.801060606060606,94a3c6b5,94a3c6b5-46d5-4d3c-9616-1cc0e5a21e9e/processed/94a3c6b5-46d5-4d3c-9616-1cc0e5a21e9e.mp3,female-male,2,2,2,2,2,2,2
MSC,94ac8821-51cc-4d9c-a185-b98cbdcd938b,7.0,5.5625,6.333333333333334,76.5,6.0,7.0,0.7571969696969698,94ac8821,94ac8821-51cc-4d9c-a185-b98cbdcd938b/processed/94ac8821-51cc-4d9c-a185-b98cbdcd938b.mp3,male-male,2,2,2,2,2,2,2
MSC,94ad0e79-33b1-4fcf-9fe4-afc2d0edcaae,8.0,4.9375,5.666666666666666,81.0,6.0,6.5,0.8033333333333332,94ad0e79,94ad0e79-33b1-4fcf-9fe4-afc2d0edcaae/processed/94ad0e79-33b1-4fcf-9fe4-afc2d0edcaae.mp3,female-male,2,2,2,2,2,2,2
MSC,94cbc2b3-ba08-43d1-83aa-2c1100f34385,5.0,3.625,4.833333333333334,30.0,4.5,3.5,0.4988636363636364,94cbc2b3,94cbc2b3-ba08-43d1-83aa-2c1100f34385/processed/94cbc2b3-ba08-43d1-83aa-2c1100f34385.mp3,female-female,2,2,2,2,2,2,2
MSC,95080666-a5c6-4e59-904f-1efb10065762,7.5,4.8125,6.166666666666667,76.5,6.5,6.5,0.7835606060606061,95080666,95080666-a5c6-4e59-904f-1efb10065762/processed/95080666-a5c6-4e59-904f-1efb10065762.mp3,female-female,2,2,2,2,2,2,2
MSC,951af6f2-95b0-4883-9c07-3f41a0db0e84,7.5,4.25,5.666666666666666,62.5,5.0,5.5,0.6799242424242424,951af6f2,951af6f2-95b0-4883-9c07-3f41a0db0e84/processed/951af6f2-95b0-4883-9c07-3f41a0db0e84.mp3,female-male,2,2,2,2,2,2,2
MSC,956c58d0-48d4-4f4a-8cee-95c4b2df5e58,7.0,5.0,6.0,68.5,5.5,7.0,0.699469696969697,956c58d0,956c58d0-48d4-4f4a-8cee-95c4b2df5e58/processed/956c58d0-48d4-4f4a-8cee-95c4b2df5e58.mp3,female-female,2,2,2,2,2,2,2
MSC,95782a22-1450-4685-a78c-b866fe736ff6,7.5,5.1875,6.166666666666666,62.5,6.0,7.5,0.7848484848484849,95782a22,95782a22-1450-4685-a78c-b866fe736ff6/processed/95782a22-1450-4685-a78c-b866fe736ff6.mp3,female-male,2,2,2,2,2,2,2
MSC,95d7d1a0-eeca-4eda-9b1d-9e72edd0c560,8.5,5.375,5.666666666666666,74.0,6.5,6.5,0.828409090909091,95d7d1a0,95d7d1a0-eeca-4eda-9b1d-9e72edd0c560/processed/95d7d1a0-eeca-4eda-9b1d-9e72edd0c560.mp3,female-female,2,2,2,2,2,2,2
MSC,9621ea79-3d5b-4b49-aa09-d792aa9a23e1,8.0,4.5625,5.833333333333334,61.0,6.0,6.0,0.7175757575757575,9621ea79,9621ea79-3d5b-4b49-aa09-d792aa9a23e1/processed/9621ea79-3d5b-4b49-aa09-d792aa9a23e1.mp3,female-male,2,2,2,2,2,2,2
MSC,962e4d2d-24bc-42e7-bea0-80f470306613,7.5,3.875,5.666666666666666,69.0,5.5,5.5,0.678409090909091,962e4d2d,962e4d2d-24bc-42e7-bea0-80f470306613/processed/962e4d2d-24bc-42e7-bea0-80f470306613.mp3,female-female,2,2,2,2,2,2,2
MSC,968d0076-2a23-4791-8136-9e65bd76c6b8,8.5,4.4375,6.5,88.5,6.5,3.0,0.889090909090909,968d0076,968d0076-2a23-4791-8136-9e65bd76c6b8/processed/968d0076-2a23-4791-8136-9e65bd76c6b8.mp3,female-male,2,2,2,2,2,2,2
MSC,96932864-9299-4c8d-87d0-1e45b16052d3,8.5,5.0625,6.666666666666666,85.5,6.5,6.5,0.886439393939394,96932864,96932864-9299-4c8d-87d0-1e45b16052d3/processed/96932864-9299-4c8d-87d0-1e45b16052d3.mp3,female-female,2,2,2,2,2,2,2
MSC,9694065a-ab87-442b-b3f4-fa3d8af12802,6.0,4.0625,4.5,38.0,5.0,4.5,0.582651515151515,9694065a,9694065a-ab87-442b-b3f4-fa3d8af12802/processed/9694065a-ab87-442b-b3f4-fa3d8af12802.mp3,female-male,2,2,2,2,2,2,2
MSC,96a61e6b-71cb-4806-aa18-0833e8ba9761,5.5,4.0625,5.333333333333334,69.0,3.0,2.5,0.573030303030303,96a61e6b,96a61e6b-71cb-4806-aa18-0833e8ba9761/processed/96a61e6b-71cb-4806-aa18-0833e8ba9761.mp3,female-male,2,2,2,2,2,2,2
MSC,96b7cb73-2377-4b20-952c-7e1fafb74da7,8.5,5.375,6.0,81.5,7.0,9.0,0.8959848484848485,96b7cb73,96b7cb73-2377-4b20-952c-7e1fafb74da7/processed/96b7cb73-2377-4b20-952c-7e1fafb74da7.mp3,female-male,2,2,2,2,2,2,2
HSC,96db0ba2-2a0b-4e0c-9c15-a3dae109f929,8.0,4.3125,4.333333333333333,88.5,7.0,8.0,0.9122727272727273,96db0ba2,96db0ba2-2a0b-4e0c-9c15-a3dae109f929/processed/96db0ba2-2a0b-4e0c-9c15-a3dae109f929.mp3,female-male,2,2,2,2,2,2,2
MSC,96f6db82-38b2-491f-a7d4-83a3a2c29c8f,8.0,5.0,6.333333333333334,92.5,6.5,6.0,0.8400000000000001,96f6db82,96f6db82-38b2-491f-a7d4-83a3a2c29c8f/processed/96f6db82-38b2-491f-a7d4-83a3a2c29c8f.mp3,female-female,2,2,2,2,2,2,2
MSC,97087c78-d2a1-4959-b72a-80f858a0afac,6.5,4.125,5.666666666666667,54.0,4.5,5.0,0.6421969696969697,97087c78,97087c78-d2a1-4959-b72a-80f858a0afac/processed/97087c78-d2a1-4959-b72a-80f858a0afac.mp3,female-male,2,2,2,2,2,2,2
MSC,97237153-37f6-48f0-a8ea-45ab74ccb18a,7.5,5.0625,5.833333333333334,73.5,5.5,5.0,0.7646969696969697,97237153,97237153-37f6-48f0-a8ea-45ab74ccb18a/processed/97237153-37f6-48f0-a8ea-45ab74ccb18a.mp3,female-female,2,2,2,2,2,2,2
MSC,9786cb35-0ef4-486d-85eb-42e234af5722,7.0,4.125,5.166666666666666,78.5,5.5,6.0,0.6864393939393939,9786cb35,9786cb35-0ef4-486d-85eb-42e234af5722/processed/9786cb35-0ef4-486d-85eb-42e234af5722.mp3,female-male,2,2,2,2,2,2,2
HSC,9795fef3-f31a-426a-9c5d-e4b5ddd51880,9.0,5.4375,7.0,98.5,7.0,7.5,0.956590909090909,9795fef3,9795fef3-f31a-426a-9c5d-e4b5ddd51880/processed/9795fef3-f31a-426a-9c5d-e4b5ddd51880.mp3,female-male,2,2,2,2,2,2,2
MSC,97b17342-a9c0-43ed-ad4f-02dfebfb7ce7,4.5,4.125,6.166666666666666,50.0,5.0,4.0,0.5340909090909092,97b17342,97b17342-a9c0-43ed-ad4f-02dfebfb7ce7/processed/97b17342-a9c0-43ed-ad4f-02dfebfb7ce7.mp3,female-male,2,2,2,2,2,2,2
MSC,97c7567b-9b6e-4152-ab2a-26a1e43315f6,8.0,4.0,5.666666666666666,73.0,6.5,6.0,0.8166666666666667,97c7567b,97c7567b-9b6e-4152-ab2a-26a1e43315f6/processed/97c7567b-9b6e-4152-ab2a-26a1e43315f6.mp3,female-female,2,2,2,2,2,2,2
MSC,983a1ff0-e14f-408a-a807-2e1b1cbb2a00,8.0,5.5,6.0,87.0,6.0,8.0,0.8328787878787878,983a1ff0,983a1ff0-e14f-408a-a807-2e1b1cbb2a00/processed/983a1ff0-e14f-408a-a807-2e1b1cbb2a00.mp3,contains_MSC_or_unknown,1,1,1,1,1,1,1
MSC,985897df-f738-4d01-9cd1-eabfa1a4c180,5.5,3.9375,4.5,62.0,5.0,5.5,0.5791666666666667,985897df,985897df-f738-4d01-9cd1-eabfa1a4c180/processed/985897df-f738-4d01-9cd1-eabfa1a4c180.mp3,male-male,2,2,2,2,2,2,2
MSC,98666aa9-2a23-4a64-9379-48541d73d901,7.0,5.5,6.333333333333333,86.0,7.0,6.0,0.8475757575757576,98666aa9,98666aa9-2a23-4a64-9379-48541d73d901/processed/98666aa9-2a23-4a64-9379-48541d73d901.mp3,contains_MSC_or_unknown,1,1,1,1,1,1,1
MSC,9888a348-46ae-4941-a37b-b1955439f958,8.5,5.125,6.0,81.0,6.5,6.0,0.8447727272727273,9888a348,9888a348-46ae-4941-a37b-b1955439f958/processed/9888a348-46ae-4941-a37b-b1955439f958.mp3,female-male,2,2,2,2,2,2,2
MSC,9896ff79-163a-4954-bb77-9b93128f5c4e,8.5,4.875,6.333333333333334,81.0,6.5,5.5,0.7968939393939394,9896ff79,9896ff79-163a-4954-bb77-9b93128f5c4e/processed/9896ff79-163a-4954-bb77-9b93128f5c4e.mp3,female-female,2,2,2,2,2,2,2
MSC,98cd0271-761f-46dd-9fca-9d2de62d2c49,6.0,3.4375,4.833333333333333,51.0,4.0,4.5,0.5842424242424242,98cd0271,98cd0271-761f-46dd-9fca-9d2de62d2c49/processed/98cd0271-761f-46dd-9fca-9d2de62d2c49.mp3,female-female,2,2,2,2,2,2,2
MSC,98f5655b-9980-408a-b880-19e87cef1de8,7.0,4.5625,5.833333333333334,78.5,6.0,5.5,0.688409090909091,98f5655b,98f5655b-9980-408a-b880-19e87cef1de8/processed/98f5655b-9980-408a-b880-19e87cef1de8.mp3,female-male,2,2,2,2,2,2,2
MSC,990143a6-5b72-4ab3-b87b-b3b558bc0d11,7.0,4.9375,5.5,76.0,6.0,6.0,0.7407575757575757,990143a6,990143a6-5b72-4ab3-b87b-b3b558bc0d11/processed/990143a6-5b72-4ab3-b87b-b3b558bc0d11.mp3,female-female,2,2,2,2,2,2,2
MSC,9941102b-4c0c-46cd-a4ef-9c386b8dfcff,7.5,4.5625,6.0,67.0,7.0,6.0,0.7866666666666666,9941102b,9941102b-4c0c-46cd-a4ef-9c386b8dfcff/processed/9941102b-4c0c-46cd-a4ef-9c386b8dfcff.mp3,female-male,2,2,2,2,2,2,2
MSC,99b21bf5-7a13-4969-81b8-824a66bde106,7.5,3.75,5.333333333333334,82.5,6.5,5.0,0.743560606060606,99b21bf5,99b21bf5-7a13-4969-81b8-824a66bde106/processed/99b21bf5-7a13-4969-81b8-824a66bde106.mp3,male-male,2,2,2,2,2,2,2
MSC,99cd443d-d3ce-454e-9359-8df20b9f6faf,8.0,5.0625,6.333333333333334,76.0,5.5,6.5,0.760378787878788,99cd443d,99cd443d-d3ce-454e-9359-8df20b9f6faf/processed/99cd443d-d3ce-454e-9359-8df20b9f6faf.mp3,male-male,2,2,2,2,2,2,2
MSC,9a14411e-f7e2-4614-bdeb-a4a0a8f7e623,6.0,2.8125,4.666666666666667,46.0,5.0,4.0,0.5515151515151515,9a14411e,9a14411e-f7e2-4614-bdeb-a4a0a8f7e623/processed/9a14411e-f7e2-4614-bdeb-a4a0a8f7e623.mp3,female-male,2,2,2,2,2,2,2
MSC,9a227233-3252-420c-9928-c3ae79fb9205,8.0,4.125,6.166666666666666,65.5,6.5,6.0,0.8202272727272726,9a227233,9a227233-3252-420c-9928-c3ae79fb9205/processed/9a227233-3252-420c-9928-c3ae79fb9205.mp3,female-female,2,2,2,2,2,2,2
MSC,9a495cd2-0101-4714-ae60-eb55cfd5764f,7.0,4.5625,6.0,72.0,6.0,6.5,0.7204545454545455,9a495cd2,9a495cd2-0101-4714-ae60-eb55cfd5764f/processed/9a495cd2-0101-4714-ae60-eb55cfd5764f.mp3,female-female,2,2,2,2,2,2,2
MSC,9a54607c-02a3-48c6-ad11-02a5e27812de,8.0,5.5,6.5,70.0,6.0,5.0,0.8170454545454545,9a54607c,9a54607c-02a3-48c6-ad11-02a5e27812de/processed/9a54607c-02a3-48c6-ad11-02a5e27812de.mp3,female-male,2,2,2,2,2,2,2
MSC,9ab45631-cba1-44aa-8e56-34f95a0dc699,8.5,5.75,6.5,94.0,7.0,6.0,0.8286363636363636,9ab45631,9ab45631-cba1-44aa-8e56-34f95a0dc699/processed/9ab45631-cba1-44aa-8e56-34f95a0dc699.mp3,female-female,2,2,2,2,2,2,2
MSC,9ac1cd72-36b7-4fe1-a870-d35801fae201,8.0,5.5625,6.166666666666666,80.0,6.5,5.0,0.7431818181818182,9ac1cd72,9ac1cd72-36b7-4fe1-a870-d35801fae201/processed/9ac1cd72-36b7-4fe1-a870-d35801fae201.mp3,female-male,2,2,2,2,2,2,2
MSC,9ac941a3-3b04-4bb0-8cb1-d6dcc2583b93,9.0,6.625,6.5,94.5,7.0,7.0,0.8712878787878788,9ac941a3,9ac941a3-3b04-4bb0-8cb1-d6dcc2583b93/processed/9ac941a3-3b04-4bb0-8cb1-d6dcc2583b93.mp3,female-female,2,2,2,2,2,2,2
LSC,9ac9b18d-66a1-4208-b2bd-4f249464632f,4.0,1.875,4.333333333333333,25.0,3.5,4.0,0.43386363636363634,9ac9b18d,9ac9b18d-66a1-4208-b2bd-4f249464632f/processed/9ac9b18d-66a1-4208-b2bd-4f249464632f.mp3,female-male,2,2,2,2,2,2,2
MSC,9ae602b5-4040-441b-b8e3-a9cae93d5b43,9.0,6.125,6.333333333333334,85.5,7.0,7.5,0.8984090909090909,9ae602b5,9ae602b5-4040-441b-b8e3-a9cae93d5b43/processed/9ae602b5-4040-441b-b8e3-a9cae93d5b43.mp3,female-female,2,2,2,2,2,2,2
MSC,9b1390e1-e5fd-4288-8a6c-09d0aaf970e9,8.0,5.875,6.5,85.0,7.0,7.0,0.790530303030303,9b1390e1,9b1390e1-e5fd-4288-8a6c-09d0aaf970e9/processed/9b1390e1-e5fd-4288-8a6c-09d0aaf970e9.mp3,male-male,2,2,2,2,2,2,2
MSC,9c512190-7d6d-4425-88a5-6a6179ba2483,8.5,5.8125,6.5,90.5,7.0,7.0,0.8949242424242425,9c512190,9c512190-7d6d-4425-88a5-6a6179ba2483/processed/9c512190-7d6d-4425-88a5-6a6179ba2483.mp3,female-male,2,2,2,2,2,2,2
MSC,9c86967e-584f-4f82-9641-5687a9a4652c,5.5,3.625,4.833333333333334,55.5,4.5,6.0,0.4384848484848485,9c86967e,9c86967e-584f-4f82-9641-5687a9a4652c/processed/9c86967e-584f-4f82-9641-5687a9a4652c.mp3,male-male,2,2,2,2,2,2,2
MSC,9c97e6c8-6303-4a1a-a245-01873049ae7f,7.5,4.75,5.833333333333334,62.5,6.0,7.0,0.7162121212121213,9c97e6c8,9c97e6c8-6303-4a1a-a245-01873049ae7f/processed/9c97e6c8-6303-4a1a-a245-01873049ae7f.mp3,female-male,2,2,2,2,2,2,2
MSC,9cd43649-cd28-482d-a29a-001d6e1e0aee,7.5,5.625,6.5,82.5,7.0,6.0,0.806060606060606,9cd43649,9cd43649-cd28-482d-a29a-001d6e1e0aee/processed/9cd43649-cd28-482d-a29a-001d6e1e0aee.mp3,female-male,2,2,2,2,2,2,2
MSC,9cf9baf0-2a8b-4b45-a7b0-416629bd61a3,8.0,5.25,6.5,92.5,6.5,7.0,0.8784090909090909,9cf9baf0,9cf9baf0-2a8b-4b45-a7b0-416629bd61a3/processed/9cf9baf0-2a8b-4b45-a7b0-416629bd61a3.mp3,female-male,2,2,2,2,2,2,2
MSC,9cfb7453-92b7-4e13-aa0d-32b6793ec1c0,8.0,4.625,5.0,70.0,6.0,5.0,0.7584848484848485,9cfb7453,9cfb7453-92b7-4e13-aa0d-32b6793ec1c0/processed/9cfb7453-92b7-4e13-aa0d-32b6793ec1c0.mp3,female-female,2,2,2,2,2,2,2
MSC,9d35eac2-723e-4359-bf7b-13061d713517,7.5,4.125,4.666666666666666,67.5,5.0,4.0,0.6875,9d35eac2,9d35eac2-723e-4359-bf7b-13061d713517/processed/9d35eac2-723e-4359-bf7b-13061d713517.mp3,female-male,2,2,2,2,2,2,2
MSC,9d3808dd-d448-42cc-930f-1dd15b383f23,7.5,5.125,5.833333333333334,78.5,6.0,7.0,0.7930303030303032,9d3808dd,9d3808dd-d448-42cc-930f-1dd15b383f23/processed/9d3808dd-d448-42cc-930f-1dd15b383f23.mp3,male-male,2,2,2,2,2,2,2
MSC,9d592e7e-554d-453e-9e3c-80512508147b,5.5,5.0,5.0,50.0,4.5,3.0,0.5931060606060607,9d592e7e,9d592e7e-554d-453e-9e3c-80512508147b/processed/9d592e7e-554d-453e-9e3c-80512508147b.mp3,female-male,2,2,2,2,2,2,2
MSC,9da99b7f-cdca-430c-b8c5-260995719f0a,4.0,4.0625,5.333333333333334,37.5,3.5,3.0,0.4440909090909091,9da99b7f,9da99b7f-cdca-430c-b8c5-260995719f0a/processed/9da99b7f-cdca-430c-b8c5-260995719f0a.mp3,female-male,2,2,2,2,2,2,2
LSC,9e11ca71-f442-49d4-a9c0-3c7ba4afa275,1.5,2.1875,1.6666666666666667,4.5,1.0,1.0,0.18772727272727271,9e11ca71,9e11ca71-f442-49d4-a9c0-3c7ba4afa275/processed/9e11ca71-f442-49d4-a9c0-3c7ba4afa275.mp3,female-female,2,2,2,2,2,2,2
MSC,9e2f24cc-108a-4c24-9fac-c07635299a98,6.5,5.125,6.166666666666667,63.5,5.5,6.0,0.6967424242424243,9e2f24cc,9e2f24cc-108a-4c24-9fac-c07635299a98/processed/9e2f24cc-108a-4c24-9fac-c07635299a98.mp3,female-male,2,2,2,2,2,2,2
MSC,9e568fdb-cf02-449b-ac55-73ea9f54c89d,6.0,3.0625,6.5,67.5,5.5,4.5,0.5981060606060605,9e568fdb,9e568fdb-cf02-449b-ac55-73ea9f54c89d/processed/9e568fdb-cf02-449b-ac55-73ea9f54c89d.mp3,female-female,2,2,2,2,2,2,2
MSC,9e7cba4a-ddcf-4e84-8892-6759fbde7608,7.5,3.6875,5.666666666666666,68.0,6.5,5.5,0.7125,9e7cba4a,9e7cba4a-ddcf-4e84-8892-6759fbde7608/processed/9e7cba4a-ddcf-4e84-8892-6759fbde7608.mp3,male-male,2,2,2,2,2,2,2
MSC,9eb57b35-1f92-433d-9510-8816c2b58793,7.0,4.5,5.166666666666666,76.0,5.0,5.5,0.7311363636363637,9eb57b35,9eb57b35-1f92-433d-9510-8816c2b58793/processed/9eb57b35-1f92-433d-9510-8816c2b58793.mp3,female-male,2,2,2,2,2,2,2
MSC,9ee40596-5568-4bcf-b30f-eb5ef832e438,8.5,4.9375,6.5,85.0,6.5,7.5,0.843939393939394,9ee40596,9ee40596-5568-4bcf-b30f-eb5ef832e438/processed/9ee40596-5568-4bcf-b30f-eb5ef832e438.mp3,male-male,2,2,2,2,2,2,2
MSC,9f21526c-3feb-4ba6-9366-19a6c78fd8cb,7.0,5.25,6.0,77.0,5.5,7.0,0.7367424242424242,9f21526c,9f21526c-3feb-4ba6-9366-19a6c78fd8cb/processed/9f21526c-3feb-4ba6-9366-19a6c78fd8cb.mp3,female-male,2,2,2,2,2,2,2
MSC,9f3ab90a-2c3c-4774-a703-f6188d446397,6.0,4.0,5.5,78.0,5.5,4.5,0.6783333333333333,9f3ab90a,9f3ab90a-2c3c-4774-a703-f6188d446397/processed/9f3ab90a-2c3c-4774-a703-f6188d446397.mp3,female-female,2,2,2,2,2,2,2
MSC,9f3d1985-bfa4-48c5-95c1-a38d4a0dd4a1,8.0,5.5625,5.666666666666666,75.5,6.5,5.0,0.7637121212121212,9f3d1985,9f3d1985-bfa4-48c5-95c1-a38d4a0dd4a1/processed/9f3d1985-bfa4-48c5-95c1-a38d4a0dd4a1.mp3,female-female,2,2,2,2,2,2,2
MSC,9f6aae7d-7d98-45c1-b2aa-b9ea12b6b114,5.5,4.5625,5.333333333333334,50.5,5.5,4.0,0.6018939393939394,9f6aae7d,9f6aae7d-7d98-45c1-b2aa-b9ea12b6b114/processed/9f6aae7d-7d98-45c1-b2aa-b9ea12b6b114.mp3,male-male,2,2,2,2,2,2,2
MSC,9f7552be-807e-4715-8c6e-4afbd422ead6,7.5,5.0,5.5,70.0,5.5,4.5,0.726969696969697,9f7552be,9f7552be-807e-4715-8c6e-4afbd422ead6/processed/9f7552be-807e-4715-8c6e-4afbd422ead6.mp3,female-male,2,2,2,2,2,2,2
MSC,9f9e6ba5-d57b-4378-8d44-4d6a21c088a3,7.0,6.1875,6.0,85.5,6.5,7.0,0.7761363636363635,9f9e6ba5,9f9e6ba5-d57b-4378-8d44-4d6a21c088a3/processed/9f9e6ba5-d57b-4378-8d44-4d6a21c088a3.mp3,female-male,2,2,2,2,2,2,2
MSC,9fc87799-741f-4741-9b8e-80de2b3a7149,9.0,5.4375,6.5,90.5,7.0,7.0,0.8562878787878787,9fc87799,9fc87799-741f-4741-9b8e-80de2b3a7149/processed/9fc87799-741f-4741-9b8e-80de2b3a7149.mp3,female-male,2,2,2,2,2,2,2
MSC,9fe28434-f888-45db-9294-c2db96be095a,7.0,3.375,4.833333333333333,55.5,6.5,4.5,0.6762878787878788,9fe28434,9fe28434-f888-45db-9294-c2db96be095a/processed/9fe28434-f888-45db-9294-c2db96be095a.mp3,male-male,2,2,2,2,2,2,2
MSC,a003874c-1d39-4924-857f-94a865951ae9,6.5,3.3125,6.166666666666666,70.0,5.5,4.5,0.675530303030303,a003874c,a003874c-1d39-4924-857f-94a865951ae9/processed/a003874c-1d39-4924-857f-94a865951ae9.mp3,female-female,2,2,2,2,2,2,2
MSC,a019bea4-16c0-4620-9e61-7342df9a21c4,8.0,4.1875,6.0,80.5,6.5,6.5,0.8486363636363636,a019bea4,a019bea4-16c0-4620-9e61-7342df9a21c4/processed/a019bea4-16c0-4620-9e61-7342df9a21c4.mp3,female-female,2,2,2,2,2,2,2
MSC,a0245ade-92fe-4e22-9485-4f102adef301,5.0,3.4375,4.333333333333334,43.0,4.5,4.5,0.5171212121212121,a0245ade,a0245ade-92fe-4e22-9485-4f102adef301/processed/a0245ade-92fe-4e22-9485-4f102adef301.mp3,female-female,2,2,2,2,2,2,2
MSC,a026aa58-bff9-40c8-ae2d-4d007a9fa279,7.0,4.0625,5.5,58.0,5.0,4.5,0.6505303030303031,a026aa58,a026aa58-bff9-40c8-ae2d-4d007a9fa279/processed/a026aa58-bff9-40c8-ae2d-4d007a9fa279.mp3,male-male,2,2,2,2,2,2,2
MSC,a05537d1-83db-4a99-8d47-d6dc9de254b2,6.0,5.0625,6.5,62.5,5.5,5.5,0.6731060606060606,a05537d1,a05537d1-83db-4a99-8d47-d6dc9de254b2/processed/a05537d1-83db-4a99-8d47-d6dc9de254b2.mp3,male-male,2,2,2,2,2,2,2
MSC,a0631507-f0f8-46cc-bd93-4241f86a30b9,8.5,5.4375,6.0,95.5,7.0,6.5,0.8118939393939394,a0631507,a0631507-f0f8-46cc-bd93-4241f86a30b9/processed/a0631507-f0f8-46cc-bd93-4241f86a30b9.mp3,female-male,2,2,2,2,2,2,2
MSC,a0e51b58-9a86-4aa6-8949-7fa6bc2419a3,8.5,5.9375,6.833333333333334,91.5,7.0,9.0,0.8871212121212121,a0e51b58,a0e51b58-9a86-4aa6-8949-7fa6bc2419a3/processed/a0e51b58-9a86-4aa6-8949-7fa6bc2419a3.mp3,female-male,2,2,2,2,2,2,2
MSC,a0fa52ba-5843-4519-beb0-57ea126843c1,5.0,2.8125,5.833333333333334,48.0,4.0,5.0,0.46719696969696967,a0fa52ba,a0fa52ba-5843-4519-beb0-57ea126843c1/processed/a0fa52ba-5843-4519-beb0-57ea126843c1.mp3,female-female,2,2,2,2,2,2,2
MSC,a11b4483-4d49-4486-8fb5-dd79e7bcdcd5,7.5,4.875,5.833333333333334,73.0,6.0,7.0,0.7626515151515152,a11b4483,a11b4483-4d49-4486-8fb5-dd79e7bcdcd5/processed/a11b4483-4d49-4486-8fb5-dd79e7bcdcd5.mp3,male-male,2,2,2,2,2,2,2
MSC,a13226d6-ad1f-4952-8f86-cba2bb920f69,7.0,4.25,6.0,70.5,6.0,4.0,0.7072727272727273,a13226d6,a13226d6-ad1f-4952-8f86-cba2bb920f69/processed/a13226d6-ad1f-4952-8f86-cba2bb920f69.mp3,male-male,2,2,2,2,2,2,2
MSC,a16e426d-757b-44ea-bd45-1f04912427c5,8.0,4.75,6.166666666666666,83.5,6.5,6.0,0.8588636363636364,a16e426d,a16e426d-757b-44ea-bd45-1f04912427c5/processed/a16e426d-757b-44ea-bd45-1f04912427c5.mp3,male-male,2,2,2,2,2,2,2
MSC,a1a0b592-b2dc-4abe-bb4f-a29ecb6e88fa,7.0,3.5625,5.166666666666666,68.5,6.0,4.5,0.7543181818181819,a1a0b592,a1a0b592-b2dc-4abe-bb4f-a29ecb6e88fa/processed/a1a0b592-b2dc-4abe-bb4f-a29ecb6e88fa.mp3,female-male,2,2,2,2,2,2,2
MSC,a1a433b8-85da-405a-b082-5bf13c78b751,6.5,4.375,4.833333333333334,75.5,6.0,4.5,0.6788636363636364,a1a433b8,a1a433b8-85da-405a-b082-5bf13c78b751/processed/a1a433b8-85da-405a-b082-5bf13c78b751.mp3,female-female,2,2,2,2,2,2,2
MSC,a1ab2d0e-1546-414b-945e-a59bad758e77,7.0,3.3125,5.166666666666666,66.5,4.5,4.0,0.695530303030303,a1ab2d0e,a1ab2d0e-1546-414b-945e-a59bad758e77/processed/a1ab2d0e-1546-414b-945e-a59bad758e77.mp3,male-male,2,2,2,2,2,2,2
MSC,a1d896c8-6307-47b9-8920-0df5711298cb,7.5,5.875,6.333333333333333,80.0,7.0,6.5,0.8107575757575758,a1d896c8,a1d896c8-6307-47b9-8920-0df5711298cb/processed/a1d896c8-6307-47b9-8920-0df5711298cb.mp3,female-female,2,2,2,2,2,2,2
LSC,a227353e-886c-4ccf-8195-0dffe3d28406,4.0,2.1875,4.333333333333334,50.5,4.0,4.5,0.41674242424242425,a227353e,a227353e-886c-4ccf-8195-0dffe3d28406/processed/a227353e-886c-4ccf-8195-0dffe3d28406.mp3,male-male,2,2,2,2,2,2,2
MSC,a229f290-64dd-44d1-9794-6f5269b93a71,6.5,3.0,4.833333333333334,69.5,5.5,6.5,0.6494696969696969,a229f290,a229f290-64dd-44d1-9794-6f5269b93a71/processed/a229f290-64dd-44d1-9794-6f5269b93a71.mp3,female-male,2,2,2,2,2,2,2
MSC,a22efd38-bbbc-420e-b501-1e0212b50a38,8.5,5.125,6.0,83.5,7.0,7.5,0.8350757575757577,a22efd38,a22efd38-bbbc-420e-b501-1e0212b50a38/processed/a22efd38-bbbc-420e-b501-1e0212b50a38.mp3,male-male,2,2,2,2,2,2,2
MSC,a29635a0-d33c-4ddd-ba70-154170b85057,6.5,3.9375,5.0,57.5,6.0,5.5,0.6581818181818182,a29635a0,a29635a0-d33c-4ddd-ba70-154170b85057/processed/a29635a0-d33c-4ddd-ba70-154170b85057.mp3,female-male,2,2,2,2,2,2,2
MSC,a2b86d8d-f9a2-434c-84ce-a72bbc19dfea,7.0,4.5625,5.666666666666667,71.5,6.0,6.5,0.7230303030303029,a2b86d8d,a2b86d8d-f9a2-434c-84ce-a72bbc19dfea/processed/a2b86d8d-f9a2-434c-84ce-a72bbc19dfea.mp3,female-male,2,2,2,2,2,2,2
MSC,a2c3d859-d4ec-467e-931c-a8db11edfa65,6.5,3.9375,5.333333333333333,71.5,6.0,5.0,0.7243939393939394,a2c3d859,a2c3d859-d4ec-467e-931c-a8db11edfa65/processed/a2c3d859-d4ec-467e-931c-a8db11edfa65.mp3,female-female,2,2,2,2,2,2,2
MSC,a2ffbdd2-5e16-46af-b630-c91f90f4defc,8.5,6.4375,6.0,61.0,7.0,8.5,0.8899999999999999,a2ffbdd2,a2ffbdd2-5e16-46af-b630-c91f90f4defc/processed/a2ffbdd2-5e16-46af-b630-c91f90f4defc.mp3,female-female,2,2,2,2,2,2,2
MSC,a30fcd70-b96b-444a-baa1-2a340bb74cb0,8.0,4.4375,6.0,87.5,6.5,6.5,0.7656060606060606,a30fcd70,a30fcd70-b96b-444a-baa1-2a340bb74cb0/processed/a30fcd70-b96b-444a-baa1-2a340bb74cb0.mp3,female-male,2,2,2,2,2,2,2
MSC,a3293cfe-7a64-4015-b2f9-f678fc7b5c27,8.5,6.0625,6.5,89.0,7.0,8.5,0.9300757575757576,a3293cfe,a3293cfe-7a64-4015-b2f9-f678fc7b5c27/processed/a3293cfe-7a64-4015-b2f9-f678fc7b5c27.mp3,female-female,2,2,2,2,2,2,2
MSC,a346eeb6-7d87-4704-b1cd-b43808e83e0d,7.5,4.125,5.0,83.0,6.0,6.0,0.7766666666666666,a346eeb6,a346eeb6-7d87-4704-b1cd-b43808e83e0d/processed/a346eeb6-7d87-4704-b1cd-b43808e83e0d.mp3,female-male,2,2,2,2,2,2,2
MSC,a373174c-cade-4c7f-a3d6-7309f225f37d,7.0,4.375,4.5,72.5,5.5,5.0,0.7015151515151515,a373174c,a373174c-cade-4c7f-a3d6-7309f225f37d/processed/a373174c-cade-4c7f-a3d6-7309f225f37d.mp3,female-male,2,2,2,2,2,2,2
MSC,a3f93ea4-04c0-4377-abdc-09650b2cb4ca,8.5,5.625,6.5,92.5,6.5,8.0,0.9093939393939394,a3f93ea4,a3f93ea4-04c0-4377-abdc-09650b2cb4ca/processed/a3f93ea4-04c0-4377-abdc-09650b2cb4ca.mp3,male-male,2,2,2,2,2,2,2
MSC,a3fa2c2c-621c-4112-9520-44c2ced24271,7.0,3.5625,5.833333333333334,73.0,6.5,5.0,0.7378030303030303,a3fa2c2c,a3fa2c2c-621c-4112-9520-44c2ced24271/processed/a3fa2c2c-621c-4112-9520-44c2ced24271.mp3,female-female,2,2,2,2,2,2,2
MSC,a4033bd1-9fab-4e9e-bdb8-a356d1916d03,7.5,2.9375,5.833333333333334,87.5,5.5,4.5,0.6993939393939395,a4033bd1,a4033bd1-9fab-4e9e-bdb8-a356d1916d03/processed/a4033bd1-9fab-4e9e-bdb8-a356d1916d03.mp3,female-female,2,2,2,2,2,2,2
MSC,a4449501-f081-4b73-bc04-de51a7c61171,8.5,5.6875,6.5,84.0,6.5,6.5,0.8042424242424243,a4449501,a4449501-f081-4b73-bc04-de51a7c61171/processed/a4449501-f081-4b73-bc04-de51a7c61171.mp3,female-female,2,2,2,2,2,2,2
MSC,a46d2ea8-33de-43f2-9d04-47a041c5e983,5.5,3.6875,4.166666666666666,42.5,5.0,6.0,0.6640151515151516,a46d2ea8,a46d2ea8-33de-43f2-9d04-47a041c5e983/processed/a46d2ea8-33de-43f2-9d04-47a041c5e983.mp3,female-female,2,2,2,2,2,2,2
MSC,a486867c-c6b4-47c1-a43a-8ceba0eb03f6,8.0,4.5,6.5,88.0,7.0,6.0,0.9115151515151516,a486867c,a486867c-c6b4-47c1-a43a-8ceba0eb03f6/processed/a486867c-c6b4-47c1-a43a-8ceba0eb03f6.mp3,female-male,2,2,2,2,2,2,2
MSC,a4b3c1c3-99e4-4542-a55b-c1d65e8d778f,8.0,5.9375,6.333333333333334,77.0,6.5,7.5,0.8602272727272727,a4b3c1c3,a4b3c1c3-99e4-4542-a55b-c1d65e8d778f/processed/a4b3c1c3-99e4-4542-a55b-c1d65e8d778f.mp3,male-male,2,2,2,2,2,2,2
MSC,a4efa776-d3f1-4a0a-9135-3b6600164311,5.5,5.375,6.5,35.0,5.5,8.5,0.6402272727272728,a4efa776,a4efa776-d3f1-4a0a-9135-3b6600164311/processed/a4efa776-d3f1-4a0a-9135-3b6600164311.mp3,male-male,2,2,2,2,2,2,2
MSC,a4fa5355-74ba-4622-a58b-57335efc8a9e,7.0,4.875,5.333333333333333,79.5,6.0,5.0,0.7125757575757576,a4fa5355,a4fa5355-74ba-4622-a58b-57335efc8a9e/processed/a4fa5355-74ba-4622-a58b-57335efc8a9e.mp3,male-male,2,2,2,2,2,2,2
MSC,a52ee968-49e1-47c8-b02a-dc5fa78ffe16,8.5,5.875,5.833333333333334,90.5,7.0,7.0,0.9095454545454545,a52ee968,a52ee968-49e1-47c8-b02a-dc5fa78ffe16/processed/a52ee968-49e1-47c8-b02a-dc5fa78ffe16.mp3,female-male,2,2,2,2,2,2,2
MSC,a56b2f30-45f4-4ab7-8e3d-21499dcc1c00,8.0,3.625,5.666666666666666,83.0,7.0,4.5,0.8365151515151517,a56b2f30,a56b2f30-45f4-4ab7-8e3d-21499dcc1c00/processed/a56b2f30-45f4-4ab7-8e3d-21499dcc1c00.mp3,female-female,2,2,2,2,2,2,2
HSC,a578f247-68aa-4e9a-a1e9-6c66bbaba13b,9.0,5.9375,6.0,87.0,7.0,8.0,0.9331060606060606,a578f247,a578f247-68aa-4e9a-a1e9-6c66bbaba13b/processed/a578f247-68aa-4e9a-a1e9-6c66bbaba13b.mp3,female-male,2,2,2,2,2,2,2
MSC,a57b07c4-313d-4e67-a281-e7b1f751c191,7.5,5.0,6.0,79.0,6.0,7.0,0.781969696969697,a57b07c4,a57b07c4-313d-4e67-a281-e7b1f751c191/processed/a57b07c4-313d-4e67-a281-e7b1f751c191.mp3,male-male,2,2,2,2,2,2,2
MSC,a58bf2c6-e253-4051-b83c-58300e99a030,8.5,5.1875,6.5,88.5,6.5,5.5,0.9256060606060605,a58bf2c6,a58bf2c6-e253-4051-b83c-58300e99a030/processed/a58bf2c6-e253-4051-b83c-58300e99a030.mp3,female-male,2,2,2,2,2,2,2
MSC,a5dd405d-7144-4963-9744-b97469ee060b,8.5,5.125,5.666666666666666,88.5,6.0,5.5,0.7832575757575757,a5dd405d,a5dd405d-7144-4963-9744-b97469ee060b/processed/a5dd405d-7144-4963-9744-b97469ee060b.mp3,female-female,2,2,2,2,2,2,2
MSC,a63a1c8c-6511-4817-8217-449bdbbbd0ca,6.0,3.75,5.0,51.0,4.5,3.5,0.5540151515151516,a63a1c8c,a63a1c8c-6511-4817-8217-449bdbbbd0ca/processed/a63a1c8c-6511-4817-8217-449bdbbbd0ca.mp3,female-male,2,2,2,2,2,2,2
MSC,a66d648b-650a-42e9-b8f2-26ef0ab4a98e,3.5,4.125,4.333333333333333,35.5,3.5,2.5,0.4659848484848485,a66d648b,a66d648b-650a-42e9-b8f2-26ef0ab4a98e/processed/a66d648b-650a-42e9-b8f2-26ef0ab4a98e.mp3,female-female,2,2,2,2,2,2,2
MSC,a6f97713-f548-4833-9f9d-62f25dc91a44,7.5,4.5625,6.0,82.5,5.5,4.0,0.706060606060606,a6f97713,a6f97713-f548-4833-9f9d-62f25dc91a44/processed/a6f97713-f548-4833-9f9d-62f25dc91a44.mp3,female-male,2,2,2,2,2,2,2
MSC,a7602f19-a879-4ec7-8653-dfb750095c6e,7.5,4.4375,5.333333333333334,71.0,6.0,7.0,0.8050757575757577,a7602f19,a7602f19-a879-4ec7-8653-dfb750095c6e/processed/a7602f19-a879-4ec7-8653-dfb750095c6e.mp3,female-male,2,2,2,2,2,2,2
MSC,a7b14ca1-0b36-42b9-ad4a-50f0eb094035,9.0,6.1875,6.0,86.5,7.0,9.0,0.9131060606060606,a7b14ca1,a7b14ca1-0b36-42b9-ad4a-50f0eb094035/processed/a7b14ca1-0b36-42b9-ad4a-50f0eb094035.mp3,female-male,2,2,2,2,2,2,2
MSC,a7d8ca23-0b34-40a1-a25c-111db6eb0b3e,9.0,5.25,6.166666666666667,92.5,6.5,6.5,0.8533333333333333,a7d8ca23,a7d8ca23-0b34-40a1-a25c-111db6eb0b3e/processed/a7d8ca23-0b34-40a1-a25c-111db6eb0b3e.mp3,female-male,2,2,2,2,2,2,2
MSC,a7dde6c7-11ef-4544-a25e-61c8339b2cff,5.5,5.1875,5.5,66.0,4.5,5.5,0.657878787878788,a7dde6c7,a7dde6c7-11ef-4544-a25e-61c8339b2cff/processed/a7dde6c7-11ef-4544-a25e-61c8339b2cff.mp3,female-male,2,2,2,2,2,2,2
MSC,a7ee7b46-5d52-409d-ad2d-65a3627a337e,7.5,4.625,5.833333333333334,79.5,6.5,6.0,0.7641666666666667,a7ee7b46,a7ee7b46-5d52-409d-ad2d-65a3627a337e/processed/a7ee7b46-5d52-409d-ad2d-65a3627a337e.mp3,female-female,2,2,2,2,2,2,2
MSC,a7f88eac-652d-4b0e-b86b-4e0666542e3e,8.0,4.125,5.0,68.5,6.0,4.5,0.7131818181818183,a7f88eac,a7f88eac-652d-4b0e-b86b-4e0666542e3e/processed/a7f88eac-652d-4b0e-b86b-4e0666542e3e.mp3,female-female,2,2,2,2,2,2,2
MSC,a8005509-cb36-465a-9643-7003e4402b3f,8.0,5.0,6.0,63.0,5.5,6.0,0.7248484848484849,a8005509,a8005509-cb36-465a-9643-7003e4402b3f/processed/a8005509-cb36-465a-9643-7003e4402b3f.mp3,female-male,2,2,2,2,2,2,2
MSC,a806bdc5-250b-41e7-a8c7-9440c270f3fe,7.0,4.5,6.0,85.0,5.0,7.0,0.7257575757575757,a806bdc5,a806bdc5-250b-41e7-a8c7-9440c270f3fe/processed/a806bdc5-250b-41e7-a8c7-9440c270f3fe.mp3,contains_MSC_or_unknown,1,1,1,1,1,1,1
MSC,a817f8f3-e988-4799-a15b-e75caa1257da,6.5,4.4375,4.666666666666667,69.0,5.5,4.0,0.6939393939393941,a817f8f3,a817f8f3-e988-4799-a15b-e75caa1257da/processed/a817f8f3-e988-4799-a15b-e75caa1257da.mp3,female-female,2,2,2,2,2,2,2
MSC,a82da8a5-ed1c-4ddb-9f1b-6e8557203bc8,7.0,3.25,5.5,46.0,6.5,3.0,0.7784848484848483,a82da8a5,a82da8a5-ed1c-4ddb-9f1b-6e8557203bc8/processed/a82da8a5-ed1c-4ddb-9f1b-6e8557203bc8.mp3,female-male,2,2,2,2,2,2,2
MSC,a83e63c0-6a89-4f9d-aedb-1612fa097fb0,8.0,5.25,6.0,81.0,6.0,8.0,0.8022727272727272,a83e63c0,a83e63c0-6a89-4f9d-aedb-1612fa097fb0/processed/a83e63c0-6a89-4f9d-aedb-1612fa097fb0.mp3,female-male,2,2,2,2,2,2,2
MSC,a8509e7c-59b8-4a05-a5b0-b23c3bc40f2d,9.0,5.4375,6.0,64.5,7.0,8.0,0.8806060606060606,a8509e7c,a8509e7c-59b8-4a05-a5b0-b23c3bc40f2d/processed/a8509e7c-59b8-4a05-a5b0-b23c3bc40f2d.mp3,female-male,2,2,2,2,2,2,2
MSC,a87704d1-e02c-4ae8-9697-53d41f46ef41,6.5,4.1875,5.5,87.5,5.5,5.5,0.6977272727272728,a87704d1,a87704d1-e02c-4ae8-9697-53d41f46ef41/processed/a87704d1-e02c-4ae8-9697-53d41f46ef41.mp3,female-male,2,2,2,2,2,2,2
MSC,a880ae37-ce58-4579-9460-90a84536181d,6.0,4.5,5.333333333333334,69.0,5.5,5.0,0.6566666666666667,a880ae37,a880ae37-ce58-4579-9460-90a84536181d/processed/a880ae37-ce58-4579-9460-90a84536181d.mp3,female-male,2,2,2,2,2,2,2
UNSCORED,a8855c03-359f-42d9-af04-e459f9547107,9.0,5.875,6.0,98.0,7.0,7.0,0.9481818181818181,a8855c03,a8855c03-359f-42d9-af04-e459f9547107/processed/a8855c03-359f-42d9-af04-e459f9547107.mp3,contains_MSC_or_unknown,1,1,1,1,1,1,1
MSC,a8c50e7b-354f-451a-8d94-c9f0001f53c3,5.0,3.625,5.333333333333333,41.5,4.0,8.5,0.5208333333333333,a8c50e7b,a8c50e7b-354f-451a-8d94-c9f0001f53c3/processed/a8c50e7b-354f-451a-8d94-c9f0001f53c3.mp3,female-female,2,2,2,2,2,2,2
HSC,a8fb742b-2c7e-4e8e-9242-c4d8e1433650,9.0,5.875,6.666666666666666,96.0,7.0,8.0,0.9922727272727272,a8fb742b,a8fb742b-2c7e-4e8e-9242-c4d8e1433650/processed/a8fb742b-2c7e-4e8e-9242-c4d8e1433650.mp3,female-female,2,2,2,2,2,2,2
MSC,a90526ed-4c07-411f-893d-b4974747080f,7.0,3.1875,5.666666666666666,72.5,6.0,6.0,0.6678030303030302,a90526ed,a90526ed-4c07-411f-893d-b4974747080f/processed/a90526ed-4c07-411f-893d-b4974747080f.mp3,female-female,2,2,2,2,2,2,2
MSC,a90c2314-ab8b-4ce9-8af5-ad40ed4f5613,6.5,3.6875,5.0,48.5,5.5,5.0,0.664469696969697,a90c2314,a90c2314-ab8b-4ce9-8af5-ad40ed4f5613/processed/a90c2314-ab8b-4ce9-8af5-ad40ed4f5613.mp3,male-male,2,2,2,2,2,2,2
MSC,a9168ce1-cb2c-421f-9f9e-e805beeb76bd,8.0,5.3125,5.666666666666666,70.0,5.5,5.0,0.7484848484848484,a9168ce1,a9168ce1-cb2c-421f-9f9e-e805beeb76bd/processed/a9168ce1-cb2c-421f-9f9e-e805beeb76bd.mp3,female-male,2,2,2,2,2,2,2
MSC,a9198b20-a1c3-4d5d-b854-8c1b11ecfed8,9.0,5.5625,6.5,91.0,7.0,5.0,0.8801515151515151,a9198b20,a9198b20-a1c3-4d5d-b854-8c1b11ecfed8/processed/a9198b20-a1c3-4d5d-b854-8c1b11ecfed8.mp3,female-female,2,2,2,2,2,2,2
MSC,a95e659b-623e-47e7-89e5-9f4088fc7a8e,7.0,3.9375,5.666666666666667,66.5,5.0,5.5,0.6803030303030303,a95e659b,a95e659b-623e-47e7-89e5-9f4088fc7a8e/processed/a95e659b-623e-47e7-89e5-9f4088fc7a8e.mp3,male-male,2,2,2,2,2,2,2
MSC,a97dac88-0376-41e8-9bfc-dba6c4c0250f,7.5,4.75,6.666666666666666,70.5,6.0,6.5,0.8003030303030303,a97dac88,a97dac88-0376-41e8-9bfc-dba6c4c0250f/processed/a97dac88-0376-41e8-9bfc-dba6c4c0250f.mp3,male-male,2,2,2,2,2,2,2
HSC,a9b5ef7f-314b-4d26-89d3-2b281f3e9819,9.0,5.5,7.0,82.5,7.0,9.0,0.9681818181818183,a9b5ef7f,a9b5ef7f-314b-4d26-89d3-2b281f3e9819/processed/a9b5ef7f-314b-4d26-89d3-2b281f3e9819.mp3,contains_other_or_unknown,2,2,2,2,2,2,2
HSC,a9ca3b45-894c-4d00-9428-e76a0cac8211,8.5,6.125,7.0,95.0,7.0,8.5,0.9428787878787879,a9ca3b45,a9ca3b45-894c-4d00-9428-e76a0cac8211/processed/a9ca3b45-894c-4d00-9428-e76a0cac8211.mp3,female-female,2,2,2,2,2,2,2
MSC,aa0147bf-1fd7-4690-a994-8d5a31592cf5,8.5,4.6875,6.0,92.0,7.0,6.0,0.8881818181818182,aa0147bf,aa0147bf-1fd7-4690-a994-8d5a31592cf5/processed/aa0147bf-1fd7-4690-a994-8d5a31592cf5.mp3,female-male,2,2,2,2,2,2,2
MSC,aa86f543-cae9-4594-a8be-cd0c059b1f31,9.0,5.1875,6.333333333333333,91.0,7.0,8.0,0.8623484848484849,aa86f543,aa86f543-cae9-4594-a8be-cd0c059b1f31/processed/aa86f543-cae9-4594-a8be-cd0c059b1f31.mp3,male-male,2,2,2,2,2,2,2
UNSCORED,aaa30e9f-886f-403f-a16e-6eff8b86f565,8.5,4.5,5.833333333333333,88.0,6.0,5.5,0.8511363636363636,aaa30e9f,aaa30e9f-886f-403f-a16e-6eff8b86f565/processed/aaa30e9f-886f-403f-a16e-6eff8b86f565.mp3,female-male,2,2,2,2,2,2,2
MSC,aab1dd34-fa65-40e8-9a72-ef7785e4ca16,8.0,4.5,6.0,90.0,7.0,6.5,0.8576515151515152,aab1dd34,aab1dd34-fa65-40e8-9a72-ef7785e4ca16/processed/aab1dd34-fa65-40e8-9a72-ef7785e4ca16.mp3,female-male,2,2,2,2,2,2,2
MSC,aac586ad-6f72-49c6-86e6-f978e928d1e5,7.5,4.8125,5.5,66.5,5.5,6.5,0.7153787878787878,aac586ad,aac586ad-6f72-49c6-86e6-f978e928d1e5/processed/aac586ad-6f72-49c6-86e6-f978e928d1e5.mp3,female-male,2,2,2,2,2,2,2
MSC,ab3deb59-51cf-43e3-92f9-c53103d2bebe,8.5,5.125,6.666666666666666,90.5,7.0,7.5,0.8778787878787879,ab3deb59,ab3deb59-51cf-43e3-92f9-c53103d2bebe/processed/ab3deb59-51cf-43e3-92f9-c53103d2bebe.mp3,female-male,2,2,2,2,2,2,2
MSC,ab4cc6e0-e097-421d-856e-7b37b519f872,8.0,5.0,6.0,78.5,6.5,6.5,0.8084090909090909,ab4cc6e0,ab4cc6e0-e097-421d-856e-7b37b519f872/processed/ab4cc6e0-e097-421d-856e-7b37b519f872.mp3,female-male,2,2,2,2,2,2,2
MSC,ab538e7e-e26c-48a2-a400-e51e7b044690,7.0,5.0,6.5,64.0,5.5,7.0,0.685,ab538e7e,ab538e7e-e26c-48a2-a400-e51e7b044690/processed/ab538e7e-e26c-48a2-a400-e51e7b044690.mp3,female-male,2,2,2,2,2,2,2
MSC,ab5e3167-3a6d-458f-84f2-2cdeebdaa393,8.5,5.5,5.666666666666666,71.0,6.0,6.5,0.7757575757575758,ab5e3167,ab5e3167-3a6d-458f-84f2-2cdeebdaa393/processed/ab5e3167-3a6d-458f-84f2-2cdeebdaa393.mp3,female-male,2,2,2,2,2,2,2
MSC,ab642b9e-2060-4c49-86c3-92cfc0c865f0,7.5,4.0,6.666666666666666,67.0,6.0,5.0,0.7753787878787879,ab642b9e,ab642b9e-2060-4c49-86c3-92cfc0c865f0/processed/ab642b9e-2060-4c49-86c3-92cfc0c865f0.mp3,contains_MSC_or_unknown,2,2,2,2,2,2,2
MSC,ab64a202-a952-4ceb-94b0-42fcc78e752a,8.5,5.3125,6.166666666666666,95.5,7.0,8.0,0.9481818181818182,ab64a202,ab64a202-a952-4ceb-94b0-42fcc78e752a/processed/ab64a202-a952-4ceb-94b0-42fcc78e752a.mp3,female-female,2,2,2,2,2,2,2
MSC,ab7937e0-2abe-4410-ba3b-4830992b8922,7.5,5.0625,6.666666666666666,75.5,6.5,4.0,0.8033333333333332,ab7937e0,ab7937e0-2abe-4410-ba3b-4830992b8922/processed/ab7937e0-2abe-4410-ba3b-4830992b8922.mp3,female-male,2,2,2,2,2,2,2
HSC,ab8eb2bc-577f-4842-809e-0001c217cfe6,9.0,5.9375,7.0,94.5,7.0,7.5,0.9683333333333334,ab8eb2bc,ab8eb2bc-577f-4842-809e-0001c217cfe6/processed/ab8eb2bc-577f-4842-809e-0001c217cfe6.mp3,female-female,2,2,2,2,2,2,2
MSC,abb4c7de-38ff-4ca0-aff2-7411f055a758,8.0,4.75,4.5,83.0,5.0,6.0,0.6973484848484848,abb4c7de,abb4c7de-38ff-4ca0-aff2-7411f055a758/processed/abb4c7de-38ff-4ca0-aff2-7411f055a758.mp3,female-female,2,2,2,2,2,2,2
MSC,abc1a4d5-6ca6-4785-a3fc-38bcfe551b58,8.5,4.5,6.0,85.0,6.5,7.5,0.7949242424242424,abc1a4d5,abc1a4d5-6ca6-4785-a3fc-38bcfe551b58/processed/abc1a4d5-6ca6-4785-a3fc-38bcfe551b58.mp3,female-male,2,2,2,2,2,2,2
MSC,abda9276-8802-47a7-b2bf-64f8b417d543,7.5,4.5625,6.0,68.0,5.0,5.0,0.6834848484848486,abda9276,abda9276-8802-47a7-b2bf-64f8b417d543/processed/abda9276-8802-47a7-b2bf-64f8b417d543.mp3,contains_MSC_or_unknown,2,2,2,2,2,2,2
HSC,ac019252-e608-4383-a8bf-fb8be5877cfe,9.0,6.125,6.5,88.0,7.0,7.5,0.9299999999999999,ac019252,ac019252-e608-4383-a8bf-fb8be5877cfe/processed/ac019252-e608-4383-a8bf-fb8be5877cfe.mp3,male-male,2,2,2,2,2,2,2
MSC,ac0e935d-4323-4b8a-8e95-9679c48b01ea,7.5,5.5625,6.0,70.5,6.0,6.5,0.7322727272727274,ac0e935d,ac0e935d-4323-4b8a-8e95-9679c48b01ea/processed/ac0e935d-4323-4b8a-8e95-9679c48b01ea.mp3,female-male,2,2,2,2,2,2,2
MSC,ac263639-1f62-449e-b777-27155af5aea7,8.5,5.875,6.5,90.0,6.5,6.5,0.896590909090909,ac263639,ac263639-1f62-449e-b777-27155af5aea7/processed/ac263639-1f62-449e-b777-27155af5aea7.mp3,female-female,2,2,2,2,2,2,2
MSC,ac3a86cc-3a35-4567-acee-752d9545ffa3,9.0,5.1875,6.0,95.0,7.0,6.5,0.9024999999999999,ac3a86cc,ac3a86cc-3a35-4567-acee-752d9545ffa3/processed/ac3a86cc-3a35-4567-acee-752d9545ffa3.mp3,female-female,2,2,2,2,2,2,2
HSC,ac70f2fe-8432-4ccf-b995-6373cc32b9be,9.0,5.875,7.0,97.0,7.0,8.5,0.9706060606060607,ac70f2fe,ac70f2fe-8432-4ccf-b995-6373cc32b9be/processed/ac70f2fe-8432-4ccf-b995-6373cc32b9be.mp3,female-male,2,2,2,2,2,2,2
MSC,ac78bc80-4f3a-481a-91e6-213bc427c0b3,7.5,4.5625,5.5,73.5,6.0,7.0,0.7401515151515152,ac78bc80,ac78bc80-4f3a-481a-91e6-213bc427c0b3/processed/ac78bc80-4f3a-481a-91e6-213bc427c0b3.mp3,female-male,2,2,2,2,2,2,2
MSC,ac88fef5-eecc-4a97-aa42-623c9ee62272,8.5,4.375,6.5,87.0,6.5,6.0,0.8193181818181818,ac88fef5,ac88fef5-eecc-4a97-aa42-623c9ee62272/processed/ac88fef5-eecc-4a97-aa42-623c9ee62272.mp3,female-male,2,2,2,2,2,2,2
MSC,acd5c3b5-c080-4ab4-98ca-4099c2711591,9.0,4.875,6.166666666666666,77.5,7.0,6.5,0.8158333333333333,acd5c3b5,acd5c3b5-c080-4ab4-98ca-4099c2711591/processed/acd5c3b5-c080-4ab4-98ca-4099c2711591.mp3,female-female,2,2,2,2,2,2,2
MSC,acea2afd-f35b-4aba-a9bf-984e8dbef6c6,8.5,6.4375,6.166666666666666,87.5,7.0,8.0,0.9110606060606061,acea2afd,acea2afd-f35b-4aba-a9bf-984e8dbef6c6/processed/acea2afd-f35b-4aba-a9bf-984e8dbef6c6.mp3,male-male,2,2,2,2,2,2,2
MSC,acebfbb3-0fab-493a-abd4-396e7cb6ce99,4.5,4.5625,5.666666666666666,45.5,4.0,4.5,0.5806818181818182,acebfbb3,acebfbb3-0fab-493a-abd4-396e7cb6ce99/processed/acebfbb3-0fab-493a-abd4-396e7cb6ce99.mp3,female-male,2,2,2,2,2,2,2
MSC,aced00ba-3582-4d63-9f08-f9c444986729,9.0,3.3125,6.166666666666666,50.0,7.0,4.0,0.8375757575757576,aced00ba,aced00ba-3582-4d63-9f08-f9c444986729/processed/aced00ba-3582-4d63-9f08-f9c444986729.mp3,female-female,2,2,2,2,2,2,2
MSC,ad57691a-0b33-4fcd-80cd-f614bd3b6ef4,6.5,4.1875,5.5,70.0,5.0,5.5,0.7295454545454545,ad57691a,ad57691a-0b33-4fcd-80cd-f614bd3b6ef4/processed/ad57691a-0b33-4fcd-80cd-f614bd3b6ef4.mp3,female-female,2,2,2,2,2,2,2
HSC,ada6c3c4-8c97-4b37-b1e1-a28706a194d5,9.0,5.75,6.833333333333334,100.0,7.0,8.0,0.9963636363636363,ada6c3c4,ada6c3c4-8c97-4b37-b1e1-a28706a194d5/processed/ada6c3c4-8c97-4b37-b1e1-a28706a194d5.mp3,female-female,2,2,2,2,2,2,2
MSC,adba8838-0c7e-4013-9734-46dfd60dd668,6.0,3.6875,4.666666666666666,48.5,5.0,5.0,0.5769696969696969,adba8838,adba8838-0c7e-4013-9734-46dfd60dd668/processed/adba8838-0c7e-4013-9734-46dfd60dd668.mp3,male-male,2,2,2,2,2,2,2
MSC,ae393cc1-fa62-4505-8c2f-3d4b404eebd3,8.5,5.75,6.0,85.5,6.5,8.0,0.8963636363636365,ae393cc1,ae393cc1-fa62-4505-8c2f-3d4b404eebd3/processed/ae393cc1-fa62-4505-8c2f-3d4b404eebd3.mp3,female-female,2,2,2,2,2,2,2
MSC,ae5bb5aa-c979-4469-b4ca-09ceb8b4145f,5.5,3.1875,4.666666666666666,42.5,5.0,4.5,0.559469696969697,ae5bb5aa,ae5bb5aa-c979-4469-b4ca-09ceb8b4145f/processed/ae5bb5aa-c979-4469-b4ca-09ceb8b4145f.mp3,female-male,2,2,2,2,2,2,2
MSC,aecdb078-674d-4aaf-82b9-217b2fcf546c,8.0,5.375,6.333333333333334,81.5,6.5,6.5,0.8427272727272728,aecdb078,aecdb078-674d-4aaf-82b9-217b2fcf546c/processed/aecdb078-674d-4aaf-82b9-217b2fcf546c.mp3,female-female,2,2,2,2,2,2,2
MSC,aef61369-9cd8-4cf2-8f59-6e8dac594ae9,8.0,4.375,5.5,66.5,6.5,7.5,0.7171212121212122,aef61369,aef61369-9cd8-4cf2-8f59-6e8dac594ae9/processed/aef61369-9cd8-4cf2-8f59-6e8dac594ae9.mp3,contains_MSC_or_unknown,2,2,2,2,2,2,2
MSC,af0de835-73b3-4791-b7ec-3698a5cccd84,7.5,5.8125,6.0,83.0,6.0,7.5,0.7628030303030304,af0de835,af0de835-73b3-4791-b7ec-3698a5cccd84/processed/af0de835-73b3-4791-b7ec-3698a5cccd84.mp3,contains_MSC_or_unknown,2,2,2,2,2,2,2
MSC,af161134-b61c-4625-a31d-f05538d21909,7.0,4.8125,5.5,56.0,5.5,6.5,0.7187121212121212,af161134,af161134-b61c-4625-a31d-f05538d21909/processed/af161134-b61c-4625-a31d-f05538d21909.mp3,female-male,2,2,2,2,2,2,2
MSC,af227a69-6613-4e74-bdc4-b2fd2313eccc,9.0,6.3125,6.666666666666666,94.0,7.0,9.0,0.8606818181818182,af227a69,af227a69-6613-4e74-bdc4-b2fd2313eccc/processed/af227a69-6613-4e74-bdc4-b2fd2313eccc.mp3,female-female,2,2,2,2,2,2,2
MSC,af5e7939-08d9-43c6-8573-42831e05bbb4,6.5,4.625,5.833333333333333,52.5,5.0,3.0,0.6522727272727273,af5e7939,af5e7939-08d9-43c6-8573-42831e05bbb4/processed/af5e7939-08d9-43c6-8573-42831e05bbb4.mp3,female-female,2,2,2,2,2,2,2
LSC,af66868c-3afa-49db-b53c-9706f6fd28e2,3.5,3.8125,3.0,37.5,3.0,3.0,0.28477272727272723,af66868c,af66868c-3afa-49db-b53c-9706f6fd28e2/processed/af66868c-3afa-49db-b53c-9706f6fd28e2.mp3,female-female,2,2,2,2,2,2,2
MSC,afa4d802-a9ed-4b0b-a607-b5f16d899275,5.5,4.875,6.0,49.0,5.0,7.0,0.6174999999999999,afa4d802,afa4d802-a9ed-4b0b-a607-b5f16d899275/processed/afa4d802-a9ed-4b0b-a607-b5f16d899275.mp3,female-male,2,2,2,2,2,2,2
MSC,afe0de25-4357-42c9-aa85-9736da39c1e0,6.0,2.375,4.333333333333334,52.5,5.5,5.5,0.5458333333333334,afe0de25,afe0de25-4357-42c9-aa85-9736da39c1e0/processed/afe0de25-4357-42c9-aa85-9736da39c1e0.mp3,contains_MSC_or_unknown,2,2,2,2,2,2,2
MSC,b0043464-7bb4-49c3-96f9-fe49067858c3,7.5,4.75,6.333333333333334,69.0,5.5,5.5,0.7511363636363637,b0043464,b0043464-7bb4-49c3-96f9-fe49067858c3/processed/b0043464-7bb4-49c3-96f9-fe49067858c3.mp3,female-male,2,2,2,2,2,2,2
MSC,b0271140-fb5c-4100-855b-1f4e7c03f28c,9.0,5.8125,5.833333333333334,79.0,7.0,8.0,0.894090909090909,b0271140,b0271140-fb5c-4100-855b-1f4e7c03f28c/processed/b0271140-fb5c-4100-855b-1f4e7c03f28c.mp3,female-female,2,2,2,2,2,2,2
UNSCORED,b0378388-96fa-4564-ab36-305485636ecb,9.0,4.5,5.833333333333334,83.5,7.0,6.0,0.8907575757575759,b0378388,b0378388-96fa-4564-ab36-305485636ecb/processed/b0378388-96fa-4564-ab36-305485636ecb.mp3,female-female,2,2,2,2,2,2,2
MSC,b08ece6b-6cfa-4de6-97fb-e0591335a9f1,7.0,2.625,5.0,73.5,5.0,3.0,0.7213636363636364,b08ece6b,b08ece6b-6cfa-4de6-97fb-e0591335a9f1/processed/b08ece6b-6cfa-4de6-97fb-e0591335a9f1.mp3,female-female,2,2,2,2,2,2,2
MSC,b0ad0856-1474-4535-ab8e-5c27b5601cc4,6.5,4.125,4.833333333333333,47.5,6.0,5.5,0.6828030303030304,b0ad0856,b0ad0856-1474-4535-ab8e-5c27b5601cc4/processed/b0ad0856-1474-4535-ab8e-5c27b5601cc4.mp3,female-female,2,2,2,2,2,2,2
MSC,b0e3268b-24b6-44e0-8ae2-584250d63247,7.5,4.4375,6.0,68.5,6.0,6.0,0.7134848484848484,b0e3268b,b0e3268b-24b6-44e0-8ae2-584250d63247/processed/b0e3268b-24b6-44e0-8ae2-584250d63247.mp3,female-male,2,2,2,2,2,2,2
MSC,b0f808b7-02c8-4f3c-802e-0345d5f204d9,8.0,4.375,6.0,84.0,5.5,7.5,0.816060606060606,b0f808b7,b0f808b7-02c8-4f3c-802e-0345d5f204d9/processed/b0f808b7-02c8-4f3c-802e-0345d5f204d9.mp3,male-male,2,2,2,2,2,2,2
MSC,b11a682b-5a1e-4d87-81d5-107b699fe12b,8.5,5.5625,5.666666666666666,86.5,6.5,7.0,0.8722727272727273,b11a682b,b11a682b-5a1e-4d87-81d5-107b699fe12b/processed/b11a682b-5a1e-4d87-81d5-107b699fe12b.mp3,female-female,2,2,2,2,2,2,2
MSC,b203b772-6ac9-459d-875e-558a84b4b4f0,9.0,6.1875,6.833333333333334,86.0,7.0,7.5,0.9120454545454546,b203b772,b203b772-6ac9-459d-875e-558a84b4b4f0/processed/b203b772-6ac9-459d-875e-558a84b4b4f0.mp3,male-male,2,2,2,2,2,2,2
MSC,b2228c2e-38dc-4687-aeba-00c762c678e3,8.5,5.125,6.333333333333333,84.0,7.0,7.5,0.8312121212121213,b2228c2e,b2228c2e-38dc-4687-aeba-00c762c678e3/processed/b2228c2e-38dc-4687-aeba-00c762c678e3.mp3,female-male,2,2,2,2,2,2,2
MSC,b2338ffa-61e1-4283-ab0d-36c946042b17,8.5,5.6875,6.333333333333334,78.0,7.0,6.0,0.8961363636363637,b2338ffa,b2338ffa-61e1-4283-ab0d-36c946042b17/processed/b2338ffa-61e1-4283-ab0d-36c946042b17.mp3,female-female,2,2,2,2,2,2,2
MSC,b2afb6c2-6049-4861-88a5-f0aeba68b5c8,8.0,3.6875,5.833333333333334,80.5,6.0,2.0,0.7497727272727273,b2afb6c2,b2afb6c2-6049-4861-88a5-f0aeba68b5c8/processed/b2afb6c2-6049-4861-88a5-f0aeba68b5c8.mp3,female-male,2,2,2,2,2,2,2
LSC,b30b6519-25fb-4651-a820-a2c825bb28ac,2.5,1.0,3.5,25.5,3.0,2.5,0.3251515151515152,b30b6519,b30b6519-25fb-4651-a820-a2c825bb28ac/processed/b30b6519-25fb-4651-a820-a2c825bb28ac.mp3,male-male,2,2,2,2,2,2,2
MSC,b35f8dee-50c3-44c3-9ec7-9ce610e26e34,8.0,5.1875,5.5,88.5,6.0,6.0,0.8366666666666667,b35f8dee,b35f8dee-50c3-44c3-9ec7-9ce610e26e34/processed/b35f8dee-50c3-44c3-9ec7-9ce610e26e34.mp3,female-male,2,2,2,2,2,2,2
HSC,b381599d-5420-4148-acb9-403141f5fb87,9.0,5.375,6.5,85.0,7.0,7.0,0.9588636363636363,b381599d,b381599d-5420-4148-acb9-403141f5fb87/processed/b381599d-5420-4148-acb9-403141f5fb87.mp3,female-male,2,2,2,2,2,2,2
MSC,b3ac73fa-02b8-43e2-950d-6617fcb67b11,7.5,4.4375,5.666666666666666,60.5,6.5,6.0,0.7340909090909091,b3ac73fa,b3ac73fa-02b8-43e2-950d-6617fcb67b11/processed/b3ac73fa-02b8-43e2-950d-6617fcb67b11.mp3,female-female,2,2,2,2,2,2,2
MSC,b3c15eb0-fa00-43a0-b8c2-33ac84f9b586,9.0,6.1875,6.0,86.0,7.0,7.0,0.8856818181818182,b3c15eb0,b3c15eb0-fa00-43a0-b8c2-33ac84f9b586/processed/b3c15eb0-fa00-43a0-b8c2-33ac84f9b586.mp3,female-female,2,2,2,2,2,2,2
HSC,b3d12e44-b38e-4c6f-b63f-2016f0f04b94,9.0,5.375,5.666666666666666,88.0,7.0,6.5,0.9247727272727273,b3d12e44,b3d12e44-b38e-4c6f-b63f-2016f0f04b94/processed/b3d12e44-b38e-4c6f-b63f-2016f0f04b94.mp3,female-male,2,2,2,2,2,2,2
MSC,b3f30e0c-7251-449a-8af3-61c81e2c2d3f,8.5,6.0625,6.0,77.0,6.5,7.0,0.8218181818181818,b3f30e0c,b3f30e0c-7251-449a-8af3-61c81e2c2d3f/processed/b3f30e0c-7251-449a-8af3-61c81e2c2d3f.mp3,female-male,2,2,2,2,2,2,2
MSC,b44134c7-4017-47fa-b401-e2f8cf114f5e,8.0,3.9375,5.5,81.5,6.5,5.0,0.7775000000000001,b44134c7,b44134c7-4017-47fa-b401-e2f8cf114f5e/processed/b44134c7-4017-47fa-b401-e2f8cf114f5e.mp3,female-male,2,2,2,2,2,2,2
MSC,b4685e40-110a-4369-b95a-4f457cf49f28,7.5,5.3125,6.166666666666666,77.0,6.5,5.5,0.8143181818181817,b4685e40,b4685e40-110a-4369-b95a-4f457cf49f28/processed/b4685e40-110a-4369-b95a-4f457cf49f28.mp3,female-male,2,2,2,2,2,2,2
MSC,b47b662d-5741-4913-bba3-eabbe88cbff5,7.0,5.25,5.666666666666666,62.5,5.5,5.5,0.7242424242424242,b47b662d,b47b662d-5741-4913-bba3-eabbe88cbff5/processed/b47b662d-5741-4913-bba3-eabbe88cbff5.mp3,female-male,2,2,2,2,2,2,2
MSC,b47d4592-80d7-4e98-bbf1-d872e64899cc,9.0,4.4375,6.333333333333334,94.0,7.0,7.0,0.835,b47d4592,b47d4592-80d7-4e98-bbf1-d872e64899cc/processed/b47d4592-80d7-4e98-bbf1-d872e64899cc.mp3,female-female,2,2,2,2,2,2,2
MSC,b48ccc1d-4816-499d-b0c0-d28827671147,6.5,5.125,5.5,67.5,5.0,5.0,0.5689393939393941,b48ccc1d,b48ccc1d-4816-499d-b0c0-d28827671147/processed/b48ccc1d-4816-499d-b0c0-d28827671147.mp3,male-male,2,2,2,2,2,2,2
MSC,b4e8fd0e-e2f6-44fe-919a-f4626908e4c4,7.5,5.1875,5.5,67.5,5.5,6.0,0.6573484848484848,b4e8fd0e,b4e8fd0e-e2f6-44fe-919a-f4626908e4c4/processed/b4e8fd0e-e2f6-44fe-919a-f4626908e4c4.mp3,female-female,2,2,2,2,2,2,2
MSC,b5134acd-875e-4826-9ab8-42d9b49c8530,7.5,4.6875,6.333333333333334,91.5,7.0,7.0,0.7906818181818182,b5134acd,b5134acd-875e-4826-9ab8-42d9b49c8530/processed/b5134acd-875e-4826-9ab8-42d9b49c8530.mp3,female-male,2,2,2,2,2,2,2
MSC,b524d604-a7b4-4b11-80e5-0a0fe43c5c13,7.0,4.0625,4.833333333333334,70.0,6.0,5.5,0.7325757575757577,b524d604,b524d604-a7b4-4b11-80e5-0a0fe43c5c13/processed/b524d604-a7b4-4b11-80e5-0a0fe43c5c13.mp3,male-male,2,2,2,2,2,2,2
LSC,b544cbd3-4236-4a66-92fd-2e2256d8343f,5.0,3.5625,3.833333333333333,37.5,4.0,4.0,0.4795454545454545,b544cbd3,b544cbd3-4236-4a66-92fd-2e2256d8343f/processed/b544cbd3-4236-4a66-92fd-2e2256d8343f.mp3,female-female,2,2,2,2,2,2,2
MSC,b5503a34-8f3c-413d-b7a2-481b4942783d,7.0,4.4375,5.833333333333334,73.0,5.0,6.0,0.7712878787878787,b5503a34,b5503a34-8f3c-413d-b7a2-481b4942783d/processed/b5503a34-8f3c-413d-b7a2-481b4942783d.mp3,male-male,2,2,2,2,2,2,2
MSC,b56b61b8-f647-4937-be0b-e5f0ff776d5f,6.0,5.75,5.666666666666666,54.5,5.0,5.5,0.6646212121212122,b56b61b8,b56b61b8-f647-4937-be0b-e5f0ff776d5f/processed/b56b61b8-f647-4937-be0b-e5f0ff776d5f.mp3,female-male,2,2,2,2,2,2,2
MSC,b58b009b-be61-436b-819d-af4d7fb6a658,8.5,5.25,6.166666666666666,97.0,7.0,6.0,0.8928030303030303,b58b009b,b58b009b-be61-436b-819d-af4d7fb6a658/processed/b58b009b-be61-436b-819d-af4d7fb6a658.mp3,male-male,2,2,2,2,2,2,2
MSC,b5bc489b-71d3-4817-803d-fea240b73431,8.5,4.5,6.0,83.0,6.5,5.5,0.8484090909090909,b5bc489b,b5bc489b-71d3-4817-803d-fea240b73431/processed/b5bc489b-71d3-4817-803d-fea240b73431.mp3,female-male,2,2,2,2,2,2,2
MSC,b5bfe073-6066-4260-96dd-ffb169af7687,4.5,2.9375,4.5,47.0,4.0,3.0,0.4673484848484849,b5bfe073,b5bfe073-6066-4260-96dd-ffb169af7687/processed/b5bfe073-6066-4260-96dd-ffb169af7687.mp3,female-male,2,2,2,2,2,2,2
MSC,b5ef5033-b593-4e0a-a63e-66f9c2fccea9,8.0,4.6875,5.5,77.5,7.0,6.0,0.8170454545454545,b5ef5033,b5ef5033-b593-4e0a-a63e-66f9c2fccea9/processed/b5ef5033-b593-4e0a-a63e-66f9c2fccea9.mp3,female-male,2,2,2,2,2,2,2
MSC,b5f59553-1ef9-478e-a270-0e31dd71d6d0,8.5,4.6875,6.166666666666666,85.0,7.0,7.0,0.8162878787878787,b5f59553,b5f59553-1ef9-478e-a270-0e31dd71d6d0/processed/b5f59553-1ef9-478e-a270-0e31dd71d6d0.mp3,female-male,2,2,2,2,2,2,2
MSC,b61b8cf0-c5d8-410c-a030-7b36699b86b8,7.0,4.4375,6.0,75.0,5.0,5.5,0.6829545454545455,b61b8cf0,b61b8cf0-c5d8-410c-a030-7b36699b86b8/processed/b61b8cf0-c5d8-410c-a030-7b36699b86b8.mp3,female-male,2,2,2,2,2,2,2
MSC,b6317fee-af93-40da-ab3e-3f6a12554327,8.5,4.875,6.166666666666666,77.5,7.0,6.5,0.8022727272727272,b6317fee,b6317fee-af93-40da-ab3e-3f6a12554327/processed/b6317fee-af93-40da-ab3e-3f6a12554327.mp3,female-male,2,2,2,2,2,2,2
MSC,b63fe811-315a-45bf-90dd-3dbfcf509e95,6.0,4.8125,5.833333333333334,56.0,5.0,6.0,0.6411363636363636,b63fe811,b63fe811-315a-45bf-90dd-3dbfcf509e95/processed/b63fe811-315a-45bf-90dd-3dbfcf509e95.mp3,male-male,2,2,2,2,2,2,2
MSC,b66a9e7f-9acb-407b-b6dc-029fc3b31ff2,6.5,3.8125,5.833333333333334,49.5,5.5,3.5,0.6610606060606061,b66a9e7f,b66a9e7f-9acb-407b-b6dc-029fc3b31ff2/processed/b66a9e7f-9acb-407b-b6dc-029fc3b31ff2.mp3,female-male,2,2,2,2,2,2,2
MSC,b6988911-c05d-49a9-8805-3d50bc7f0d36,8.5,5.125,6.166666666666666,90.0,7.0,7.0,0.8987878787878788,b6988911,b6988911-c05d-49a9-8805-3d50bc7f0d36/processed/b6988911-c05d-49a9-8805-3d50bc7f0d36.mp3,female-male,2,2,2,2,2,2,2
MSC,b6ce776f-8831-4229-9a8f-074a63b73ab3,7.5,4.6875,6.333333333333334,85.0,7.0,5.5,0.8100757575757576,b6ce776f,b6ce776f-8831-4229-9a8f-074a63b73ab3/processed/b6ce776f-8831-4229-9a8f-074a63b73ab3.mp3,female-male,2,2,2,2,2,2,2
MSC,b6e249a2-9410-4a2a-8977-5ba0a3119b94,8.0,5.625,6.5,80.0,6.5,7.0,0.8161363636363637,b6e249a2,b6e249a2-9410-4a2a-8977-5ba0a3119b94/processed/b6e249a2-9410-4a2a-8977-5ba0a3119b94.mp3,female-female,2,2,2,2,2,2,2
MSC,b71f4b5a-db48-4d3e-8487-9d4a80b5a866,8.0,4.625,6.333333333333334,86.0,6.5,7.0,0.7793939393939394,b71f4b5a,b71f4b5a-db48-4d3e-8487-9d4a80b5a866/processed/b71f4b5a-db48-4d3e-8487-9d4a80b5a866.mp3,male-male,2,2,2,2,2,2,2
MSC,b7309f85-f361-4eca-85cd-70cc93cc4531,7.5,4.875,6.0,75.0,6.0,6.5,0.720530303030303,b7309f85,b7309f85-f361-4eca-85cd-70cc93cc4531/processed/b7309f85-f361-4eca-85cd-70cc93cc4531.mp3,female-male,2,2,2,2,2,2,2
MSC,b7363a15-2b70-404c-8456-ff1475f5db73,7.0,4.875,5.833333333333333,82.5,5.5,3.5,0.7318181818181818,b7363a15,b7363a15-2b70-404c-8456-ff1475f5db73/processed/b7363a15-2b70-404c-8456-ff1475f5db73.mp3,female-male,2,2,2,2,2,2,2
MSC,b761342c-97d0-47bf-85cf-e8d9945b1be5,8.5,5.125,7.0,70.0,7.0,8.5,0.8743939393939393,b761342c,b761342c-97d0-47bf-85cf-e8d9945b1be5/processed/b761342c-97d0-47bf-85cf-e8d9945b1be5.mp3,female-female,2,2,2,2,2,2,2
MSC,b77ac5fb-f133-4e68-81ae-05680e19aedc,7.0,4.9375,6.666666666666666,91.0,6.5,2.5,0.6768181818181819,b77ac5fb,b77ac5fb-f133-4e68-81ae-05680e19aedc/processed/b77ac5fb-f133-4e68-81ae-05680e19aedc.mp3,female-female,2,2,2,2,2,2,2
MSC,b7d3d4b3-4e98-4234-995a-26172d4f8342,7.0,4.25,5.166666666666666,80.0,6.0,5.5,0.7682575757575757,b7d3d4b3,b7d3d4b3-4e98-4234-995a-26172d4f8342/processed/b7d3d4b3-4e98-4234-995a-26172d4f8342.mp3,female-female,2,2,2,2,2,2,2
MSC,b7fae6d8-8246-45ef-a497-c6555e8c10bf,8.0,5.0,6.666666666666666,74.0,6.5,5.5,0.8178787878787879,b7fae6d8,b7fae6d8-8246-45ef-a497-c6555e8c10bf/processed/b7fae6d8-8246-45ef-a497-c6555e8c10bf.mp3,female-male,2,2,2,2,2,2,2
MSC,b820b441-4843-4b49-a46d-8bcdf659aeba,7.5,2.9375,5.333333333333334,81.5,6.0,5.5,0.7215909090909091,b820b441,b820b441-4843-4b49-a46d-8bcdf659aeba/processed/b820b441-4843-4b49-a46d-8bcdf659aeba.mp3,female-male,2,2,2,2,2,2,2
MSC,b826acaf-a024-4cbf-a22e-72c657b8ffe8,8.5,5.125,6.166666666666666,93.0,7.0,7.0,0.8887878787878787,b826acaf,b826acaf-a024-4cbf-a22e-72c657b8ffe8/processed/b826acaf-a024-4cbf-a22e-72c657b8ffe8.mp3,female-male,2,2,2,2,2,2,2
LSC,b877a5bf-3384-4ea0-bf82-cef399a1b00d,3.0,1.25,4.0,59.0,5.0,3.0,0.48242424242424237,b877a5bf,b877a5bf-3384-4ea0-bf82-cef399a1b00d/processed/b877a5bf-3384-4ea0-bf82-cef399a1b00d.mp3,contains_other_or_unknown,1,1,1,1,1,1,1
MSC,b8848e0e-05f2-497d-bf98-5669a71f601c,7.5,3.625,5.5,78.0,6.5,5.5,0.7812878787878788,b8848e0e,b8848e0e-05f2-497d-bf98-5669a71f601c/processed/b8848e0e-05f2-497d-bf98-5669a71f601c.mp3,female-male,2,2,2,2,2,2,2
MSC,b88c01b7-4d38-42c5-b650-ee796b3ef869,6.0,4.125,5.833333333333334,41.5,4.0,3.5,0.5457575757575757,b88c01b7,b88c01b7-4d38-42c5-b650-ee796b3ef869/processed/b88c01b7-4d38-42c5-b650-ee796b3ef869.mp3,female-male,2,2,2,2,2,2,2
MSC,b8ca03fb-ba34-49dc-b33f-30b6e9189685,7.5,5.0,6.333333333333334,72.5,6.5,8.0,0.731060606060606,b8ca03fb,b8ca03fb-ba34-49dc-b33f-30b6e9189685/processed/b8ca03fb-ba34-49dc-b33f-30b6e9189685.mp3,female-male,2,2,2,2,2,2,2
MSC,b8efcf59-ef2d-4aab-8e05-d56092e0c26e,7.0,5.1875,5.166666666666667,86.0,6.0,4.5,0.6657575757575758,b8efcf59,b8efcf59-ef2d-4aab-8e05-d56092e0c26e/processed/b8efcf59-ef2d-4aab-8e05-d56092e0c26e.mp3,contains_MSC_or_unknown,2,2,2,2,2,2,2
MSC,b8f9aeaf-a914-45bb-9d7c-7ef83b82f8d3,8.5,5.375,6.0,94.0,6.5,8.0,0.908030303030303,b8f9aeaf,b8f9aeaf-a914-45bb-9d7c-7ef83b82f8d3/processed/b8f9aeaf-a914-45bb-9d7c-7ef83b82f8d3.mp3,female-female,2,2,2,2,2,2,2
MSC,b91c719a-4d41-4e24-837e-5c6abfacc77a,7.0,2.75,6.0,30.0,6.0,5.0,0.6727272727272727,b91c719a,b91c719a-4d41-4e24-837e-5c6abfacc77a/processed/b91c719a-4d41-4e24-837e-5c6abfacc77a.mp3,contains_MSC_or_unknown,1,1,1,1,1,1,1
MSC,b9291f3e-8395-4803-a723-105db19cae02,9.0,3.6875,6.833333333333334,98.5,7.0,8.0,0.9085606060606062,b9291f3e,b9291f3e-8395-4803-a723-105db19cae02/processed/b9291f3e-8395-4803-a723-105db19cae02.mp3,female-male,2,2,2,2,2,2,2
MSC,b92a443a-5a53-476c-98e0-0f2605c0af2f,8.0,4.4375,5.833333333333334,83.0,6.0,4.5,0.7611363636363637,b92a443a,b92a443a-5a53-476c-98e0-0f2605c0af2f/processed/b92a443a-5a53-476c-98e0-0f2605c0af2f.mp3,female-male,2,2,2,2,2,2,2
MSC,b9cb85c5-1a07-4907-b6c7-0147ad88ab13,7.0,4.4375,5.333333333333334,73.0,6.0,6.5,0.7584848484848485,b9cb85c5,b9cb85c5-1a07-4907-b6c7-0147ad88ab13/processed/b9cb85c5-1a07-4907-b6c7-0147ad88ab13.mp3,female-female,2,2,2,2,2,2,2
HSC,b9e0eaaa-1013-4a5f-97b7-f1aaa7a04442,9.0,4.875,6.333333333333334,93.0,7.0,5.0,0.9381060606060605,b9e0eaaa,b9e0eaaa-1013-4a5f-97b7-f1aaa7a04442/processed/b9e0eaaa-1013-4a5f-97b7-f1aaa7a04442.mp3,female-female,2,2,2,2,2,2,2
MSC,b9e4aaa7-ef3c-4179-9eb3-951ba0d5dcb3,7.0,3.875,5.166666666666666,76.5,6.0,5.5,0.7115151515151514,b9e4aaa7,b9e4aaa7-ef3c-4179-9eb3-951ba0d5dcb3/processed/b9e4aaa7-ef3c-4179-9eb3-951ba0d5dcb3.mp3,female-female,2,2,2,2,2,2,2
MSC,b9f36d06-264d-4556-a0f6-3aec69305070,8.5,5.625,6.166666666666666,77.5,6.5,7.5,0.7811363636363635,b9f36d06,b9f36d06-264d-4556-a0f6-3aec69305070/processed/b9f36d06-264d-4556-a0f6-3aec69305070.mp3,male-male,2,2,2,2,2,2,2
MSC,ba07f594-bea4-4126-a6c0-9ccbbad10fa0,7.0,4.4375,6.0,77.0,6.0,5.5,0.7438636363636364,ba07f594,ba07f594-bea4-4126-a6c0-9ccbbad10fa0/processed/ba07f594-bea4-4126-a6c0-9ccbbad10fa0.mp3,female-male,2,2,2,2,2,2,2
MSC,ba51006e-0b13-4071-b19c-3f4ece8f670d,8.0,3.4375,4.666666666666667,50.5,6.0,3.5,0.7072727272727273,ba51006e,ba51006e-0b13-4071-b19c-3f4ece8f670d/processed/ba51006e-0b13-4071-b19c-3f4ece8f670d.mp3,female-male,2,2,2,2,2,2,2
MSC,ba7e0071-87f1-4512-b848-c7a669219d1c,4.0,2.375,4.0,40.5,4.0,2.5,0.4684848484848485,ba7e0071,ba7e0071-87f1-4512-b848-c7a669219d1c/processed/ba7e0071-87f1-4512-b848-c7a669219d1c.mp3,male-male,2,2,2,2,2,2,2
MSC,ba9f29de-54ff-47ac-bbff-c8a40bad1689,7.5,4.25,5.666666666666666,81.5,6.5,6.0,0.7715909090909091,ba9f29de,ba9f29de-54ff-47ac-bbff-c8a40bad1689/processed/ba9f29de-54ff-47ac-bbff-c8a40bad1689.mp3,female-female,2,2,2,2,2,2,2
MSC,bad7c384-b02d-412a-9252-ea7eb95f42e3,8.0,6.125,6.166666666666666,88.0,6.5,8.0,0.9048484848484848,bad7c384,bad7c384-b02d-412a-9252-ea7eb95f42e3/processed/bad7c384-b02d-412a-9252-ea7eb95f42e3.mp3,female-female,2,2,2,2,2,2,2
MSC,baf65544-754a-4969-8a8d-41fcc64e83c2,6.0,3.5,5.833333333333334,53.5,5.5,3.0,0.6009848484848483,baf65544,baf65544-754a-4969-8a8d-41fcc64e83c2/processed/baf65544-754a-4969-8a8d-41fcc64e83c2.mp3,female-male,2,2,2,2,2,2,2
MSC,bafe687c-ab2e-4dc0-bb47-80014760aab7,6.0,4.3125,5.5,48.0,4.5,5.0,0.6201515151515151,bafe687c,bafe687c-ab2e-4dc0-bb47-80014760aab7/processed/bafe687c-ab2e-4dc0-bb47-80014760aab7.mp3,female-female,2,2,2,2,2,2,2
MSC,bb271ad2-d89d-4c4c-a8c5-d30ff0e1295a,5.5,2.3125,3.666666666666667,14.5,3.5,3.0,0.5003787878787879,bb271ad2,bb271ad2-d89d-4c4c-a8c5-d30ff0e1295a/processed/bb271ad2-d89d-4c4c-a8c5-d30ff0e1295a.mp3,male-male,2,2,2,2,2,2,2
MSC,bb46db0a-ddc3-4507-94ec-486cbdf9dafb,6.0,4.75,5.5,76.0,5.0,6.5,0.5262878787878787,bb46db0a,bb46db0a-ddc3-4507-94ec-486cbdf9dafb/processed/bb46db0a-ddc3-4507-94ec-486cbdf9dafb.mp3,female-male,2,2,2,2,2,2,2
MSC,bb648497-6a9f-4b55-a594-f6f5938f3d94,8.0,4.25,5.666666666666666,77.5,7.0,4.5,0.749848484848485,bb648497,bb648497-6a9f-4b55-a594-f6f5938f3d94/processed/bb648497-6a9f-4b55-a594-f6f5938f3d94.mp3,female-female,2,2,2,2,2,2,2
MSC,bb7bd0c5-2af0-444f-bec0-ef5683a94669,6.5,4.0,5.666666666666666,58.5,5.5,5.0,0.6719696969696969,bb7bd0c5,bb7bd0c5-2af0-444f-bec0-ef5683a94669/processed/bb7bd0c5-2af0-444f-bec0-ef5683a94669.mp3,contains_MSC_or_unknown,2,2,2,2,2,2,2
MSC,bbb922cf-5337-46d5-87f6-e93933d54dc7,6.0,4.5625,6.0,67.5,5.0,5.0,0.6286363636363637,bbb922cf,bbb922cf-5337-46d5-87f6-e93933d54dc7/processed/bbb922cf-5337-46d5-87f6-e93933d54dc7.mp3,female-male,2,2,2,2,2,2,2
MSC,bbc4cee1-25fb-4685-ae2a-b1e7e689f5fe,6.5,4.5625,5.166666666666667,69.5,5.5,7.0,0.7099242424242425,bbc4cee1,bbc4cee1-25fb-4685-ae2a-b1e7e689f5fe/processed/bbc4cee1-25fb-4685-ae2a-b1e7e689f5fe.mp3,female-male,2,2,2,2,2,2,2
MSC,bc13c3ce-399c-4db4-bbd8-a6f21da2ad6e,8.5,5.3125,5.666666666666666,91.0,6.5,7.0,0.9075757575757575,bc13c3ce,bc13c3ce-399c-4db4-bbd8-a6f21da2ad6e/processed/bc13c3ce-399c-4db4-bbd8-a6f21da2ad6e.mp3,female-male,2,2,2,2,2,2,2
MSC,bc407384-6ae0-4cbf-8bdd-5967aa01c1a8,8.5,4.8125,6.0,76.5,6.5,4.0,0.8021212121212121,bc407384,bc407384-6ae0-4cbf-8bdd-5967aa01c1a8/processed/bc407384-6ae0-4cbf-8bdd-5967aa01c1a8.mp3,female-female,2,2,2,2,2,2,2
HSC,bc4262ab-08ce-4085-9609-10cf3aee883c,9.0,6.25,6.5,92.5,7.0,8.5,0.9204545454545454,bc4262ab,bc4262ab-08ce-4085-9609-10cf3aee883c/processed/bc4262ab-08ce-4085-9609-10cf3aee883c.mp3,male-male,2,2,2,2,2,2,2
MSC,bc427c9e-28a4-47fd-bfca-a5f09dd13840,8.5,4.6875,6.333333333333334,94.0,6.5,5.5,0.8241666666666667,bc427c9e,bc427c9e-28a4-47fd-bfca-a5f09dd13840/processed/bc427c9e-28a4-47fd-bfca-a5f09dd13840.mp3,female-female,2,2,2,2,2,2,2
MSC,bc7b1681-1973-4033-8908-07c45c4de7a1,8.5,5.25,5.833333333333334,87.5,6.5,8.0,0.8420454545454544,bc7b1681,bc7b1681-1973-4033-8908-07c45c4de7a1/processed/bc7b1681-1973-4033-8908-07c45c4de7a1.mp3,male-male,2,2,2,2,2,2,2
MSC,bc7e2c9b-4435-412b-a9e8-78fe86437610,8.0,5.125,5.833333333333334,60.5,7.0,8.5,0.7904545454545455,bc7e2c9b,bc7e2c9b-4435-412b-a9e8-78fe86437610/processed/bc7e2c9b-4435-412b-a9e8-78fe86437610.mp3,female-female,2,2,2,2,2,2,2
MSC,bc88484f-b39a-4935-8f0d-b96b7113d6cd,8.5,6.0,5.833333333333334,52.5,6.5,8.5,0.7731060606060606,bc88484f,bc88484f-b39a-4935-8f0d-b96b7113d6cd/processed/bc88484f-b39a-4935-8f0d-b96b7113d6cd.mp3,female-male,2,2,2,2,2,2,2
MSC,bc9b8e44-6ea0-4b80-a7b7-ae728e6f230f,5.5,5.0625,6.5,71.0,5.0,6.0,0.6353030303030303,bc9b8e44,bc9b8e44-6ea0-4b80-a7b7-ae728e6f230f/processed/bc9b8e44-6ea0-4b80-a7b7-ae728e6f230f.mp3,male-male,2,2,2,2,2,2,2
MSC,bcb7c44b-e360-4e14-a40c-91da05b6289e,7.0,3.75,5.833333333333334,44.0,5.0,5.5,0.7614393939393939,bcb7c44b,bcb7c44b-e360-4e14-a40c-91da05b6289e/processed/bcb7c44b-e360-4e14-a40c-91da05b6289e.mp3,male-male,2,2,2,2,2,2,2
MSC,bcc8e84d-65f7-4b6c-ad9a-dfb33de44872,8.0,5.125,6.333333333333334,84.0,7.0,7.0,0.7817424242424242,bcc8e84d,bcc8e84d-65f7-4b6c-ad9a-dfb33de44872/processed/bcc8e84d-65f7-4b6c-ad9a-dfb33de44872.mp3,female-female,2,2,2,2,2,2,2
MSC,bce0bc62-239e-4fdd-b2b8-252a4a6df717,7.5,4.375,5.666666666666666,73.0,7.0,7.0,0.895909090909091,bce0bc62,bce0bc62-239e-4fdd-b2b8-252a4a6df717/processed/bce0bc62-239e-4fdd-b2b8-252a4a6df717.mp3,female-male,2,2,2,2,2,2,2
MSC,bcff5a59-2fa4-4566-a962-d69d78823a06,7.5,4.875,6.666666666666666,59.5,6.0,5.5,0.6967424242424243,bcff5a59,bcff5a59-2fa4-4566-a962-d69d78823a06/processed/bcff5a59-2fa4-4566-a962-d69d78823a06.mp3,female-male,2,2,2,2,2,2,2
MSC,bd0aaafb-f27f-408e-b8af-b41c879338cb,8.0,6.0625,6.166666666666666,79.5,6.5,5.0,0.7967424242424244,bd0aaafb,bd0aaafb-f27f-408e-b8af-b41c879338cb/processed/bd0aaafb-f27f-408e-b8af-b41c879338cb.mp3,female-female,2,2,2,2,2,2,2
MSC,bd255963-943c-4f04-a18a-cbc402817dd8,7.5,4.8125,6.0,83.0,6.0,7.5,0.7846212121212122,bd255963,bd255963-943c-4f04-a18a-cbc402817dd8/processed/bd255963-943c-4f04-a18a-cbc402817dd8.mp3,female-male,2,2,2,2,2,2,2
MSC,bd4ad98c-7188-477a-bdaf-123eaa08b6f6,7.0,4.1875,5.166666666666666,58.0,6.5,4.0,0.7159090909090908,bd4ad98c,bd4ad98c-7188-477a-bdaf-123eaa08b6f6/processed/bd4ad98c-7188-477a-bdaf-123eaa08b6f6.mp3,female-male,2,2,2,2,2,2,2
MSC,bd4ae90f-30f8-4d5f-86fb-2957934230be,7.5,5.125,5.666666666666666,91.5,6.0,7.0,0.7768939393939395,bd4ae90f,bd4ae90f-30f8-4d5f-86fb-2957934230be/processed/bd4ae90f-30f8-4d5f-86fb-2957934230be.mp3,female-male,2,2,2,2,2,2,2
MSC,bd64f802-6d27-4377-9e91-821a58f50fe9,6.0,4.6875,5.666666666666666,43.0,4.5,4.5,0.5660606060606062,bd64f802,bd64f802-6d27-4377-9e91-821a58f50fe9/processed/bd64f802-6d27-4377-9e91-821a58f50fe9.mp3,male-male,2,2,2,2,2,2,2
MSC,bdb13e03-5ebc-4bf7-9676-c5f12146454d,6.5,3.4375,4.833333333333333,62.5,5.0,5.0,0.6147727272727272,bdb13e03,bdb13e03-5ebc-4bf7-9676-c5f12146454d/processed/bdb13e03-5ebc-4bf7-9676-c5f12146454d.mp3,female-male,2,2,2,2,2,2,2
HSC,be788bd7-a0b2-4075-8c0d-d18a7fe841cb,9.0,5.375,6.666666666666667,99.0,7.0,8.0,0.9650000000000001,be788bd7,be788bd7-a0b2-4075-8c0d-d18a7fe841cb/processed/be788bd7-a0b2-4075-8c0d-d18a7fe841cb.mp3,female-female,2,2,2,2,2,2,2
MSC,be833fa5-7aee-4eb7-a004-ce74a2918492,8.0,4.0,5.666666666666666,67.5,6.0,6.0,0.7978787878787879,be833fa5,be833fa5-7aee-4eb7-a004-ce74a2918492/processed/be833fa5-7aee-4eb7-a004-ce74a2918492.mp3,female-male,2,2,2,2,2,2,2
MSC,bed8e4f0-fcc5-480d-914e-41059d6af882,8.0,4.3125,5.333333333333334,78.0,6.5,5.5,0.7996969696969697,bed8e4f0,bed8e4f0-fcc5-480d-914e-41059d6af882/processed/bed8e4f0-fcc5-480d-914e-41059d6af882.mp3,female-female,2,2,2,2,2,2,2
MSC,bef99f27-2394-4d47-a9af-035136a815df,8.0,5.5,6.0,66.0,7.0,8.0,0.7746212121212122,bef99f27,bef99f27-2394-4d47-a9af-035136a815df/processed/bef99f27-2394-4d47-a9af-035136a815df.mp3,female-male,2,2,2,2,2,2,2
MSC,bf3653db-8cae-4ee8-a478-5f3b36390f76,9.0,5.5,6.333333333333333,87.5,7.0,7.5,0.9091666666666668,bf3653db,bf3653db-8cae-4ee8-a478-5f3b36390f76/processed/bf3653db-8cae-4ee8-a478-5f3b36390f76.mp3,female-female,2,2,2,2,2,2,2
MSC,bf57c9e7-7be9-4961-a7fb-59777c0dc751,7.0,3.0,4.666666666666667,77.0,6.0,6.0,0.8174242424242423,bf57c9e7,bf57c9e7-7be9-4961-a7fb-59777c0dc751/processed/bf57c9e7-7be9-4961-a7fb-59777c0dc751.mp3,contains_MSC_or_unknown,1,1,1,1,1,1,1
MSC,bf7ad7be-febc-4b11-b25e-4c27e8b8a89d,8.5,5.8125,6.833333333333334,85.0,7.0,6.0,0.9103030303030302,bf7ad7be,bf7ad7be-febc-4b11-b25e-4c27e8b8a89d/processed/bf7ad7be-febc-4b11-b25e-4c27e8b8a89d.mp3,female-male,2,2,2,2,2,2,2
MSC,bfa73b4c-5b45-4c17-9fe4-8b4f397654e6,7.5,4.5625,5.333333333333334,79.0,6.0,6.5,0.7625,bfa73b4c,bfa73b4c-5b45-4c17-9fe4-8b4f397654e6/processed/bfa73b4c-5b45-4c17-9fe4-8b4f397654e6.mp3,female-male,2,2,2,2,2,2,2
MSC,bfabcd61-d574-49c6-b180-6686fd1bc7c9,5.5,2.0625,4.333333333333334,57.5,5.5,3.5,0.5896212121212121,bfabcd61,bfabcd61-d574-49c6-b180-6686fd1bc7c9/processed/bfabcd61-d574-49c6-b180-6686fd1bc7c9.mp3,female-female,2,2,2,2,2,2,2
MSC,bfc2f31b-ede5-4bba-9e67-4552a6f8bb32,7.0,4.9375,6.166666666666666,74.0,5.5,7.0,0.7687878787878788,bfc2f31b,bfc2f31b-ede5-4bba-9e67-4552a6f8bb32/processed/bfc2f31b-ede5-4bba-9e67-4552a6f8bb32.mp3,female-male,2,2,2,2,2,2,2
MSC,bfc889bf-d5e4-498b-9322-5bd5fb6602eb,7.5,5.625,6.5,83.5,5.5,7.0,0.7493939393939395,bfc889bf,bfc889bf-d5e4-498b-9322-5bd5fb6602eb/processed/bfc889bf-d5e4-498b-9322-5bd5fb6602eb.mp3,female-female,2,2,2,2,2,2,2
MSC,bff43e52-219f-43ad-8329-9ba68c30260f,7.0,4.75,6.333333333333333,79.5,5.5,3.0,0.7561363636363636,bff43e52,bff43e52-219f-43ad-8329-9ba68c30260f/processed/bff43e52-219f-43ad-8329-9ba68c30260f.mp3,female-male,2,2,2,2,2,2,2
MSC,c0486044-cb98-4c6f-b9d6-ab33e2bf99a6,7.5,5.3125,5.833333333333334,79.5,6.0,7.0,0.7798484848484848,c0486044,c0486044-cb98-4c6f-b9d6-ab33e2bf99a6/processed/c0486044-cb98-4c6f-b9d6-ab33e2bf99a6.mp3,female-male,2,2,2,2,2,2,2
UNSCORED,c06890a1-e018-4a0f-a4d6-93970fba12a8,8.5,5.1875,6.5,94.5,7.0,8.5,0.8987878787878789,c06890a1,c06890a1-e018-4a0f-a4d6-93970fba12a8/processed/c06890a1-e018-4a0f-a4d6-93970fba12a8.mp3,female-female,2,2,2,2,2,2,2
MSC,c0775391-b8c3-4884-aaec-ff8b1b5d1de4,6.5,4.1875,5.166666666666666,61.0,5.5,2.0,0.6628030303030303,c0775391,c0775391-b8c3-4884-aaec-ff8b1b5d1de4/processed/c0775391-b8c3-4884-aaec-ff8b1b5d1de4.mp3,female-male,2,2,2,2,2,2,2
MSC,c09f7ecd-c7ed-48e6-a24a-688ce364a390,6.5,4.0,4.5,83.0,6.0,6.0,0.7379545454545453,c09f7ecd,c09f7ecd-c7ed-48e6-a24a-688ce364a390/processed/c09f7ecd-c7ed-48e6-a24a-688ce364a390.mp3,female-male,2,2,2,2,2,2,2
MSC,c0a2b42a-a81e-459a-bc11-59cb621e4929,7.0,5.125,5.833333333333334,73.0,5.5,6.5,0.7538636363636364,c0a2b42a,c0a2b42a-a81e-459a-bc11-59cb621e4929/processed/c0a2b42a-a81e-459a-bc11-59cb621e4929.mp3,female-male,2,2,2,2,2,2,2
MSC,c0baec1b-3132-4177-941b-c18aec0be57e,7.0,3.375,5.833333333333334,59.0,6.5,3.0,0.7191666666666666,c0baec1b,c0baec1b-3132-4177-941b-c18aec0be57e/processed/c0baec1b-3132-4177-941b-c18aec0be57e.mp3,female-female,2,2,2,2,2,2,2
HSC,c0c54a77-1d33-41a4-8e13-92a4840e82b8,9.0,7.0,7.0,100.0,7.0,9.0,0.9772727272727273,c0c54a77,c0c54a77-1d33-41a4-8e13-92a4840e82b8/processed/c0c54a77-1d33-41a4-8e13-92a4840e82b8.mp3,contains_other_or_unknown,1,1,1,1,1,1,1
MSC,c0e74ae1-aa1a-41b3-91a7-b44f289d1af5,7.5,5.0625,5.666666666666666,78.0,6.0,7.0,0.7393181818181818,c0e74ae1,c0e74ae1-aa1a-41b3-91a7-b44f289d1af5/processed/c0e74ae1-aa1a-41b3-91a7-b44f289d1af5.mp3,female-female,2,2,2,2,2,2,2
MSC,c102ec15-67f6-4b92-8c4e-e7081a42b1f6,8.5,4.125,6.5,79.5,7.0,6.0,0.7965909090909091,c102ec15,c102ec15-67f6-4b92-8c4e-e7081a42b1f6/processed/c102ec15-67f6-4b92-8c4e-e7081a42b1f6.mp3,contains_MSC_or_unknown,2,2,2,2,2,2,2
MSC,c135c056-e51a-40f5-ab96-cc9f217f6389,8.0,5.4375,6.333333333333334,75.0,7.0,8.0,0.8496212121212121,c135c056,c135c056-e51a-40f5-ab96-cc9f217f6389/processed/c135c056-e51a-40f5-ab96-cc9f217f6389.mp3,male-male,2,2,2,2,2,2,2
MSC,c14be8be-789b-48d4-840a-34e63a1fdfc1,4.5,3.0,5.166666666666666,45.5,5.0,3.5,0.5679545454545455,c14be8be,c14be8be-789b-48d4-840a-34e63a1fdfc1/processed/c14be8be-789b-48d4-840a-34e63a1fdfc1.mp3,female-male,2,2,2,2,2,2,2
MSC,c19346dd-447f-4b73-85cd-95d7dbf016c7,7.5,4.5,5.666666666666666,62.0,6.0,6.5,0.7607575757575757,c19346dd,c19346dd-447f-4b73-85cd-95d7dbf016c7/processed/c19346dd-447f-4b73-85cd-95d7dbf016c7.mp3,female-male,2,2,2,2,2,2,2
MSC,c1ab4807-f720-49ec-8c98-cf477661dee5,5.5,5.3125,5.666666666666666,60.0,5.0,5.0,0.5897727272727273,c1ab4807,c1ab4807-f720-49ec-8c98-cf477661dee5/processed/c1ab4807-f720-49ec-8c98-cf477661dee5.mp3,male-male,2,2,2,2,2,2,2
MSC,c1d3345d-ac5b-40ee-963b-47438f570cc1,6.0,3.9375,4.5,53.5,4.5,3.5,0.6449242424242425,c1d3345d,c1d3345d-ac5b-40ee-963b-47438f570cc1/processed/c1d3345d-ac5b-40ee-963b-47438f570cc1.mp3,female-female,2,2,2,2,2,2,2
HSC,c1f946c8-cc9d-4cb2-8535-de058d3a6788,9.0,5.3125,6.5,91.5,7.0,8.0,0.9197727272727272,c1f946c8,c1f946c8-cc9d-4cb2-8535-de058d3a6788/processed/c1f946c8-cc9d-4cb2-8535-de058d3a6788.mp3,male-male,2,2,2,2,2,2,2
MSC,c22e9da1-5eb3-4f52-bb11-c5c44032d697,7.0,4.5,6.0,72.5,5.5,6.0,0.6810606060606061,c22e9da1,c22e9da1-5eb3-4f52-bb11-c5c44032d697/processed/c22e9da1-5eb3-4f52-bb11-c5c44032d697.mp3,female-male,2,2,2,2,2,2,2
MSC,c238e8d5-93a4-4b9b-9ecd-966ce1d77710,7.0,4.0625,5.0,71.0,5.0,6.0,0.6552272727272728,c238e8d5,c238e8d5-93a4-4b9b-9ecd-966ce1d77710/processed/c238e8d5-93a4-4b9b-9ecd-966ce1d77710.mp3,male-male,2,2,2,2,2,2,2
HSC,c23b499d-8fde-417a-95fb-958413323675,9.0,5.3125,7.0,89.0,7.0,6.0,0.9552272727272728,c23b499d,c23b499d-8fde-417a-95fb-958413323675/processed/c23b499d-8fde-417a-95fb-958413323675.mp3,female-female,2,2,2,2,2,2,2
MSC,c2932f7f-be84-43e9-8798-21986cfeba4c,4.0,2.875,5.833333333333334,31.0,4.5,2.0,0.44378787878787873,c2932f7f,c2932f7f-be84-43e9-8798-21986cfeba4c/processed/c2932f7f-be84-43e9-8798-21986cfeba4c.mp3,female-female,2,2,2,2,2,2,2
MSC,c2a9174b-bd97-4fb9-98b4-3508d5f4b70c,7.5,5.6875,6.5,84.5,7.0,7.5,0.8775757575757577,c2a9174b,c2a9174b-bd97-4fb9-98b4-3508d5f4b70c/processed/c2a9174b-bd97-4fb9-98b4-3508d5f4b70c.mp3,male-male,2,2,2,2,2,2,2
MSC,c2bbe917-15c3-4d3b-98a4-866fcf48c303,8.0,5.4375,6.5,92.0,7.0,5.5,0.8585606060606061,c2bbe917,c2bbe917-15c3-4d3b-98a4-866fcf48c303/processed/c2bbe917-15c3-4d3b-98a4-866fcf48c303.mp3,female-female,2,2,2,2,2,2,2
MSC,c2dccef4-139c-4bc8-98fb-24a521da2923,8.0,4.125,6.5,83.5,7.0,4.0,0.841439393939394,c2dccef4,c2dccef4-139c-4bc8-98fb-24a521da2923/processed/c2dccef4-139c-4bc8-98fb-24a521da2923.mp3,female-male,2,2,2,2,2,2,2
MSC,c2e52da0-6e7d-4dea-8b1f-f0b137b89c5b,4.5,1.75,5.166666666666666,33.0,4.0,4.0,0.5718939393939395,c2e52da0,c2e52da0-6e7d-4dea-8b1f-f0b137b89c5b/processed/c2e52da0-6e7d-4dea-8b1f-f0b137b89c5b.mp3,female-female,2,2,2,2,2,2,2
MSC,c2ed5c73-0d63-4f92-86a0-0644cac96c10,7.5,4.3125,6.333333333333333,91.0,7.0,6.0,0.7868939393939394,c2ed5c73,c2ed5c73-0d63-4f92-86a0-0644cac96c10/processed/c2ed5c73-0d63-4f92-86a0-0644cac96c10.mp3,female-male,2,2,2,2,2,2,2
MSC,c33685cc-d141-4e97-9c34-f5d56fe2c480,8.5,4.5625,5.5,73.0,6.5,4.0,0.8194696969696971,c33685cc,c33685cc-d141-4e97-9c34-f5d56fe2c480/processed/c33685cc-d141-4e97-9c34-f5d56fe2c480.mp3,female-female,2,2,2,2,2,2,2
MSC,c33d3ce7-c68d-4c13-9e1f-710e7a6c7a53,8.5,4.5625,6.5,92.5,6.0,8.0,0.8888636363636362,c33d3ce7,c33d3ce7-c68d-4c13-9e1f-710e7a6c7a53/processed/c33d3ce7-c68d-4c13-9e1f-710e7a6c7a53.mp3,female-male,2,2,2,2,2,2,2
MSC,c37ef4a4-90e3-496e-af0a-9af87cc05931,7.5,5.5,6.5,83.5,6.0,6.0,0.8082575757575758,c37ef4a4,c37ef4a4-90e3-496e-af0a-9af87cc05931/processed/c37ef4a4-90e3-496e-af0a-9af87cc05931.mp3,female-male,2,2,2,2,2,2,2
MSC,c4149c78-b635-4d4f-9183-53b7e702c95f,8.0,5.6875,6.666666666666666,80.0,6.5,4.0,0.7725,c4149c78,c4149c78-b635-4d4f-9183-53b7e702c95f/processed/c4149c78-b635-4d4f-9183-53b7e702c95f.mp3,female-female,2,2,2,2,2,2,2
MSC,c42c493a-51d3-43d1-9942-0ad8c30412f4,6.0,3.5,4.333333333333333,62.0,5.0,4.5,0.6228787878787878,c42c493a,c42c493a-51d3-43d1-9942-0ad8c30412f4/processed/c42c493a-51d3-43d1-9942-0ad8c30412f4.mp3,female-male,2,2,2,2,2,2,2
MSC,c43cb85c-44ba-4d9f-b8d2-741a011deb53,7.0,3.9375,6.0,76.0,5.5,3.5,0.6775757575757575,c43cb85c,c43cb85c-44ba-4d9f-b8d2-741a011deb53/processed/c43cb85c-44ba-4d9f-b8d2-741a011deb53.mp3,female-male,2,2,2,2,2,2,2
MSC,c441f223-ba1a-4fe2-897d-fc3c2e704a82,9.0,5.25,6.5,86.5,7.0,8.5,0.8496212121212121,c441f223,c441f223-ba1a-4fe2-897d-fc3c2e704a82/processed/c441f223-ba1a-4fe2-897d-fc3c2e704a82.mp3,female-female,2,2,2,2,2,2,2
MSC,c44832b9-973f-4b9c-8262-e9ea2661016a,7.5,5.75,6.5,80.0,5.5,4.5,0.7867424242424244,c44832b9,c44832b9-973f-4b9c-8262-e9ea2661016a/processed/c44832b9-973f-4b9c-8262-e9ea2661016a.mp3,male-male,2,2,2,2,2,2,2
MSC,c4caca36-1ace-44de-844a-0933eface36a,9.0,5.375,7.0,70.0,7.0,4.0,0.7189393939393939,c4caca36,c4caca36-1ace-44de-844a-0933eface36a/processed/c4caca36-1ace-44de-844a-0933eface36a.mp3,contains_MSC_or_unknown,1,1,1,1,1,1,1
MSC,c4d50c68-5b6d-4180-a693-25cab706ada4,6.0,3.8125,5.333333333333334,50.0,5.0,7.0,0.6232575757575758,c4d50c68,c4d50c68-5b6d-4180-a693-25cab706ada4/processed/c4d50c68-5b6d-4180-a693-25cab706ada4.mp3,female-male,2,2,2,2,2,2,2
MSC,c4dbb239-5e7d-45da-88fb-3c6c733dab2e,8.0,4.625,6.5,71.5,6.5,6.0,0.7976515151515151,c4dbb239,c4dbb239-5e7d-45da-88fb-3c6c733dab2e/processed/c4dbb239-5e7d-45da-88fb-3c6c733dab2e.mp3,male-male,2,2,2,2,2,2,2
MSC,c500c9ad-c23b-42b5-b17e-8796eedc4e34,8.0,5.125,5.833333333333334,83.0,6.5,6.0,0.8237878787878787,c500c9ad,c500c9ad-c23b-42b5-b17e-8796eedc4e34/processed/c500c9ad-c23b-42b5-b17e-8796eedc4e34.mp3,female-male,2,2,2,2,2,2,2
MSC,c52cd295-df74-4e99-b31f-34ae824a1418,7.0,5.5,5.833333333333334,62.5,6.0,6.5,0.7734090909090909,c52cd295,c52cd295-df74-4e99-b31f-34ae824a1418/processed/c52cd295-df74-4e99-b31f-34ae824a1418.mp3,female-male,2,2,2,2,2,2,2
MSC,c578b93e-5320-4ea4-bfdf-90eb631bff74,7.5,5.25,5.166666666666666,71.0,4.5,6.5,0.6524242424242425,c578b93e,c578b93e-5320-4ea4-bfdf-90eb631bff74/processed/c578b93e-5320-4ea4-bfdf-90eb631bff74.mp3,female-male,2,2,2,2,2,2,2
MSC,c5972417-388c-4b2a-9218-543268c3ee9a,7.5,4.0,5.5,70.5,6.5,7.0,0.7758333333333334,c5972417,c5972417-388c-4b2a-9218-543268c3ee9a/processed/c5972417-388c-4b2a-9218-543268c3ee9a.mp3,female-female,2,2,2,2,2,2,2
MSC,c5a02c02-9913-49c3-9230-3beacc0a345f,8.5,5.5,5.333333333333334,83.5,7.0,6.0,0.8185606060606061,c5a02c02,c5a02c02-9913-49c3-9230-3beacc0a345f/processed/c5a02c02-9913-49c3-9230-3beacc0a345f.mp3,male-male,2,2,2,2,2,2,2
MSC,c5e66cf8-159b-43d6-8cfd-0c2baed92c69,5.0,3.9375,5.5,60.5,5.5,5.5,0.6007575757575758,c5e66cf8,c5e66cf8-159b-43d6-8cfd-0c2baed92c69/processed/c5e66cf8-159b-43d6-8cfd-0c2baed92c69.mp3,male-male,2,2,2,2,2,2,2
MSC,c66aadaf-0c35-4150-a66e-1b41bc359748,5.0,4.375,5.5,61.5,4.5,3.0,0.6593939393939394,c66aadaf,c66aadaf-0c35-4150-a66e-1b41bc359748/processed/c66aadaf-0c35-4150-a66e-1b41bc359748.mp3,female-male,2,2,2,2,2,2,2
MSC,c67c4974-2d84-4c96-871a-cc8be0ef6ccc,7.5,4.75,6.333333333333334,79.5,6.5,5.5,0.7593939393939393,c67c4974,c67c4974-2d84-4c96-871a-cc8be0ef6ccc/processed/c67c4974-2d84-4c96-871a-cc8be0ef6ccc.mp3,female-female,2,2,2,2,2,2,2
MSC,c6bc0a7d-26ac-426f-bd31-279a8c1d2e89,8.5,4.5,6.0,86.0,6.5,7.0,0.832651515151515,c6bc0a7d,c6bc0a7d-26ac-426f-bd31-279a8c1d2e89/processed/c6bc0a7d-26ac-426f-bd31-279a8c1d2e89.mp3,female-male,2,2,2,2,2,2,2
MSC,c6f68636-2c7c-4cd9-8de1-5a2cf7afd948,7.5,4.3125,6.333333333333334,67.5,6.0,7.5,0.6840909090909091,c6f68636,c6f68636-2c7c-4cd9-8de1-5a2cf7afd948/processed/c6f68636-2c7c-4cd9-8de1-5a2cf7afd948.mp3,female-male,2,2,2,2,2,2,2
MSC,c707b1d3-624e-40bd-b69c-e080b26eab98,8.0,3.9375,6.0,92.5,6.0,7.0,0.8403787878787878,c707b1d3,c707b1d3-624e-40bd-b69c-e080b26eab98/processed/c707b1d3-624e-40bd-b69c-e080b26eab98.mp3,contains_MSC_or_unknown,2,2,2,2,2,2,2
MSC,c7199ab4-940a-4163-aae3-1e9d6e96bcf1,7.5,4.0625,6.0,87.5,6.0,6.0,0.8035606060606061,c7199ab4,c7199ab4-940a-4163-aae3-1e9d6e96bcf1/processed/c7199ab4-940a-4163-aae3-1e9d6e96bcf1.mp3,female-male,2,2,2,2,2,2,2
MSC,c71bf2d3-29f0-4fa3-8436-89eea02c7c1d,7.0,5.3125,5.5,68.5,6.5,7.5,0.7800757575757575,c71bf2d3,c71bf2d3-29f0-4fa3-8436-89eea02c7c1d/processed/c71bf2d3-29f0-4fa3-8436-89eea02c7c1d.mp3,female-male,2,2,2,2,2,2,2
MSC,c72a1b6d-06e3-4c12-b84b-20abdad9574b,8.0,5.3125,6.0,83.0,6.5,6.0,0.7983333333333333,c72a1b6d,c72a1b6d-06e3-4c12-b84b-20abdad9574b/processed/c72a1b6d-06e3-4c12-b84b-20abdad9574b.mp3,female-female,2,2,2,2,2,2,2
MSC,c7724594-f71e-4881-b524-da59460aeb7c,7.5,5.375,6.833333333333334,75.0,6.0,6.5,0.7642424242424243,c7724594,c7724594-f71e-4881-b524-da59460aeb7c/processed/c7724594-f71e-4881-b524-da59460aeb7c.mp3,female-male,2,2,2,2,2,2,2
MSC,c78603b4-fda0-4bab-896f-8ea9c14c8d4a,8.0,4.8125,5.5,75.0,6.0,6.5,0.8153787878787878,c78603b4,c78603b4-fda0-4bab-896f-8ea9c14c8d4a/processed/c78603b4-fda0-4bab-896f-8ea9c14c8d4a.mp3,female-male,2,2,2,2,2,2,2
MSC,c7b2bf7c-ed3b-4adf-82b4-c9232cdffca9,7.0,4.625,5.5,71.0,5.0,5.0,0.6681060606060607,c7b2bf7c,c7b2bf7c-ed3b-4adf-82b4-c9232cdffca9/processed/c7b2bf7c-ed3b-4adf-82b4-c9232cdffca9.mp3,female-female,2,2,2,2,2,2,2
MSC,c7ff1e39-a9c8-47b8-b0fd-f3d176a439c4,7.5,5.5,6.666666666666666,82.0,6.0,7.5,0.7848484848484849,c7ff1e39,c7ff1e39-a9c8-47b8-b0fd-f3d176a439c4/processed/c7ff1e39-a9c8-47b8-b0fd-f3d176a439c4.mp3,female-female,2,2,2,2,2,2,2
MSC,c82d9523-5682-4b2a-bae0-0a53addeba20,8.5,6.0,6.333333333333334,89.5,7.0,8.0,0.8477272727272729,c82d9523,c82d9523-5682-4b2a-bae0-0a53addeba20/processed/c82d9523-5682-4b2a-bae0-0a53addeba20.mp3,female-female,2,2,2,2,2,2,2
MSC,c856dd05-9593-4c6e-9ee3-2676d15618d2,7.0,5.5625,6.333333333333334,80.0,6.0,6.0,0.7036363636363636,c856dd05,c856dd05-9593-4c6e-9ee3-2676d15618d2/processed/c856dd05-9593-4c6e-9ee3-2676d15618d2.mp3,female-male,2,2,2,2,2,2,2
MSC,c8576907-a339-4caf-ab95-4a3e8385eb23,7.5,3.9375,5.333333333333333,79.0,5.5,4.0,0.744469696969697,c8576907,c8576907-a339-4caf-ab95-4a3e8385eb23/processed/c8576907-a339-4caf-ab95-4a3e8385eb23.mp3,male-male,2,2,2,2,2,2,2
MSC,c882539b-6f2b-4597-b796-7f1ddb34b595,6.0,3.75,5.833333333333334,67.5,5.0,4.0,0.6329545454545455,c882539b,c882539b-6f2b-4597-b796-7f1ddb34b595/processed/c882539b-6f2b-4597-b796-7f1ddb34b595.mp3,female-female,2,2,2,2,2,2,2
MSC,c8835201-cedb-4a71-9f24-818950cbfdd6,6.0,4.0,5.166666666666666,58.5,5.0,5.0,0.6248484848484849,c8835201,c8835201-cedb-4a71-9f24-818950cbfdd6/processed/c8835201-cedb-4a71-9f24-818950cbfdd6.mp3,female-female,2,2,2,2,2,2,2
MSC,c8c406e5-0603-4dd7-8985-a29fc485cfdf,7.5,3.9375,6.333333333333334,95.5,7.0,7.0,0.7864393939393939,c8c406e5,c8c406e5-0603-4dd7-8985-a29fc485cfdf/processed/c8c406e5-0603-4dd7-8985-a29fc485cfdf.mp3,male-male,2,2,2,2,2,2,2
MSC,c915492a-293e-4f30-bf49-49bb5faa1bb9,6.5,4.125,5.833333333333334,68.0,6.0,4.0,0.686439393939394,c915492a,c915492a-293e-4f30-bf49-49bb5faa1bb9/processed/c915492a-293e-4f30-bf49-49bb5faa1bb9.mp3,female-male,2,2,2,2,2,2,2
MSC,c920bce5-5c27-425d-a92e-5d294333f231,8.0,5.5625,6.0,87.0,6.5,7.5,0.875530303030303,c920bce5,c920bce5-5c27-425d-a92e-5d294333f231/processed/c920bce5-5c27-425d-a92e-5d294333f231.mp3,male-male,2,2,2,2,2,2,2
MSC,c9400bba-e0de-42ee-acf5-ec0c3b341b24,6.5,4.375,5.0,56.0,5.5,4.5,0.7183333333333334,c9400bba,c9400bba-e0de-42ee-acf5-ec0c3b341b24/processed/c9400bba-e0de-42ee-acf5-ec0c3b341b24.mp3,female-male,2,2,2,2,2,2,2
MSC,c97f8a32-6249-409c-b042-aaed261c3f64,8.0,4.6875,5.333333333333333,51.0,5.5,6.0,0.7059090909090909,c97f8a32,c97f8a32-6249-409c-b042-aaed261c3f64/processed/c97f8a32-6249-409c-b042-aaed261c3f64.mp3,female-male,2,2,2,2,2,2,2
MSC,c9a89b42-2958-4a30-8324-6d704826116d,7.0,5.1875,5.833333333333334,75.5,5.5,6.5,0.7406060606060605,c9a89b42,c9a89b42-2958-4a30-8324-6d704826116d/processed/c9a89b42-2958-4a30-8324-6d704826116d.mp3,male-male,2,2,2,2,2,2,2
MSC,c9fb99a6-6aef-41f5-81b4-bcc368ec55fc,6.5,5.4375,5.666666666666666,70.0,4.5,6.0,0.7107575757575757,c9fb99a6,c9fb99a6-6aef-41f5-81b4-bcc368ec55fc/processed/c9fb99a6-6aef-41f5-81b4-bcc368ec55fc.mp3,female-male,2,2,2,2,2,2,2
MSC,ca0bc57e-26f3-4800-b6f6-ae923dc8f39e,7.5,5.875,6.333333333333334,82.5,5.5,7.0,0.793030303030303,ca0bc57e,ca0bc57e-26f3-4800-b6f6-ae923dc8f39e/processed/ca0bc57e-26f3-4800-b6f6-ae923dc8f39e.mp3,male-male,2,2,2,2,2,2,2
MSC,ca0e9f0d-3631-407d-96d1-7324ebeb6716,8.5,4.8125,6.0,77.5,6.0,5.0,0.805,ca0e9f0d,ca0e9f0d-3631-407d-96d1-7324ebeb6716/processed/ca0e9f0d-3631-407d-96d1-7324ebeb6716.mp3,female-male,2,2,2,2,2,2,2
MSC,ca2928f3-9605-4a2c-93ad-b269bce86c58,6.5,4.875,5.666666666666666,71.5,5.0,6.0,0.6031060606060606,ca2928f3,ca2928f3-9605-4a2c-93ad-b269bce86c58/processed/ca2928f3-9605-4a2c-93ad-b269bce86c58.mp3,male-male,2,2,2,2,2,2,2
LSC,ca320919-ceef-481b-9777-bc2fa5319ccc,5.5,2.0625,3.0,19.0,3.5,2.5,0.4503787878787878,ca320919,ca320919-ceef-481b-9777-bc2fa5319ccc/processed/ca320919-ceef-481b-9777-bc2fa5319ccc.mp3,male-male,2,2,2,2,2,2,2
MSC,ca4f73f8-1202-4d0c-b238-795b63f22f6c,8.5,5.0,6.0,58.5,6.0,6.5,0.7952272727272727,ca4f73f8,ca4f73f8-1202-4d0c-b238-795b63f22f6c/processed/ca4f73f8-1202-4d0c-b238-795b63f22f6c.mp3,female-female,2,2,2,2,2,2,2
MSC,ca6ec03c-bce5-409a-b1f8-b315e144f413,8.0,4.3125,4.833333333333334,98.5,6.5,4.0,0.7856818181818181,ca6ec03c,ca6ec03c-bce5-409a-b1f8-b315e144f413/processed/ca6ec03c-bce5-409a-b1f8-b315e144f413.mp3,female-male,2,2,2,2,2,2,2
MSC,cabb80fc-56dd-4d9e-a422-a59ef6f40690,8.5,6.375,6.666666666666666,86.0,6.5,8.0,0.8691666666666666,cabb80fc,cabb80fc-56dd-4d9e-a422-a59ef6f40690/processed/cabb80fc-56dd-4d9e-a422-a59ef6f40690.mp3,female-male,2,2,2,2,2,2,2
MSC,caffe117-7ca9-473c-981a-9347375ad922,6.5,4.5625,5.833333333333334,74.5,5.5,5.0,0.7093181818181817,caffe117,caffe117-7ca9-473c-981a-9347375ad922/processed/caffe117-7ca9-473c-981a-9347375ad922.mp3,male-male,2,2,2,2,2,2,2
MSC,cb056010-c50e-4e80-b639-bb178a2b9330,7.5,5.375,5.666666666666666,85.0,6.0,7.0,0.7731060606060607,cb056010,cb056010-c50e-4e80-b639-bb178a2b9330/processed/cb056010-c50e-4e80-b639-bb178a2b9330.mp3,female-female,2,2,2,2,2,2,2
MSC,cb1661ce-8e17-4e3e-bb1d-a0c14450218b,7.5,4.4375,5.833333333333333,72.5,6.0,5.5,0.7478030303030303,cb1661ce,cb1661ce-8e17-4e3e-bb1d-a0c14450218b/processed/cb1661ce-8e17-4e3e-bb1d-a0c14450218b.mp3,female-female,2,2,2,2,2,2,2
MSC,cb18ac98-a58c-4599-8bc8-461dab667322,6.5,3.875,6.333333333333334,74.0,5.5,6.5,0.7009848484848484,cb18ac98,cb18ac98-a58c-4599-8bc8-461dab667322/processed/cb18ac98-a58c-4599-8bc8-461dab667322.mp3,female-male,2,2,2,2,2,2,2
HSC,cb5e4872-22af-49fb-a331-0cfe03ce8090,9.0,4.6875,6.666666666666666,93.5,7.0,6.0,0.9592424242424242,cb5e4872,cb5e4872-22af-49fb-a331-0cfe03ce8090/processed/cb5e4872-22af-49fb-a331-0cfe03ce8090.mp3,female-female,2,2,2,2,2,2,2
MSC,cb606019-e295-40eb-819e-a1707f3f215d,7.0,3.1875,5.333333333333334,80.0,5.5,4.5,0.6976515151515152,cb606019,cb606019-e295-40eb-819e-a1707f3f215d/processed/cb606019-e295-40eb-819e-a1707f3f215d.mp3,male-male,2,2,2,2,2,2,2
MSC,cb9ee0da-abb1-4985-9d85-6d19cf7cd287,5.5,4.1875,5.0,62.5,5.0,4.5,0.6151515151515151,cb9ee0da,cb9ee0da-abb1-4985-9d85-6d19cf7cd287/processed/cb9ee0da-abb1-4985-9d85-6d19cf7cd287.mp3,female-male,2,2,2,2,2,2,2
MSC,cba111be-11e6-40a8-b79b-6d6e66b93a7a,6.0,4.625,5.833333333333334,75.0,5.5,6.5,0.6556818181818183,cba111be,cba111be-11e6-40a8-b79b-6d6e66b93a7a/processed/cba111be-11e6-40a8-b79b-6d6e66b93a7a.mp3,female-male,2,2,2,2,2,2,2
MSC,cc395184-f776-4bff-9299-e289bfc513f5,8.5,3.75,5.666666666666666,80.0,7.0,5.0,0.8223484848484849,cc395184,cc395184-f776-4bff-9299-e289bfc513f5/processed/cc395184-f776-4bff-9299-e289bfc513f5.mp3,female-female,2,2,2,2,2,2,2
MSC,cc7a5173-9c79-4773-83dc-0d9177bcc524,9.0,5.0,5.666666666666667,80.5,7.0,5.0,0.8778030303030302,cc7a5173,cc7a5173-9c79-4773-83dc-0d9177bcc524/processed/cc7a5173-9c79-4773-83dc-0d9177bcc524.mp3,female-male,2,2,2,2,2,2,2
MSC,cc7ea669-d658-4508-8d31-87c646bc580e,8.0,4.8125,5.833333333333334,71.0,6.5,4.5,0.7515151515151515,cc7ea669,cc7ea669-d658-4508-8d31-87c646bc580e/processed/cc7ea669-d658-4508-8d31-87c646bc580e.mp3,female-female,2,2,2,2,2,2,2
MSC,ccbcbf80-c661-4996-9dd0-3109b1774f40,9.0,4.9375,6.5,86.5,7.0,6.0,0.8480303030303031,ccbcbf80,ccbcbf80-c661-4996-9dd0-3109b1774f40/processed/ccbcbf80-c661-4996-9dd0-3109b1774f40.mp3,female-female,2,2,2,2,2,2,2
MSC,ccc5cfd9-8fa4-48f4-a45f-ef6d1f545620,8.5,6.25,6.666666666666666,83.5,7.0,8.0,0.8491666666666666,ccc5cfd9,ccc5cfd9-8fa4-48f4-a45f-ef6d1f545620/processed/ccc5cfd9-8fa4-48f4-a45f-ef6d1f545620.mp3,female-male,2,2,2,2,2,2,2
MSC,ccd75111-31bc-4381-936c-b5a88009fc63,8.0,4.625,6.166666666666666,77.5,6.0,5.0,0.813030303030303,ccd75111,ccd75111-31bc-4381-936c-b5a88009fc63/processed/ccd75111-31bc-4381-936c-b5a88009fc63.mp3,female-male,2,2,2,2,2,2,2
MSC,cd047d60-0b00-4b46-8f15-892fa5471510,7.5,5.625,6.0,79.5,6.5,7.0,0.7591666666666668,cd047d60,cd047d60-0b00-4b46-8f15-892fa5471510/processed/cd047d60-0b00-4b46-8f15-892fa5471510.mp3,female-male,2,2,2,2,2,2,2
MSC,cd3ddd3b-2053-40e5-ae52-86db7b10153a,7.5,2.9375,5.333333333333334,76.5,6.0,4.5,0.7946969696969697,cd3ddd3b,cd3ddd3b-2053-40e5-ae52-86db7b10153a/processed/cd3ddd3b-2053-40e5-ae52-86db7b10153a.mp3,female-male,2,2,2,2,2,2,2
MSC,cd5102b0-a433-44c5-a8e1-0183c98ba1d4,8.0,5.1875,5.333333333333334,84.0,6.5,7.0,0.7789393939393939,cd5102b0,cd5102b0-a433-44c5-a8e1-0183c98ba1d4/processed/cd5102b0-a433-44c5-a8e1-0183c98ba1d4.mp3,female-male,2,2,2,2,2,2,2
MSC,cd5a187a-c5b7-4228-8dbe-b58010f5007d,6.0,4.0,4.833333333333334,48.0,4.5,5.0,0.7040151515151516,cd5a187a,cd5a187a-c5b7-4228-8dbe-b58010f5007d/processed/cd5a187a-c5b7-4228-8dbe-b58010f5007d.mp3,female-male,2,2,2,2,2,2,2
MSC,cd679e62-34dd-4b67-8042-2dec66c89551,5.5,3.6875,5.166666666666666,54.5,4.5,3.5,0.5656060606060606,cd679e62,cd679e62-34dd-4b67-8042-2dec66c89551/processed/cd679e62-34dd-4b67-8042-2dec66c89551.mp3,female-male,2,2,2,2,2,2,2
MSC,cdf464bc-8e3d-45a5-995c-647c564b6acc,8.0,4.375,6.166666666666666,90.0,7.0,7.5,0.8158333333333333,cdf464bc,cdf464bc-8e3d-45a5-995c-647c564b6acc/processed/cdf464bc-8e3d-45a5-995c-647c564b6acc.mp3,female-male,2,2,2,2,2,2,2
MSC,ce044258-3886-4f26-a670-d32aeeec6df9,7.0,4.6875,5.5,70.5,6.0,6.0,0.7300757575757576,ce044258,ce044258-3886-4f26-a670-d32aeeec6df9/processed/ce044258-3886-4f26-a670-d32aeeec6df9.mp3,female-female,2,2,2,2,2,2,2
MSC,ce2763c2-40e5-4951-90e9-fd5adfbebcea,7.0,3.6875,5.333333333333333,68.5,5.5,3.0,0.673939393939394,ce2763c2,ce2763c2-40e5-4951-90e9-fd5adfbebcea/processed/ce2763c2-40e5-4951-90e9-fd5adfbebcea.mp3,female-male,2,2,2,2,2,2,2
MSC,ce2e8759-15dc-4b8a-86bb-cf47fe62d37b,8.5,4.6875,6.333333333333334,86.5,7.0,5.5,0.8767424242424242,ce2e8759,ce2e8759-15dc-4b8a-86bb-cf47fe62d37b/processed/ce2e8759-15dc-4b8a-86bb-cf47fe62d37b.mp3,female-female,2,2,2,2,2,2,2
HSC,ce3f05bf-184f-4ca0-beb7-87635cc93f55,9.0,6.625,6.666666666666666,92.5,7.0,8.5,0.939469696969697,ce3f05bf,ce3f05bf-184f-4ca0-beb7-87635cc93f55/processed/ce3f05bf-184f-4ca0-beb7-87635cc93f55.mp3,male-male,2,2,2,2,2,2,2
MSC,ce6c73db-32fd-4cd9-8015-bf09cc3c47a6,7.0,5.4375,5.5,73.0,5.0,6.5,0.7023484848484849,ce6c73db,ce6c73db-32fd-4cd9-8015-bf09cc3c47a6/processed/ce6c73db-32fd-4cd9-8015-bf09cc3c47a6.mp3,female-male,2,2,2,2,2,2,2
MSC,ce7d0f15-a34c-4df8-9f19-9e6201a30d7b,6.5,3.5,5.5,75.0,5.0,4.0,0.6361363636363637,ce7d0f15,ce7d0f15-a34c-4df8-9f19-9e6201a30d7b/processed/ce7d0f15-a34c-4df8-9f19-9e6201a30d7b.mp3,female-male,2,2,2,2,2,2,2
MSC,ce933a04-7733-400d-87c4-05c3f220a3ba,8.5,4.9375,6.666666666666666,76.0,7.0,6.0,0.8831060606060607,ce933a04,ce933a04-7733-400d-87c4-05c3f220a3ba/processed/ce933a04-7733-400d-87c4-05c3f220a3ba.mp3,female-female,2,2,2,2,2,2,2
MSC,ceaafa07-24d8-4398-9b1a-b825938f23e0,6.0,2.75,5.0,51.0,6.0,7.0,0.6537878787878787,ceaafa07,ceaafa07-24d8-4398-9b1a-b825938f23e0/processed/ceaafa07-24d8-4398-9b1a-b825938f23e0.mp3,contains_MSC_or_unknown,1,1,1,1,1,1,1
MSC,cef39ed0-434d-469e-a8de-c45bded68685,7.0,4.4375,6.166666666666666,65.5,5.5,5.5,0.7012121212121213,cef39ed0,cef39ed0-434d-469e-a8de-c45bded68685/processed/cef39ed0-434d-469e-a8de-c45bded68685.mp3,female-female,2,2,2,2,2,2,2
MSC,cf0ecdfd-49e3-4dfc-bc7b-c055173945c3,6.5,4.1875,4.833333333333334,48.5,4.0,2.5,0.6238636363636364,cf0ecdfd,cf0ecdfd-49e3-4dfc-bc7b-c055173945c3/processed/cf0ecdfd-49e3-4dfc-bc7b-c055173945c3.mp3,female-male,2,2,2,2,2,2,2
LSC,cf23ba20-e65a-40cd-89a5-fb2fe3ae4e0d,3.5,1.6875,4.5,38.0,3.0,1.5,0.3600757575757575,cf23ba20,cf23ba20-e65a-40cd-89a5-fb2fe3ae4e0d/processed/cf23ba20-e65a-40cd-89a5-fb2fe3ae4e0d.mp3,female-female,2,2,2,2,2,2,2
MSC,cf9e134e-5240-4c95-b7da-7f9e0ad94a82,9.0,4.3125,6.166666666666666,87.5,7.0,6.5,0.8631818181818182,cf9e134e,cf9e134e-5240-4c95-b7da-7f9e0ad94a82/processed/cf9e134e-5240-4c95-b7da-7f9e0ad94a82.mp3,female-male,2,2,2,2,2,2,2
MSC,cfc29ca4-463c-491e-9a43-8642be52729a,8.0,4.3125,6.5,87.5,6.0,6.0,0.7446212121212121,cfc29ca4,cfc29ca4-463c-491e-9a43-8642be52729a/processed/cfc29ca4-463c-491e-9a43-8642be52729a.mp3,female-male,2,2,2,2,2,2,2
MSC,cfc7fa0f-d83b-4a6e-afc1-a7a5d5ac88bc,7.5,5.375,6.0,84.0,5.5,6.0,0.8118181818181818,cfc7fa0f,cfc7fa0f-d83b-4a6e-afc1-a7a5d5ac88bc/processed/cfc7fa0f-d83b-4a6e-afc1-a7a5d5ac88bc.mp3,female-male,2,2,2,2,2,2,2
MSC,cfe728db-9f7c-4932-91f2-a0d2b22ea7a7,8.0,5.625,6.5,84.0,6.0,6.5,0.7891666666666668,cfe728db,cfe728db-9f7c-4932-91f2-a0d2b22ea7a7/processed/cfe728db-9f7c-4932-91f2-a0d2b22ea7a7.mp3,male-male,2,2,2,2,2,2,2
MSC,d00fdeac-2b1d-4c56-9b0b-bf8ef660e5dc,7.5,4.0625,6.0,72.5,6.5,8.0,0.7896969696969697,d00fdeac,d00fdeac-2b1d-4c56-9b0b-bf8ef660e5dc/processed/d00fdeac-2b1d-4c56-9b0b-bf8ef660e5dc.mp3,female-male,2,2,2,2,2,2,2
MSC,d0148841-40f5-4441-93fa-f21548ad37bd,5.5,5.8125,5.666666666666666,55.5,4.0,5.5,0.5896969696969697,d0148841,d0148841-40f5-4441-93fa-f21548ad37bd/processed/d0148841-40f5-4441-93fa-f21548ad37bd.mp3,contains_MSC_or_unknown,2,2,2,2,2,2,2
MSC,d0236056-985d-41a1-ab24-1d294fc713bc,6.0,3.125,6.166666666666666,47.5,4.5,6.0,0.6303030303030304,d0236056,d0236056-985d-41a1-ab24-1d294fc713bc/processed/d0236056-985d-41a1-ab24-1d294fc713bc.mp3,female-male,2,2,2,2,2,2,2
MSC,d0396365-aea1-43a7-9795-b099461a2515,4.0,4.1875,5.166666666666666,37.5,3.5,3.5,0.49772727272727274,d0396365,d0396365-aea1-43a7-9795-b099461a2515/processed/d0396365-aea1-43a7-9795-b099461a2515.mp3,female-male,2,2,2,2,2,2,2
HSC,d04dc5b1-4a91-440b-906c-06568280d498,9.0,6.3125,6.5,87.5,7.0,7.5,0.9301515151515152,d04dc5b1,d04dc5b1-4a91-440b-906c-06568280d498/processed/d04dc5b1-4a91-440b-906c-06568280d498.mp3,female-male,2,2,2,2,2,2,2
MSC,d074c4c0-0c24-4ac0-af5f-4ccdb2ab8f5f,8.0,5.625,5.666666666666666,65.0,6.0,5.5,0.7346212121212121,d074c4c0,d074c4c0-0c24-4ac0-af5f-4ccdb2ab8f5f/processed/d074c4c0-0c24-4ac0-af5f-4ccdb2ab8f5f.mp3,female-male,2,2,2,2,2,2,2
MSC,d0f46901-26bf-4171-b37d-09a3606b8bc0,7.5,5.8125,5.333333333333334,62.5,6.0,7.0,0.6863636363636364,d0f46901,d0f46901-26bf-4171-b37d-09a3606b8bc0/processed/d0f46901-26bf-4171-b37d-09a3606b8bc0.mp3,female-female,2,2,2,2,2,2,2
MSC,d1075180-cd5a-45d0-91cb-cc4a122184dc,8.0,4.625,6.166666666666667,74.0,6.5,6.0,0.7882575757575756,d1075180,d1075180-cd5a-45d0-91cb-cc4a122184dc/processed/d1075180-cd5a-45d0-91cb-cc4a122184dc.mp3,female-female,2,2,2,2,2,2,2
MSC,d107bc22-398f-41d1-aaee-7cd84897759c,7.0,3.875,3.833333333333333,71.5,5.0,6.0,0.6829545454545456,d107bc22,d107bc22-398f-41d1-aaee-7cd84897759c/processed/d107bc22-398f-41d1-aaee-7cd84897759c.mp3,male-male,2,2,2,2,2,2,2
MSC,d17b1fe2-009e-4c93-81c0-2db63c3f0287,7.0,4.6875,6.166666666666666,80.0,5.0,6.5,0.7298484848484849,d17b1fe2,d17b1fe2-009e-4c93-81c0-2db63c3f0287/processed/d17b1fe2-009e-4c93-81c0-2db63c3f0287.mp3,female-male,2,2,2,2,2,2,2
MSC,d1bba1e2-f927-42e9-8b80-d7b88187794e,7.0,4.5625,4.666666666666667,64.0,5.5,6.0,0.697651515151515,d1bba1e2,d1bba1e2-f927-42e9-8b80-d7b88187794e/processed/d1bba1e2-f927-42e9-8b80-d7b88187794e.mp3,female-female,2,2,2,2,2,2,2
MSC,d1c4c34e-d50e-4ce2-b7bf-e29e5de4dfb6,8.0,4.0625,5.166666666666667,74.5,5.5,4.0,0.7062878787878788,d1c4c34e,d1c4c34e-d50e-4ce2-b7bf-e29e5de4dfb6/processed/d1c4c34e-d50e-4ce2-b7bf-e29e5de4dfb6.mp3,female-male,2,2,2,2,2,2,2
MSC,d1e1f457-6ffc-492a-ad29-593f437846af,7.0,2.375,5.166666666666667,61.0,6.0,2.5,0.6443181818181818,d1e1f457,d1e1f457-6ffc-492a-ad29-593f437846af/processed/d1e1f457-6ffc-492a-ad29-593f437846af.mp3,female-male,2,2,2,2,2,2,2
MSC,d20a0292-b249-4292-810b-09d04770e3b2,7.5,5.3125,5.666666666666667,94.5,7.0,7.0,0.8697727272727273,d20a0292,d20a0292-b249-4292-810b-09d04770e3b2/processed/d20a0292-b249-4292-810b-09d04770e3b2.mp3,female-male,2,2,2,2,2,2,2
MSC,d22f728d-d56e-48a0-b2bd-cf72172cdc8f,7.0,4.3125,6.0,63.0,6.0,4.5,0.7773484848484848,d22f728d,d22f728d-d56e-48a0-b2bd-cf72172cdc8f/processed/d22f728d-d56e-48a0-b2bd-cf72172cdc8f.mp3,male-male,2,2,2,2,2,2,2
MSC,d265c221-3bb2-4538-a39e-8f394c859020,8.0,5.8125,5.666666666666666,84.5,7.0,7.5,0.790530303030303,d265c221,d265c221-3bb2-4538-a39e-8f394c859020/processed/d265c221-3bb2-4538-a39e-8f394c859020.mp3,female-male,2,2,2,2,2,2,2
MSC,d27e3e27-bb5b-4893-965f-ff44d6904da1,7.5,4.875,5.833333333333334,69.0,6.0,5.0,0.7551515151515151,d27e3e27,d27e3e27-bb5b-4893-965f-ff44d6904da1/processed/d27e3e27-bb5b-4893-965f-ff44d6904da1.mp3,female-male,2,2,2,2,2,2,2
MSC,d2b1e4eb-2355-4ec2-b633-d15426fb6a4a,6.5,5.5625,4.5,50.0,5.5,7.0,0.6279545454545454,d2b1e4eb,d2b1e4eb-2355-4ec2-b633-d15426fb6a4a/processed/d2b1e4eb-2355-4ec2-b633-d15426fb6a4a.mp3,female-male,2,2,2,2,2,2,2
MSC,d2e4b399-133b-426f-a551-af6c6364a3ca,8.5,4.875,6.5,95.0,7.0,6.5,0.8650757575757575,d2e4b399,d2e4b399-133b-426f-a551-af6c6364a3ca/processed/d2e4b399-133b-426f-a551-af6c6364a3ca.mp3,female-female,2,2,2,2,2,2,2
MSC,d2f289b1-7243-40ad-a0a8-0696db65fc77,6.5,4.25,5.5,54.5,4.5,5.5,0.6089393939393939,d2f289b1,d2f289b1-7243-40ad-a0a8-0696db65fc77/processed/d2f289b1-7243-40ad-a0a8-0696db65fc77.mp3,female-male,2,2,2,2,2,2,2
MSC,d31fdecc-4b55-40c1-80f1-60546dc8057b,9.0,6.4375,6.166666666666666,91.0,7.0,6.5,0.8978787878787879,d31fdecc,d31fdecc-4b55-40c1-80f1-60546dc8057b/processed/d31fdecc-4b55-40c1-80f1-60546dc8057b.mp3,female-female,2,2,2,2,2,2,2
MSC,d36359b7-0195-4467-a60e-8a2cb219e077,7.0,4.5625,5.5,55.5,6.0,5.5,0.6996969696969697,d36359b7,d36359b7-0195-4467-a60e-8a2cb219e077/processed/d36359b7-0195-4467-a60e-8a2cb219e077.mp3,female-male,2,2,2,2,2,2,2
MSC,d37f95f5-973e-4f04-b270-9a5663af6f3b,7.5,5.4375,6.0,81.5,5.5,7.0,0.7884090909090908,d37f95f5,d37f95f5-973e-4f04-b270-9a5663af6f3b/processed/d37f95f5-973e-4f04-b270-9a5663af6f3b.mp3,female-male,2,2,2,2,2,2,2
MSC,d3b4cd4a-45a9-46f7-95b2-dbd513ffa651,8.5,5.6875,6.333333333333334,91.0,7.0,7.5,0.8806060606060606,d3b4cd4a,d3b4cd4a-45a9-46f7-95b2-dbd513ffa651/processed/d3b4cd4a-45a9-46f7-95b2-dbd513ffa651.mp3,contains_MSC_or_unknown,2,2,2,2,2,2,2
MSC,d3dd8fbc-3d4f-4e66-8364-47c50043be1c,7.5,4.3125,5.333333333333334,85.0,6.0,4.0,0.7772727272727272,d3dd8fbc,d3dd8fbc-3d4f-4e66-8364-47c50043be1c/processed/d3dd8fbc-3d4f-4e66-8364-47c50043be1c.mp3,female-male,2,2,2,2,2,2,2
MSC,d43ee42d-1801-4e67-895b-5ed25e3a271a,8.0,3.75,5.5,58.5,6.0,6.0,0.6797727272727273,d43ee42d,d43ee42d-1801-4e67-895b-5ed25e3a271a/processed/d43ee42d-1801-4e67-895b-5ed25e3a271a.mp3,male-male,2,2,2,2,2,2,2
LSC,d4524fa6-76bf-49fd-af90-16da6d81b37c,3.0,3.3125,3.6666666666666665,39.0,4.5,1.5,0.4131818181818181,d4524fa6,d4524fa6-76bf-49fd-af90-16da6d81b37c/processed/d4524fa6-76bf-49fd-af90-16da6d81b37c.mp3,female-male,2,2,2,2,2,2,2
MSC,d46d0af9-6f15-4281-8df4-549aef724892,6.5,4.125,6.0,59.0,5.0,3.0,0.5943939393939395,d46d0af9,d46d0af9-6f15-4281-8df4-549aef724892/processed/d46d0af9-6f15-4281-8df4-549aef724892.mp3,female-male,2,2,2,2,2,2,2
MSC,d4ccee91-3bde-4413-a4c4-2b1788dfe23e,8.5,4.5,6.5,95.0,7.0,6.5,0.8484848484848484,d4ccee91,d4ccee91-3bde-4413-a4c4-2b1788dfe23e/processed/d4ccee91-3bde-4413-a4c4-2b1788dfe23e.mp3,female-male,2,2,2,2,2,2,2
MSC,d50eceff-02d7-4c79-88bd-133b9972b0f6,8.5,4.625,6.0,80.5,7.0,7.0,0.7896969696969697,d50eceff,d50eceff-02d7-4c79-88bd-133b9972b0f6/processed/d50eceff-02d7-4c79-88bd-133b9972b0f6.mp3,female-female,2,2,2,2,2,2,2
MSC,d5335b5e-df15-4928-ae10-515a1ea96aae,8.5,5.125,6.5,85.0,7.0,8.5,0.8825757575757576,d5335b5e,d5335b5e-df15-4928-ae10-515a1ea96aae/processed/d5335b5e-df15-4928-ae10-515a1ea96aae.mp3,female-female,2,2,2,2,2,2,2
MSC,d565e7d1-2faa-49e9-bee6-a1b44d9e4712,7.5,4.625,5.5,70.5,6.0,6.5,0.741439393939394,d565e7d1,d565e7d1-2faa-49e9-bee6-a1b44d9e4712/processed/d565e7d1-2faa-49e9-bee6-a1b44d9e4712.mp3,female-male,2,2,2,2,2,2,2
MSC,d5c3f6cb-66d5-4aa1-af27-5df5d6e2c8fa,6.0,4.625,5.333333333333333,35.0,5.0,7.5,0.5276515151515152,d5c3f6cb,d5c3f6cb-66d5-4aa1-af27-5df5d6e2c8fa/processed/d5c3f6cb-66d5-4aa1-af27-5df5d6e2c8fa.mp3,female-female,2,2,2,2,2,2,2
MSC,d5d67a5a-4b95-479f-a4a8-cb86ae7aea54,5.5,2.5,4.666666666666667,47.5,5.0,1.0,0.6143939393939393,d5d67a5a,d5d67a5a-4b95-479f-a4a8-cb86ae7aea54/processed/d5d67a5a-4b95-479f-a4a8-cb86ae7aea54.mp3,female-male,2,2,2,2,2,2,2
HSC,d5e05d2b-ef25-4013-a24d-ab22a1e6b323,9.0,6.6875,7.0,96.0,7.0,9.0,0.9659090909090908,d5e05d2b,d5e05d2b-ef25-4013-a24d-ab22a1e6b323/processed/d5e05d2b-ef25-4013-a24d-ab22a1e6b323.mp3,female-male,2,2,2,2,2,2,2
MSC,d6470dcf-1876-4c83-ad99-a9594128366d,5.5,3.25,5.333333333333334,52.5,5.0,3.5,0.6012878787878787,d6470dcf,d6470dcf-1876-4c83-ad99-a9594128366d/processed/d6470dcf-1876-4c83-ad99-a9594128366d.mp3,female-male,2,2,2,2,2,2,2
MSC,d653d9fa-abbe-45f9-a6d3-e7200510cac8,9.0,5.25,5.5,88.5,7.0,7.0,0.9011363636363636,d653d9fa,d653d9fa-abbe-45f9-a6d3-e7200510cac8/processed/d653d9fa-abbe-45f9-a6d3-e7200510cac8.mp3,male-male,2,2,2,2,2,2,2
MSC,d67ba150-0fbb-4b88-8c7e-5beb4aa1564b,8.5,5.375,5.666666666666666,74.0,7.0,5.0,0.8052272727272727,d67ba150,d67ba150-0fbb-4b88-8c7e-5beb4aa1564b/processed/d67ba150-0fbb-4b88-8c7e-5beb4aa1564b.mp3,female-male,2,2,2,2,2,2,2
MSC,d70e5a84-c195-4832-8862-07f85cda138a,7.5,4.8125,5.166666666666666,65.0,5.5,4.5,0.7522727272727272,d70e5a84,d70e5a84-c195-4832-8862-07f85cda138a/processed/d70e5a84-c195-4832-8862-07f85cda138a.mp3,female-male,2,2,2,2,2,2,2
HSC,d713d070-fe2c-4327-8952-e78f45d251a8,9.0,4.875,6.0,95.0,7.0,3.0,0.9348484848484848,d713d070,d713d070-fe2c-4327-8952-e78f45d251a8/processed/d713d070-fe2c-4327-8952-e78f45d251a8.mp3,contains_other_or_unknown,1,1,1,1,1,1,1
MSC,d725ab7b-df57-48fe-af34-b5fec56c7535,7.5,4.25,4.333333333333333,85.0,6.0,6.5,0.7162878787878788,d725ab7b,d725ab7b-df57-48fe-af34-b5fec56c7535/processed/d725ab7b-df57-48fe-af34-b5fec56c7535.mp3,female-male,2,2,2,2,2,2,2
MSC,d74b69d3-263d-48c8-8ca2-712a6622cba4,7.5,5.375,5.833333333333333,68.0,5.5,6.5,0.7243181818181819,d74b69d3,d74b69d3-263d-48c8-8ca2-712a6622cba4/processed/d74b69d3-263d-48c8-8ca2-712a6622cba4.mp3,female-male,2,2,2,2,2,2,2
MSC,d7550f6d-b4cb-4174-bf34-2bad900a2573,9.0,5.25,6.333333333333334,79.0,7.0,6.5,0.896439393939394,d7550f6d,d7550f6d-b4cb-4174-bf34-2bad900a2573/processed/d7550f6d-b4cb-4174-bf34-2bad900a2573.mp3,female-female,2,2,2,2,2,2,2
MSC,d75d6a91-d2af-46a5-9662-3fd1c25098f2,8.0,5.0625,6.0,97.5,7.0,8.0,0.870530303030303,d75d6a91,d75d6a91-d2af-46a5-9662-3fd1c25098f2/processed/d75d6a91-d2af-46a5-9662-3fd1c25098f2.mp3,female-male,2,2,2,2,2,2,2
MSC,d777011c-80d2-4345-8977-e472d8ef479a,8.0,4.375,5.833333333333333,70.0,6.5,6.5,0.771969696969697,d777011c,d777011c-80d2-4345-8977-e472d8ef479a/processed/d777011c-80d2-4345-8977-e472d8ef479a.mp3,female-male,2,2,2,2,2,2,2
MSC,d7a96d59-d94f-4e56-b7c4-6e056c561f58,8.0,4.6875,5.833333333333333,79.0,6.5,6.0,0.7796969696969697,d7a96d59,d7a96d59-d94f-4e56-b7c4-6e056c561f58/processed/d7a96d59-d94f-4e56-b7c4-6e056c561f58.mp3,female-female,2,2,2,2,2,2,2
HSC,d7b17f1c-b02a-4971-ac95-8dcb2b675e02,9.0,5.5,6.5,91.0,7.0,9.0,0.9463636363636363,d7b17f1c,d7b17f1c-b02a-4971-ac95-8dcb2b675e02/processed/d7b17f1c-b02a-4971-ac95-8dcb2b675e02.mp3,female-female,2,2,2,2,2,2,2
MSC,d7b9428a-0267-4ab1-88a5-23e116f8e912,7.0,4.375,5.5,68.5,6.0,6.5,0.7384848484848485,d7b9428a,d7b9428a-0267-4ab1-88a5-23e116f8e912/processed/d7b9428a-0267-4ab1-88a5-23e116f8e912.mp3,female-female,2,2,2,2,2,2,2
MSC,d7f76bb3-29d2-4d4e-a766-350f420b9c7d,7.5,6.0,6.0,80.0,6.0,8.0,0.760909090909091,d7f76bb3,d7f76bb3-29d2-4d4e-a766-350f420b9c7d/processed/d7f76bb3-29d2-4d4e-a766-350f420b9c7d.mp3,female-male,2,2,2,2,2,2,2
MSC,d833250c-4b61-40fd-8e8e-039ec127a017,8.5,4.9375,5.666666666666666,84.0,7.0,5.0,0.8459848484848485,d833250c,d833250c-4b61-40fd-8e8e-039ec127a017/processed/d833250c-4b61-40fd-8e8e-039ec127a017.mp3,female-female,2,2,2,2,2,2,2
MSC,d838bf8f-c9c3-4524-b126-68d4da70eb1b,9.0,5.5625,6.5,75.5,7.0,7.5,0.865378787878788,d838bf8f,d838bf8f-c9c3-4524-b126-68d4da70eb1b/processed/d838bf8f-c9c3-4524-b126-68d4da70eb1b.mp3,female-male,2,2,2,2,2,2,2
MSC,d8420a38-8b46-44f7-8182-a2a65d16342f,8.0,5.0,6.5,65.0,6.0,4.0,0.8303030303030303,d8420a38,d8420a38-8b46-44f7-8182-a2a65d16342f/processed/d8420a38-8b46-44f7-8182-a2a65d16342f.mp3,male-male,2,2,2,2,2,2,2
MSC,d86d16d8-026a-400f-9fc5-b98c56f848a6,7.0,5.5,6.5,76.5,6.5,5.5,0.7311363636363636,d86d16d8,d86d16d8-026a-400f-9fc5-b98c56f848a6/processed/d86d16d8-026a-400f-9fc5-b98c56f848a6.mp3,female-female,2,2,2,2,2,2,2
MSC,d889eef5-9ab7-4e27-be0a-aa3fb222c8a4,8.5,4.375,5.5,85.5,6.5,5.0,0.8409090909090909,d889eef5,d889eef5-9ab7-4e27-be0a-aa3fb222c8a4/processed/d889eef5-9ab7-4e27-be0a-aa3fb222c8a4.mp3,female-male,2,2,2,2,2,2,2
MSC,d88b22af-06ef-4146-b379-805c98344d66,5.5,3.4375,5.333333333333333,57.5,5.0,4.0,0.5287878787878788,d88b22af,d88b22af-06ef-4146-b379-805c98344d66/processed/d88b22af-06ef-4146-b379-805c98344d66.mp3,male-male,2,2,2,2,2,2,2
MSC,d8c75271-827d-414b-b574-bf5dd113dea7,7.5,5.25,5.666666666666666,79.5,6.5,7.0,0.7841666666666667,d8c75271,d8c75271-827d-414b-b574-bf5dd113dea7/processed/d8c75271-827d-414b-b574-bf5dd113dea7.mp3,female-male,2,2,2,2,2,2,2
MSC,d90ac905-0712-4970-8c44-ad3dc31a6556,7.0,3.5,5.833333333333334,65.0,5.5,4.0,0.6861363636363635,d90ac905,d90ac905-0712-4970-8c44-ad3dc31a6556/processed/d90ac905-0712-4970-8c44-ad3dc31a6556.mp3,female-male,2,2,2,2,2,2,2
UNSCORED,d9266679-7d71-43d0-ab1a-3293b589569e,,,,,,,,d9266679,d9266679-7d71-43d0-ab1a-3293b589569e/processed/d9266679-7d71-43d0-ab1a-3293b589569e.mp3,contains_MSC_or_unknown,0,0,0,0,0,0,0
MSC,d92f6f54-ebb5-42ec-826e-a0916c2a8812,7.0,4.0625,5.0,66.0,6.0,6.0,0.7125757575757576,d92f6f54,d92f6f54-ebb5-42ec-826e-a0916c2a8812/processed/d92f6f54-ebb5-42ec-826e-a0916c2a8812.mp3,female-female,2,2,2,2,2,2,2
MSC,d95bc9f7-9831-4039-9b7b-59f9d4b4ddcb,6.5,4.0625,5.166666666666667,65.5,5.0,4.0,0.7281818181818183,d95bc9f7,d95bc9f7-9831-4039-9b7b-59f9d4b4ddcb/processed/d95bc9f7-9831-4039-9b7b-59f9d4b4ddcb.mp3,female-male,2,2,2,2,2,2,2
MSC,d95fdfd5-0e62-4f15-ae81-761f42b60a30,7.5,5.5625,6.0,85.5,6.5,7.0,0.7471969696969697,d95fdfd5,d95fdfd5-0e62-4f15-ae81-761f42b60a30/processed/d95fdfd5-0e62-4f15-ae81-761f42b60a30.mp3,male-male,2,2,2,2,2,2,2
MSC,d99220fb-d8dd-4b15-b5e0-657792a8e5d7,8.5,5.5625,6.666666666666666,95.0,7.0,8.5,0.8727272727272728,d99220fb,d99220fb-d8dd-4b15-b5e0-657792a8e5d7/processed/d99220fb-d8dd-4b15-b5e0-657792a8e5d7.mp3,female-male,2,2,2,2,2,2,2
MSC,d9e1f5a5-e4eb-43df-910b-d9ae2befb039,7.0,3.875,5.0,35.5,5.5,4.5,0.6181818181818182,d9e1f5a5,d9e1f5a5-e4eb-43df-910b-d9ae2befb039/processed/d9e1f5a5-e4eb-43df-910b-d9ae2befb039.mp3,female-male,2,2,2,2,2,2,2
MSC,d9e8d519-9917-4fa8-b79d-ead1153765ae,6.0,4.25,5.5,60.5,5.0,6.5,0.6436363636363637,d9e8d519,d9e8d519-9917-4fa8-b79d-ead1153765ae/processed/d9e8d519-9917-4fa8-b79d-ead1153765ae.mp3,female-male,2,2,2,2,2,2,2
MSC,d9f18045-50ab-4584-9094-49bbedff4b72,7.0,4.375,6.5,81.0,5.5,7.0,0.7349999999999999,d9f18045,d9f18045-50ab-4584-9094-49bbedff4b72/processed/d9f18045-50ab-4584-9094-49bbedff4b72.mp3,female-female,2,2,2,2,2,2,2
MSC,da272ccd-9b89-4ae4-81d4-38ed452f36d1,9.0,4.875,7.0,90.0,7.0,7.0,0.8893939393939395,da272ccd,da272ccd-9b89-4ae4-81d4-38ed452f36d1/processed/da272ccd-9b89-4ae4-81d4-38ed452f36d1.mp3,contains_MSC_or_unknown,1,1,1,1,1,1,1
MSC,db7337ea-fda0-4fa5-bb7c-bb12297a6f9a,7.0,4.6875,6.0,72.0,6.0,6.5,0.7094696969696969,db7337ea,db7337ea-fda0-4fa5-bb7c-bb12297a6f9a/processed/db7337ea-fda0-4fa5-bb7c-bb12297a6f9a.mp3,female-male,2,2,2,2,2,2,2
MSC,db73acf1-9a4d-405e-8b7d-fa44529f1e81,9.0,5.125,5.666666666666666,93.5,7.0,6.0,0.8327272727272728,db73acf1,db73acf1-9a4d-405e-8b7d-fa44529f1e81/processed/db73acf1-9a4d-405e-8b7d-fa44529f1e81.mp3,female-male,2,2,2,2,2,2,2
MSC,db73d8c2-7d24-47cf-99c0-d1e88479a730,7.0,5.5,6.166666666666666,71.5,5.5,6.5,0.7537878787878787,db73d8c2,db73d8c2-7d24-47cf-99c0-d1e88479a730/processed/db73d8c2-7d24-47cf-99c0-d1e88479a730.mp3,female-male,2,2,2,2,2,2,2
MSC,db76e82f-51ec-444c-a0c8-e283d5afd416,7.5,5.0625,6.333333333333334,70.0,6.5,6.5,0.8008333333333334,db76e82f,db76e82f-51ec-444c-a0c8-e283d5afd416/processed/db76e82f-51ec-444c-a0c8-e283d5afd416.mp3,male-male,2,2,2,2,2,2,2
HSC,dbab57c7-0154-4191-be76-5d7f60a0618e,9.0,5.875,6.5,97.5,7.0,9.0,0.9670454545454545,dbab57c7,dbab57c7-0154-4191-be76-5d7f60a0618e/processed/dbab57c7-0154-4191-be76-5d7f60a0618e.mp3,female-male,2,2,2,2,2,2,2
MSC,dbb31557-4fe6-4ecf-be92-1d3ebd22e86d,8.0,5.375,6.5,86.5,7.0,8.0,0.8766666666666667,dbb31557,dbb31557-4fe6-4ecf-be92-1d3ebd22e86d/processed/dbb31557-4fe6-4ecf-be92-1d3ebd22e86d.mp3,female-male,2,2,2,2,2,2,2
MSC,dbbf2d8f-eaba-478c-bf32-330620a4b4ee,8.5,5.75,6.5,87.5,6.0,7.5,0.8477272727272727,dbbf2d8f,dbbf2d8f-eaba-478c-bf32-330620a4b4ee/processed/dbbf2d8f-eaba-478c-bf32-330620a4b4ee.mp3,female-male,2,2,2,2,2,2,2
MSC,dbe27cbe-5693-4994-b281-d481a5a4e1f0,7.0,4.5625,6.5,79.0,6.5,4.0,0.8294696969696969,dbe27cbe,dbe27cbe-5693-4994-b281-d481a5a4e1f0/processed/dbe27cbe-5693-4994-b281-d481a5a4e1f0.mp3,female-female,2,2,2,2,2,2,2
MSC,dc112a21-bae1-490a-ae29-0c0066b2ec5a,9.0,4.75,6.166666666666666,82.0,7.0,6.0,0.8974242424242425,dc112a21,dc112a21-bae1-490a-ae29-0c0066b2ec5a/processed/dc112a21-bae1-490a-ae29-0c0066b2ec5a.mp3,female-female,2,2,2,2,2,2,2
MSC,dc3d0ae4-8d20-4d1d-8e0c-82c85a79b26e,6.5,3.25,5.166666666666666,60.0,5.0,5.5,0.594469696969697,dc3d0ae4,dc3d0ae4-8d20-4d1d-8e0c-82c85a79b26e/processed/dc3d0ae4-8d20-4d1d-8e0c-82c85a79b26e.mp3,female-female,2,2,2,2,2,2,2
HSC,dc4d280b-baf7-4173-aa45-e80b18fc495c,9.0,6.0625,6.166666666666666,75.0,7.0,7.5,0.9304545454545454,dc4d280b,dc4d280b-baf7-4173-aa45-e80b18fc495c/processed/dc4d280b-baf7-4173-aa45-e80b18fc495c.mp3,female-male,2,2,2,2,2,2,2
MSC,dc614ef9-81f0-44c0-88a4-b40398bd507a,7.5,4.4375,5.833333333333333,70.0,6.5,6.5,0.768560606060606,dc614ef9,dc614ef9-81f0-44c0-88a4-b40398bd507a/processed/dc614ef9-81f0-44c0-88a4-b40398bd507a.mp3,female-male,2,2,2,2,2,2,2
MSC,dc7283c5-28bf-4aaa-950b-de4ba9e1d18a,8.0,5.3125,6.166666666666666,76.0,6.5,5.0,0.8562121212121212,dc7283c5,dc7283c5-28bf-4aaa-950b-de4ba9e1d18a/processed/dc7283c5-28bf-4aaa-950b-de4ba9e1d18a.mp3,female-male,2,2,2,2,2,2,2
MSC,dc8a196d-d8e4-497d-99c9-b3db414b91b2,8.0,5.625,6.5,76.0,6.0,4.5,0.8217424242424243,dc8a196d,dc8a196d-d8e4-497d-99c9-b3db414b91b2/processed/dc8a196d-d8e4-497d-99c9-b3db414b91b2.mp3,female-male,2,2,2,2,2,2,2
MSC,dc97a67e-9167-41c4-b7d2-79d6547b0e72,7.0,4.75,6.166666666666666,80.0,6.0,5.0,0.7092424242424242,dc97a67e,dc97a67e-9167-41c4-b7d2-79d6547b0e72/processed/dc97a67e-9167-41c4-b7d2-79d6547b0e72.mp3,female-male,2,2,2,2,2,2,2
MSC,dcb30b14-8110-4106-81e2-d64b96e205e7,7.5,3.625,6.0,70.5,5.5,4.0,0.6743939393939393,dcb30b14,dcb30b14-8110-4106-81e2-d64b96e205e7/processed/dcb30b14-8110-4106-81e2-d64b96e205e7.mp3,female-male,2,2,2,2,2,2,2
MSC,dcb35eb4-2545-4f64-a3da-16dfcf2f979c,8.5,5.1875,5.833333333333333,85.0,7.0,8.0,0.8196969696969697,dcb35eb4,dcb35eb4-2545-4f64-a3da-16dfcf2f979c/processed/dcb35eb4-2545-4f64-a3da-16dfcf2f979c.mp3,contains_MSC_or_unknown,2,2,2,2,2,2,2
MSC,dcf1796f-bec3-4ed8-a124-155042e8e214,7.5,4.125,5.666666666666666,60.5,5.5,5.0,0.7811363636363636,dcf1796f,dcf1796f-bec3-4ed8-a124-155042e8e214/processed/dcf1796f-bec3-4ed8-a124-155042e8e214.mp3,female-female,2,2,2,2,2,2,2
MSC,dd9b5c4a-19cb-4af3-b0e8-f1ce12c5b8fe,7.5,6.1875,5.5,73.5,6.0,8.0,0.7758333333333334,dd9b5c4a,dd9b5c4a-19cb-4af3-b0e8-f1ce12c5b8fe/processed/dd9b5c4a-19cb-4af3-b0e8-f1ce12c5b8fe.mp3,female-male,2,2,2,2,2,2,2
HSC,ddbd8c9d-1dc5-45ae-b8e4-7a5d1e266748,9.0,5.25,7.0,99.5,7.0,8.5,0.9217424242424244,ddbd8c9d,ddbd8c9d-1dc5-45ae-b8e4-7a5d1e266748/processed/ddbd8c9d-1dc5-45ae-b8e4-7a5d1e266748.mp3,female-male,2,2,2,2,2,2,2
MSC,ddcc41a1-c429-4c98-b281-4b89f27bca88,6.0,4.125,5.5,47.5,5.5,4.5,0.608030303030303,ddcc41a1,ddcc41a1-c429-4c98-b281-4b89f27bca88/processed/ddcc41a1-c429-4c98-b281-4b89f27bca88.mp3,female-male,2,2,2,2,2,2,2
MSC,ddfa817a-e6cd-49e4-8861-f079c3ab26ac,8.0,5.9375,6.5,91.0,6.5,5.0,0.8425757575757575,ddfa817a,ddfa817a-e6cd-49e4-8861-f079c3ab26ac/processed/ddfa817a-e6cd-49e4-8861-f079c3ab26ac.mp3,female-male,2,2,2,2,2,2,2
MSC,de1cb6f3-2285-4cd6-bb5c-81923d0c7f6b,8.0,5.8125,6.0,82.5,6.5,7.5,0.8477272727272727,de1cb6f3,de1cb6f3-2285-4cd6-bb5c-81923d0c7f6b/processed/de1cb6f3-2285-4cd6-bb5c-81923d0c7f6b.mp3,female-male,2,2,2,2,2,2,2
MSC,de2c068a-4371-461b-8db2-c13a5e9acae7,8.0,5.25,6.166666666666666,82.5,6.5,6.0,0.7654545454545454,de2c068a,de2c068a-4371-461b-8db2-c13a5e9acae7/processed/de2c068a-4371-461b-8db2-c13a5e9acae7.mp3,female-male,2,2,2,2,2,2,2
MSC,de3f6964-96f8-42ac-b840-b458f741a17c,7.0,5.0625,5.666666666666666,58.0,5.5,8.0,0.7222727272727272,de3f6964,de3f6964-96f8-42ac-b840-b458f741a17c/processed/de3f6964-96f8-42ac-b840-b458f741a17c.mp3,female-male,2,2,2,2,2,2,2
MSC,de49a5cd-4391-4bbb-a17b-b7ae4f3f1c54,5.0,2.5,5.0,42.5,4.5,3.0,0.5281818181818181,de49a5cd,de49a5cd-4391-4bbb-a17b-b7ae4f3f1c54/processed/de49a5cd-4391-4bbb-a17b-b7ae4f3f1c54.mp3,female-male,2,2,2,2,2,2,2
MSC,de6a2b96-3e92-42b5-b797-508e5e1f59d0,7.0,3.3125,5.333333333333334,59.0,5.5,5.5,0.6298484848484849,de6a2b96,de6a2b96-3e92-42b5-b797-508e5e1f59d0/processed/de6a2b96-3e92-42b5-b797-508e5e1f59d0.mp3,female-male,2,2,2,2,2,2,2
MSC,de94539b-74a2-4bf5-bb61-f08c723d460e,9.0,4.3125,5.833333333333334,81.5,7.0,5.5,0.9007575757575756,de94539b,de94539b-74a2-4bf5-bb61-f08c723d460e/processed/de94539b-74a2-4bf5-bb61-f08c723d460e.mp3,female-female,2,2,2,2,2,2,2
MSC,dea8799a-4d4c-432a-8694-0a92029d90b9,6.5,4.5625,6.0,55.0,5.5,5.0,0.727651515151515,dea8799a,dea8799a-4d4c-432a-8694-0a92029d90b9/processed/dea8799a-4d4c-432a-8694-0a92029d90b9.mp3,female-female,2,2,2,2,2,2,2
MSC,deb20645-0818-4d86-ae9b-267463c14a9b,7.5,4.0625,5.166666666666666,74.5,6.5,6.0,0.7343939393939394,deb20645,deb20645-0818-4d86-ae9b-267463c14a9b/processed/deb20645-0818-4d86-ae9b-267463c14a9b.mp3,female-male,2,2,2,2,2,2,2
HSC,debcfb81-d883-4fb5-8c4c-cc98468c96db,9.0,5.375,6.666666666666667,92.0,7.0,8.0,0.9627272727272728,debcfb81,debcfb81-d883-4fb5-8c4c-cc98468c96db/processed/debcfb81-d883-4fb5-8c4c-cc98468c96db.mp3,contains_other_or_unknown,1,1,1,1,1,1,1
MSC,dec08b86-5c61-42f2-8523-69e9908305e4,7.5,5.5625,6.0,83.0,6.5,7.0,0.753560606060606,dec08b86,dec08b86-5c61-42f2-8523-69e9908305e4/processed/dec08b86-5c61-42f2-8523-69e9908305e4.mp3,female-male,2,2,2,2,2,2,2
LSC,dee6cc80-0663-4306-9d62-6d06e4c1ed92,5.0,2.0,3.166666666666667,28.0,4.0,3.0,0.4403030303030303,dee6cc80,dee6cc80-0663-4306-9d62-6d06e4c1ed92/processed/dee6cc80-0663-4306-9d62-6d06e4c1ed92.mp3,female-male,2,2,2,2,2,2,2
MSC,deea9e23-92e1-4d88-b230-dd94ba04b8f0,7.5,4.8125,6.333333333333334,75.0,6.0,6.0,0.740378787878788,deea9e23,deea9e23-92e1-4d88-b230-dd94ba04b8f0/processed/deea9e23-92e1-4d88-b230-dd94ba04b8f0.mp3,female-female,2,2,2,2,2,2,2
MSC,def3abdb-eb20-473a-8d39-592b99d4bda6,8.5,6.3125,6.333333333333333,86.5,7.0,7.5,0.8687121212121213,def3abdb,def3abdb-eb20-473a-8d39-592b99d4bda6/processed/def3abdb-eb20-473a-8d39-592b99d4bda6.mp3,female-female,2,2,2,2,2,2,2
HSC,df32d26a-b6eb-4975-aaf5-8907e1036367,9.0,4.8125,6.0,87.5,7.0,6.5,0.946969696969697,df32d26a,df32d26a-b6eb-4975-aaf5-8907e1036367/processed/df32d26a-b6eb-4975-aaf5-8907e1036367.mp3,female-female,2,2,2,2,2,2,2
MSC,df55d2f6-91f0-480e-89a3-36b2a64b626e,8.5,4.75,6.5,96.0,7.0,7.0,0.8918181818181818,df55d2f6,df55d2f6-91f0-480e-89a3-36b2a64b626e/processed/df55d2f6-91f0-480e-89a3-36b2a64b626e.mp3,female-female,2,2,2,2,2,2,2
MSC,dfe237de-d73e-479d-92a1-6c0e40c9b731,7.0,3.9375,6.0,70.0,5.5,5.5,0.7193181818181819,dfe237de,dfe237de-d73e-479d-92a1-6c0e40c9b731/processed/dfe237de-d73e-479d-92a1-6c0e40c9b731.mp3,contains_MSC_or_unknown,2,2,2,2,2,2,2
MSC,e009102e-4f2e-41cc-b9b5-c39dd3f19c09,6.5,4.375,5.333333333333334,84.5,5.5,5.0,0.7387878787878788,e009102e,e009102e-4f2e-41cc-b9b5-c39dd3f19c09/processed/e009102e-4f2e-41cc-b9b5-c39dd3f19c09.mp3,female-male,2,2,2,2,2,2,2
MSC,e03065c4-63bc-4965-aa74-4151c84ff89e,7.5,4.9375,5.833333333333334,90.0,6.0,6.0,0.7644696969696969,e03065c4,e03065c4-63bc-4965-aa74-4151c84ff89e/processed/e03065c4-63bc-4965-aa74-4151c84ff89e.mp3,female-male,2,2,2,2,2,2,2
MSC,e05d18de-3789-4acf-bb5b-68453bc2bb5c,7.5,4.375,6.0,81.5,6.0,6.0,0.7900757575757575,e05d18de,e05d18de-3789-4acf-bb5b-68453bc2bb5c/processed/e05d18de-3789-4acf-bb5b-68453bc2bb5c.mp3,female-female,2,2,2,2,2,2,2
MSC,e09163c8-f620-43d0-b93e-dd3da3d5127f,8.5,6.375,6.333333333333334,78.0,6.5,5.5,0.8383333333333333,e09163c8,e09163c8-f620-43d0-b93e-dd3da3d5127f/processed/e09163c8-f620-43d0-b93e-dd3da3d5127f.mp3,male-male,2,2,2,2,2,2,2
MSC,e09c3331-734e-4205-ab98-5f71cf3fce3e,7.5,5.625,6.5,82.5,6.0,7.0,0.7950757575757577,e09c3331,e09c3331-734e-4205-ab98-5f71cf3fce3e/processed/e09c3331-734e-4205-ab98-5f71cf3fce3e.mp3,male-male,2,2,2,2,2,2,2
MSC,e0aedb36-11c5-4fb7-a366-cc077f9cc7e4,8.5,5.375,6.333333333333334,74.0,7.0,6.0,0.8060606060606061,e0aedb36,e0aedb36-11c5-4fb7-a366-cc077f9cc7e4/processed/e0aedb36-11c5-4fb7-a366-cc077f9cc7e4.mp3,female-female,2,2,2,2,2,2,2
MSC,e0de7827-7011-4f5a-be33-24e1827b4d2b,8.0,4.5,5.5,80.0,6.5,6.0,0.8363636363636364,e0de7827,e0de7827-7011-4f5a-be33-24e1827b4d2b/processed/e0de7827-7011-4f5a-be33-24e1827b4d2b.mp3,female-female,2,2,2,2,2,2,2
MSC,e0f6919b-8da9-48e2-85a9-3470a8da03a9,6.5,2.75,5.333333333333333,68.5,5.5,4.0,0.6951515151515153,e0f6919b,e0f6919b-8da9-48e2-85a9-3470a8da03a9/processed/e0f6919b-8da9-48e2-85a9-3470a8da03a9.mp3,female-female,2,2,2,2,2,2,2
MSC,e0fef00d-2ae2-4c21-8205-8753fc580ec1,6.5,4.0625,6.0,53.0,5.5,5.5,0.6359090909090909,e0fef00d,e0fef00d-2ae2-4c21-8205-8753fc580ec1/processed/e0fef00d-2ae2-4c21-8205-8753fc580ec1.mp3,female-female,2,2,2,2,2,2,2
HSC,e12fed95-8f11-4255-b8c7-f5c0346b8e59,9.0,5.0,6.0,93.5,7.0,7.5,0.9356818181818182,e12fed95,e12fed95-8f11-4255-b8c7-f5c0346b8e59/processed/e12fed95-8f11-4255-b8c7-f5c0346b8e59.mp3,female-female,2,2,2,2,2,2,2
MSC,e14e94f7-2550-4f38-b9ba-ebe4958e0512,7.0,4.8125,4.666666666666666,70.0,5.5,7.5,0.6898484848484849,e14e94f7,e14e94f7-2550-4f38-b9ba-ebe4958e0512/processed/e14e94f7-2550-4f38-b9ba-ebe4958e0512.mp3,female-male,2,2,2,2,2,2,2
MSC,e16062ab-1123-4127-8711-48bed3469446,7.0,4.8125,5.666666666666666,70.5,5.5,3.0,0.6977272727272728,e16062ab,e16062ab-1123-4127-8711-48bed3469446/processed/e16062ab-1123-4127-8711-48bed3469446.mp3,female-male,2,2,2,2,2,2,2
MSC,e1c0b893-4287-48cb-9a81-29e2a5361f61,7.0,3.25,5.5,59.0,6.0,4.0,0.7652272727272726,e1c0b893,e1c0b893-4287-48cb-9a81-29e2a5361f61/processed/e1c0b893-4287-48cb-9a81-29e2a5361f61.mp3,female-male,2,2,2,2,2,2,2
MSC,e1d3620e-4ab5-4f29-9d10-fb9ae7c19c7e,5.5,3.875,5.833333333333334,50.0,4.5,7.5,0.5666666666666667,e1d3620e,e1d3620e-4ab5-4f29-9d10-fb9ae7c19c7e/processed/e1d3620e-4ab5-4f29-9d10-fb9ae7c19c7e.mp3,contains_MSC_or_unknown,2,2,2,2,2,2,2
MSC,e21cd225-688b-4296-adec-11abc5c25495,8.0,5.25,6.166666666666666,86.5,7.0,6.5,0.8404545454545453,e21cd225,e21cd225-688b-4296-adec-11abc5c25495/processed/e21cd225-688b-4296-adec-11abc5c25495.mp3,female-male,2,2,2,2,2,2,2
MSC,e2238c08-0e10-4265-9f18-d3b387fa4056,6.5,4.6875,5.5,74.5,6.0,4.0,0.6703787878787879,e2238c08,e2238c08-0e10-4265-9f18-d3b387fa4056/processed/e2238c08-0e10-4265-9f18-d3b387fa4056.mp3,female-female,2,2,2,2,2,2,2
MSC,e22693b2-bae1-4ecd-a723-0250955cc945,9.0,6.4375,6.666666666666666,87.5,7.0,8.5,0.8768181818181819,e22693b2,e22693b2-bae1-4ecd-a723-0250955cc945/processed/e22693b2-bae1-4ecd-a723-0250955cc945.mp3,female-female,2,2,2,2,2,2,2
MSC,e2625bba-6a92-41db-80d9-699b9d7329d1,7.0,4.5,5.5,67.5,5.5,6.5,0.7053030303030303,e2625bba,e2625bba-6a92-41db-80d9-699b9d7329d1/processed/e2625bba-6a92-41db-80d9-699b9d7329d1.mp3,male-male,2,2,2,2,2,2,2
MSC,e27e9207-0ab9-4e6a-9aa7-d57ca52d683c,7.0,5.0,6.166666666666667,75.0,6.0,8.0,0.7477272727272728,e27e9207,e27e9207-0ab9-4e6a-9aa7-d57ca52d683c/processed/e27e9207-0ab9-4e6a-9aa7-d57ca52d683c.mp3,female-male,2,2,2,2,2,2,2
MSC,e2a8df83-6b26-45f0-8d4a-174233968970,7.5,5.3125,6.0,79.0,6.5,8.0,0.7567424242424243,e2a8df83,e2a8df83-6b26-45f0-8d4a-174233968970/processed/e2a8df83-6b26-45f0-8d4a-174233968970.mp3,female-female,2,2,2,2,2,2,2
MSC,e2ef082b-02bd-4dd0-bd3d-6287665bcfc3,7.0,4.9375,5.5,75.0,5.5,7.0,0.6935606060606061,e2ef082b,e2ef082b-02bd-4dd0-bd3d-6287665bcfc3/processed/e2ef082b-02bd-4dd0-bd3d-6287665bcfc3.mp3,male-male,2,2,2,2,2,2,2
MSC,e3672109-1f5b-4b37-aef8-97b08fe6e632,8.5,5.125,6.333333333333334,80.0,7.0,7.0,0.8365909090909092,e3672109,e3672109-1f5b-4b37-aef8-97b08fe6e632/processed/e3672109-1f5b-4b37-aef8-97b08fe6e632.mp3,female-female,2,2,2,2,2,2,2
MSC,e36bd984-7e40-4735-9722-2c00b61a5fee,8.5,3.625,6.166666666666666,71.5,6.5,7.0,0.816969696969697,e36bd984,e36bd984-7e40-4735-9722-2c00b61a5fee/processed/e36bd984-7e40-4735-9722-2c00b61a5fee.mp3,female-male,2,2,2,2,2,2,2
MSC,e3717831-71e4-47c8-8069-e4efc1e0e8c4,8.0,5.1875,6.0,83.0,6.5,5.5,0.8534848484848485,e3717831,e3717831-71e4-47c8-8069-e4efc1e0e8c4/processed/e3717831-71e4-47c8-8069-e4efc1e0e8c4.mp3,female-female,2,2,2,2,2,2,2
MSC,e3a0559e-a441-433e-8d8d-a751b548e7e9,7.0,4.375,6.0,59.0,5.5,3.5,0.6736363636363636,e3a0559e,e3a0559e-a441-433e-8d8d-a751b548e7e9/processed/e3a0559e-a441-433e-8d8d-a751b548e7e9.mp3,female-male,2,2,2,2,2,2,2
MSC,e3d51608-a157-4a40-bdc2-ebe228d34597,7.5,4.25,5.5,69.5,5.5,7.0,0.6512878787878789,e3d51608,e3d51608-a157-4a40-bdc2-ebe228d34597/processed/e3d51608-a157-4a40-bdc2-ebe228d34597.mp3,male-male,2,2,2,2,2,2,2
MSC,e3f0d38b-da8c-4727-b383-d48576385585,8.0,4.375,5.5,79.5,6.5,6.5,0.7653030303030302,e3f0d38b,e3f0d38b-da8c-4727-b383-d48576385585/processed/e3f0d38b-da8c-4727-b383-d48576385585.mp3,female-male,2,2,2,2,2,2,2
MSC,e42f6986-08cd-4ec2-9529-ddb47bdb674b,6.0,4.125,4.166666666666667,60.0,4.5,5.5,0.6428787878787879,e42f6986,e42f6986-08cd-4ec2-9529-ddb47bdb674b/processed/e42f6986-08cd-4ec2-9529-ddb47bdb674b.mp3,male-male,2,2,2,2,2,2,2
MSC,e46f4f37-d5e6-49d2-a794-20460963932f,8.0,5.0,5.666666666666666,80.5,7.0,7.0,0.8043181818181819,e46f4f37,e46f4f37-d5e6-49d2-a794-20460963932f/processed/e46f4f37-d5e6-49d2-a794-20460963932f.mp3,female-female,2,2,2,2,2,2,2
MSC,e490619a-c43d-442b-b9ec-05cfa8627e23,8.5,6.0,6.166666666666666,83.5,7.0,6.0,0.9126515151515151,e490619a,e490619a-c43d-442b-b9ec-05cfa8627e23/processed/e490619a-c43d-442b-b9ec-05cfa8627e23.mp3,female-male,2,2,2,2,2,2,2
MSC,e5501c94-8b1d-4a14-b2ad-d21cb173b87d,8.0,4.25,5.5,81.5,6.5,3.5,0.7642424242424242,e5501c94,e5501c94-8b1d-4a14-b2ad-d21cb173b87d/processed/e5501c94-8b1d-4a14-b2ad-d21cb173b87d.mp3,male-male,2,2,2,2,2,2,2
MSC,e553ac35-19c2-49bd-9e0a-899f342ad824,7.0,4.75,5.666666666666666,64.5,5.5,5.5,0.7237878787878789,e553ac35,e553ac35-19c2-49bd-9e0a-899f342ad824/processed/e553ac35-19c2-49bd-9e0a-899f342ad824.mp3,female-male,2,2,2,2,2,2,2
MSC,e5550eb7-ae53-4705-9764-d7a450572fcb,8.5,5.8125,6.0,90.0,6.5,7.5,0.8520454545454546,e5550eb7,e5550eb7-ae53-4705-9764-d7a450572fcb/processed/e5550eb7-ae53-4705-9764-d7a450572fcb.mp3,female-male,2,2,2,2,2,2,2
MSC,e55c5691-3c46-4090-a4f2-1444f7ee698c,7.0,4.4375,5.0,78.0,5.0,5.5,0.7656060606060606,e55c5691,e55c5691-3c46-4090-a4f2-1444f7ee698c/processed/e55c5691-3c46-4090-a4f2-1444f7ee698c.mp3,female-male,2,2,2,2,2,2,2
MSC,e5e34d88-8e4c-49ce-b463-ef1932d89597,7.0,3.9375,6.666666666666666,83.0,6.5,6.0,0.8128787878787878,e5e34d88,e5e34d88-8e4c-49ce-b463-ef1932d89597/processed/e5e34d88-8e4c-49ce-b463-ef1932d89597.mp3,female-female,2,2,2,2,2,2,2
MSC,e5f02b46-8e88-425d-b1a9-9e21c4536fe1,8.5,5.125,6.0,72.0,6.5,7.5,0.8456818181818182,e5f02b46,e5f02b46-8e88-425d-b1a9-9e21c4536fe1/processed/e5f02b46-8e88-425d-b1a9-9e21c4536fe1.mp3,female-male,2,2,2,2,2,2,2
MSC,e5f7a4a4-cd5b-4734-8922-98b5edc7deee,7.0,5.25,5.833333333333334,67.0,6.0,5.5,0.6779545454545455,e5f7a4a4,e5f7a4a4-cd5b-4734-8922-98b5edc7deee/processed/e5f7a4a4-cd5b-4734-8922-98b5edc7deee.mp3,contains_MSC_or_unknown,2,2,2,2,2,2,2
MSC,e674360e-41f4-4a3e-9fc9-2f083144523c,5.0,3.125,5.0,55.5,6.0,3.0,0.5968181818181818,e674360e,e674360e-41f4-4a3e-9fc9-2f083144523c/processed/e674360e-41f4-4a3e-9fc9-2f083144523c.mp3,female-male,2,2,2,2,2,2,2
MSC,e690dd3f-9308-41df-aa46-7979ddd87caf,8.0,5.0625,6.5,73.5,6.0,5.5,0.8233333333333333,e690dd3f,e690dd3f-9308-41df-aa46-7979ddd87caf/processed/e690dd3f-9308-41df-aa46-7979ddd87caf.mp3,male-male,2,2,2,2,2,2,2
MSC,e696f6a9-e127-4c9b-a47d-541aa078e5e0,8.5,6.1875,6.333333333333334,73.5,7.0,6.5,0.7791666666666666,e696f6a9,e696f6a9-e127-4c9b-a47d-541aa078e5e0/processed/e696f6a9-e127-4c9b-a47d-541aa078e5e0.mp3,female-male,2,2,2,2,2,2,2
MSC,e69a9b9c-e450-420b-9d38-f805b46b8e46,9.0,5.5625,6.5,96.5,7.0,8.0,0.9093939393939394,e69a9b9c,e69a9b9c-e450-420b-9d38-f805b46b8e46/processed/e69a9b9c-e450-420b-9d38-f805b46b8e46.mp3,female-female,2,2,2,2,2,2,2
MSC,e6ff4cfd-d3e1-464f-964c-e610fea7015a,8.0,6.0,6.333333333333334,75.0,6.5,8.0,0.8598484848484849,e6ff4cfd,e6ff4cfd-d3e1-464f-964c-e610fea7015a/processed/e6ff4cfd-d3e1-464f-964c-e610fea7015a.mp3,female-male,2,2,2,2,2,2,2
MSC,e712c6f8-892d-4880-afef-c3b7b840cc17,6.5,4.0,5.0,65.0,5.5,6.0,0.7000757575757577,e712c6f8,e712c6f8-892d-4880-afef-c3b7b840cc17/processed/e712c6f8-892d-4880-afef-c3b7b840cc17.mp3,female-male,2,2,2,2,2,2,2
MSC,e7247d72-9b95-4d9b-bb40-f60595457fe5,7.0,5.75,6.0,72.5,5.5,6.5,0.7359848484848486,e7247d72,e7247d72-9b95-4d9b-bb40-f60595457fe5/processed/e7247d72-9b95-4d9b-bb40-f60595457fe5.mp3,male-male,2,2,2,2,2,2,2
MSC,e74cebc3-d1cb-4c6b-b7c1-0846526fbed3,8.0,5.4375,5.833333333333334,75.0,7.0,5.5,0.7474242424242424,e74cebc3,e74cebc3-d1cb-4c6b-b7c1-0846526fbed3/processed/e74cebc3-d1cb-4c6b-b7c1-0846526fbed3.mp3,female-female,2,2,2,2,2,2,2
MSC,e7937025-762a-4415-b401-a6299e917420,7.0,4.75,5.666666666666667,81.0,6.0,5.5,0.8236363636363636,e7937025,e7937025-762a-4415-b401-a6299e917420/processed/e7937025-762a-4415-b401-a6299e917420.mp3,female-male,2,2,2,2,2,2,2
MSC,e798ac91-746d-441f-9098-d28aee6066f1,6.0,3.8125,4.5,55.5,5.0,3.5,0.5832575757575758,e798ac91,e798ac91-746d-441f-9098-d28aee6066f1/processed/e798ac91-746d-441f-9098-d28aee6066f1.mp3,female-male,2,2,2,2,2,2,2
MSC,e7b266e9-d36e-4e2e-b6f5-3adde88c8f27,6.0,4.8125,5.5,63.0,5.5,5.0,0.6549242424242424,e7b266e9,e7b266e9-d36e-4e2e-b6f5-3adde88c8f27/processed/e7b266e9-d36e-4e2e-b6f5-3adde88c8f27.mp3,female-male,2,2,2,2,2,2,2
MSC,e82562f4-0dca-4356-83f4-11753a790e79,8.0,4.875,5.833333333333334,78.5,7.0,7.5,0.7806060606060606,e82562f4,e82562f4-0dca-4356-83f4-11753a790e79/processed/e82562f4-0dca-4356-83f4-11753a790e79.mp3,female-male,2,2,2,2,2,2,2
MSC,e876a6a8-2208-444a-8ffc-7b144d4d451d,9.0,4.875,5.666666666666666,82.5,7.0,7.0,0.8565151515151515,e876a6a8,e876a6a8-2208-444a-8ffc-7b144d4d451d/processed/e876a6a8-2208-444a-8ffc-7b144d4d451d.mp3,female-male,2,2,2,2,2,2,2
HSC,e8856a77-dc6b-4ddf-81c3-7f50cad6fbd6,8.5,6.6875,7.0,97.5,7.0,8.5,0.9709090909090909,e8856a77,e8856a77-dc6b-4ddf-81c3-7f50cad6fbd6/processed/e8856a77-dc6b-4ddf-81c3-7f50cad6fbd6.mp3,female-female,2,2,2,2,2,2,2
MSC,e8a4c738-23c0-48bb-91d8-6eaa07d075e8,5.5,4.9375,5.0,64.5,4.5,4.5,0.5471969696969696,e8a4c738,e8a4c738-23c0-48bb-91d8-6eaa07d075e8/processed/e8a4c738-23c0-48bb-91d8-6eaa07d075e8.mp3,female-female,2,2,2,2,2,2,2
MSC,e937313f-66b6-4473-91f0-ce4752207458,6.0,3.9375,5.333333333333334,61.5,5.5,6.0,0.5762878787878787,e937313f,e937313f-66b6-4473-91f0-ce4752207458/processed/e937313f-66b6-4473-91f0-ce4752207458.mp3,female-female,2,2,2,2,2,2,2
MSC,e9464b3b-e043-4e28-9186-18b70d7a3699,7.5,4.9375,6.0,68.0,5.5,5.5,0.711969696969697,e9464b3b,e9464b3b-e043-4e28-9186-18b70d7a3699/processed/e9464b3b-e043-4e28-9186-18b70d7a3699.mp3,female-male,2,2,2,2,2,2,2
MSC,e980a9fc-0575-48b3-8fd5-4dec655ff479,8.5,5.3125,6.5,87.5,6.5,7.0,0.8905303030303031,e980a9fc,e980a9fc-0575-48b3-8fd5-4dec655ff479/processed/e980a9fc-0575-48b3-8fd5-4dec655ff479.mp3,female-male,2,2,2,2,2,2,2
MSC,e9edb4f0-3d9e-4539-a9b0-f77bfff6c55f,8.5,4.125,6.0,83.0,6.5,4.0,0.8578787878787879,e9edb4f0,e9edb4f0-3d9e-4539-a9b0-f77bfff6c55f/processed/e9edb4f0-3d9e-4539-a9b0-f77bfff6c55f.mp3,female-male,2,2,2,2,2,2,2
MSC,e9f32e0a-d881-4ba4-ab6e-2c68b6851ef3,8.0,3.4375,5.0,71.5,6.0,4.5,0.738030303030303,e9f32e0a,e9f32e0a-d881-4ba4-ab6e-2c68b6851ef3/processed/e9f32e0a-d881-4ba4-ab6e-2c68b6851ef3.mp3,female-female,2,2,2,2,2,2,2
MSC,ea02d362-3f68-4be0-868a-19705af2cced,4.5,3.3125,3.8333333333333335,43.0,3.5,4.0,0.4303030303030303,ea02d362,ea02d362-3f68-4be0-868a-19705af2cced/processed/ea02d362-3f68-4be0-868a-19705af2cced.mp3,male-male,2,2,2,2,2,2,2
MSC,ea166258-9411-444c-8433-0868e36d8923,8.5,3.3125,6.166666666666666,97.0,7.0,6.0,0.8325,ea166258,ea166258-9411-444c-8433-0868e36d8923/processed/ea166258-9411-444c-8433-0868e36d8923.mp3,female-female,2,2,2,2,2,2,2
MSC,ea21dc03-4ddc-4568-891a-f51c3b1a42ee,8.5,5.625,6.5,80.0,6.5,5.5,0.8454545454545455,ea21dc03,ea21dc03-4ddc-4568-891a-f51c3b1a42ee/processed/ea21dc03-4ddc-4568-891a-f51c3b1a42ee.mp3,male-male,2,2,2,2,2,2,2
MSC,ea29afa5-e18a-47a9-93bf-87bfbb94c1d5,7.0,4.375,5.666666666666667,68.0,7.0,7.0,0.6966666666666667,ea29afa5,ea29afa5-e18a-47a9-93bf-87bfbb94c1d5/processed/ea29afa5-e18a-47a9-93bf-87bfbb94c1d5.mp3,contains_MSC_or_unknown,1,1,1,1,1,1,1
MSC,ea2e7bd7-cd72-4270-b179-63258b4a07f6,6.5,4.875,5.5,70.0,5.5,6.0,0.726969696969697,ea2e7bd7,ea2e7bd7-cd72-4270-b179-63258b4a07f6/processed/ea2e7bd7-cd72-4270-b179-63258b4a07f6.mp3,female-female,2,2,2,2,2,2,2
HSC,ea342a4f-891d-4717-8fb3-30bd1dadeca0,9.0,5.1875,6.5,92.0,7.0,7.0,0.9504545454545456,ea342a4f,ea342a4f-891d-4717-8fb3-30bd1dadeca0/processed/ea342a4f-891d-4717-8fb3-30bd1dadeca0.mp3,female-female,2,2,2,2,2,2,2
HSC,ea4c6102-1123-41fc-b8ab-96f4295af3d0,9.0,6.625,7.0,95.5,7.0,9.0,0.9868181818181818,ea4c6102,ea4c6102-1123-41fc-b8ab-96f4295af3d0/processed/ea4c6102-1123-41fc-b8ab-96f4295af3d0.mp3,female-male,2,2,2,2,2,2,2
MSC,ea612d62-2a6e-430f-837a-c65a7e235d2b,6.5,4.875,6.0,53.0,5.5,5.5,0.6534848484848486,ea612d62,ea612d62-2a6e-430f-837a-c65a7e235d2b/processed/ea612d62-2a6e-430f-837a-c65a7e235d2b.mp3,male-male,2,2,2,2,2,2,2
MSC,ea7de670-b567-41f3-91fd-46447acc4f2b,8.0,4.125,6.166666666666666,88.0,6.5,6.5,0.8570454545454544,ea7de670,ea7de670-b567-41f3-91fd-46447acc4f2b/processed/ea7de670-b567-41f3-91fd-46447acc4f2b.mp3,female-female,2,2,2,2,2,2,2
MSC,ea87629b-fa15-4d2b-a137-188aa19c4588,7.5,3.5625,6.5,75.0,5.5,6.5,0.79,ea87629b,ea87629b-fa15-4d2b-a137-188aa19c4588/processed/ea87629b-fa15-4d2b-a137-188aa19c4588.mp3,female-male,2,2,2,2,2,2,2
MSC,eab01364-4f7b-4e02-995a-cd0ad30a81f9,7.0,4.0,6.166666666666666,56.0,6.0,5.5,0.7247727272727273,eab01364,eab01364-4f7b-4e02-995a-cd0ad30a81f9/processed/eab01364-4f7b-4e02-995a-cd0ad30a81f9.mp3,female-male,2,2,2,2,2,2,2
MSC,ead2e5ec-472b-4902-85ab-564b0636572f,5.5,4.875,5.0,58.0,4.0,4.0,0.6041666666666667,ead2e5ec,ead2e5ec-472b-4902-85ab-564b0636572f/processed/ead2e5ec-472b-4902-85ab-564b0636572f.mp3,female-female,2,2,2,2,2,2,2
MSC,eaed7cd0-85d8-43d4-a2a7-97d7a062d418,6.0,3.4375,5.333333333333334,79.0,5.5,5.0,0.6768181818181818,eaed7cd0,eaed7cd0-85d8-43d4-a2a7-97d7a062d418/processed/eaed7cd0-85d8-43d4-a2a7-97d7a062d418.mp3,female-female,2,2,2,2,2,2,2
MSC,eb215077-bbb6-45ee-923f-345783358eee,8.0,5.1875,6.5,82.5,6.0,8.0,0.7674242424242423,eb215077,eb215077-bbb6-45ee-923f-345783358eee/processed/eb215077-bbb6-45ee-923f-345783358eee.mp3,male-male,2,2,2,2,2,2,2
MSC,eb326986-325e-4f6b-b895-82a1f577c797,9.0,4.75,6.0,90.0,7.0,8.0,0.8931818181818183,eb326986,eb326986-325e-4f6b-b895-82a1f577c797/processed/eb326986-325e-4f6b-b895-82a1f577c797.mp3,contains_MSC_or_unknown,1,1,1,1,1,1,1
LSC,eb3a44ec-b553-4054-bfcd-e4c3b04fcf3e,6.0,3.8125,6.0,42.5,4.5,3.5,0.5437121212121212,eb3a44ec,eb3a44ec-b553-4054-bfcd-e4c3b04fcf3e/processed/eb3a44ec-b553-4054-bfcd-e4c3b04fcf3e.mp3,female-male,2,2,2,2,2,2,2
MSC,ebf0db45-682e-4a93-a62f-840a49e6914e,7.5,5.0625,6.5,66.0,7.0,7.5,0.818030303030303,ebf0db45,ebf0db45-682e-4a93-a62f-840a49e6914e/processed/ebf0db45-682e-4a93-a62f-840a49e6914e.mp3,female-female,2,2,2,2,2,2,2
MSC,ec0fea6c-82b8-4cde-854d-072cc6239c2d,7.5,4.625,5.333333333333334,74.0,6.5,5.0,0.751060606060606,ec0fea6c,ec0fea6c-82b8-4cde-854d-072cc6239c2d/processed/ec0fea6c-82b8-4cde-854d-072cc6239c2d.mp3,female-male,2,2,2,2,2,2,2
MSC,ec202fef-184e-4931-9a2a-69ae6b017b0c,7.5,4.9375,6.0,91.0,6.5,6.5,0.7774242424242424,ec202fef,ec202fef-184e-4931-9a2a-69ae6b017b0c/processed/ec202fef-184e-4931-9a2a-69ae6b017b0c.mp3,female-female,2,2,2,2,2,2,2
MSC,ec397cba-60f5-4bc5-ab02-73a2aaa17029,7.5,4.5,6.5,68.5,6.0,5.5,0.7954545454545455,ec397cba,ec397cba-60f5-4bc5-ab02-73a2aaa17029/processed/ec397cba-60f5-4bc5-ab02-73a2aaa17029.mp3,female-male,2,2,2,2,2,2,2
MSC,ec4460de-5136-4a67-90f1-a8cde16266c0,7.5,5.625,6.0,79.0,6.0,6.5,0.7495454545454545,ec4460de,ec4460de-5136-4a67-90f1-a8cde16266c0/processed/ec4460de-5136-4a67-90f1-a8cde16266c0.mp3,contains_MSC_or_unknown,2,1,1,2,2,2,2
MSC,ec4e5046-ec6c-449d-b604-eebcd19fe808,6.5,2.9375,5.166666666666667,76.0,5.0,4.5,0.6022727272727273,ec4e5046,ec4e5046-ec6c-449d-b604-eebcd19fe808/processed/ec4e5046-ec6c-449d-b604-eebcd19fe808.mp3,contains_MSC_or_unknown,2,2,2,2,2,2,2
MSC,ec90a3c6-9441-42f3-bc93-a5da6c967794,7.0,3.9375,5.666666666666666,65.5,6.5,5.5,0.6875757575757576,ec90a3c6,ec90a3c6-9441-42f3-bc93-a5da6c967794/processed/ec90a3c6-9441-42f3-bc93-a5da6c967794.mp3,female-male,2,2,2,2,2,2,2
MSC,ece26856-e9b0-47d6-a5aa-6090a01adb50,8.0,5.25,5.833333333333333,82.5,6.5,6.0,0.8105303030303029,ece26856,ece26856-e9b0-47d6-a5aa-6090a01adb50/processed/ece26856-e9b0-47d6-a5aa-6090a01adb50.mp3,male-male,2,2,2,2,2,2,2
MSC,ed0348dd-f913-4238-89bc-0c63c71892cb,8.0,5.375,5.833333333333334,88.0,7.0,7.0,0.8305303030303031,ed0348dd,ed0348dd-f913-4238-89bc-0c63c71892cb/processed/ed0348dd-f913-4238-89bc-0c63c71892cb.mp3,female-male,2,2,2,2,2,2,2
HSC,ed08b729-0077-4822-9fef-a6c943ad4a71,9.0,4.9375,6.333333333333334,98.0,7.0,8.5,0.9304545454545454,ed08b729,ed08b729-0077-4822-9fef-a6c943ad4a71/processed/ed08b729-0077-4822-9fef-a6c943ad4a71.mp3,female-male,2,2,2,2,2,2,2
MSC,ed4b674c-cace-4ce4-957f-d11b7da2ba6b,7.5,6.0,5.833333333333334,81.0,5.5,6.0,0.6948484848484848,ed4b674c,ed4b674c-cace-4ce4-957f-d11b7da2ba6b/processed/ed4b674c-cace-4ce4-957f-d11b7da2ba6b.mp3,male-male,2,2,2,2,2,2,2
MSC,ed93be06-c8a0-4792-bf08-bf09d3272c99,8.5,5.9375,6.333333333333334,85.5,7.0,7.0,0.9042424242424242,ed93be06,ed93be06-c8a0-4792-bf08-bf09d3272c99/processed/ed93be06-c8a0-4792-bf08-bf09d3272c99.mp3,female-male,2,2,2,2,2,2,2
MSC,edc06461-10c4-4593-bb41-ef6c22d83804,7.5,3.1875,5.833333333333333,68.5,6.0,2.5,0.7304545454545455,edc06461,edc06461-10c4-4593-bb41-ef6c22d83804/processed/edc06461-10c4-4593-bb41-ef6c22d83804.mp3,male-male,2,2,2,2,2,2,2
MSC,edc258f2-820a-4ed7-8df9-e9868f514328,6.0,5.0,6.0,57.5,6.0,5.5,0.6606060606060606,edc258f2,edc258f2-820a-4ed7-8df9-e9868f514328/processed/edc258f2-820a-4ed7-8df9-e9868f514328.mp3,female-male,2,2,2,2,2,2,2
HSC,ee19d0ea-462c-47ef-888d-ac3254113e37,9.0,4.375,7.0,100.0,7.0,7.0,0.9322727272727274,ee19d0ea,ee19d0ea-462c-47ef-888d-ac3254113e37/processed/ee19d0ea-462c-47ef-888d-ac3254113e37.mp3,contains_other_or_unknown,1,1,1,1,1,1,1
MSC,ee2f1b3e-81c5-416f-82a2-26d4fcd00198,8.0,5.125,5.833333333333334,78.0,6.0,6.5,0.7993939393939393,ee2f1b3e,ee2f1b3e-81c5-416f-82a2-26d4fcd00198/processed/ee2f1b3e-81c5-416f-82a2-26d4fcd00198.mp3,female-male,2,2,2,2,2,2,2
MSC,ee46e110-4a40-4fcd-ac56-467c1f8f1c97,7.0,4.3125,6.5,67.5,6.5,5.5,0.751969696969697,ee46e110,ee46e110-4a40-4fcd-ac56-467c1f8f1c97/processed/ee46e110-4a40-4fcd-ac56-467c1f8f1c97.mp3,male-male,2,2,2,2,2,2,2
MSC,eea72e55-2619-4699-8d66-529db67b1412,7.0,4.0,6.0,78.5,6.0,4.5,0.7387878787878788,eea72e55,eea72e55-2619-4699-8d66-529db67b1412/processed/eea72e55-2619-4699-8d66-529db67b1412.mp3,female-male,2,2,2,2,2,2,2
MSC,eeb198b2-7fa5-4cbd-9ca4-4ae4195c23dd,6.5,4.625,5.5,82.5,6.0,5.5,0.6957575757575758,eeb198b2,eeb198b2-7fa5-4cbd-9ca4-4ae4195c23dd/processed/eeb198b2-7fa5-4cbd-9ca4-4ae4195c23dd.mp3,female-male,2,2,2,2,2,2,2
MSC,eed245eb-8212-451f-bf06-320da3153b75,8.0,5.1875,6.0,77.5,6.0,6.5,0.8017424242424243,eed245eb,eed245eb-8212-451f-bf06-320da3153b75/processed/eed245eb-8212-451f-bf06-320da3153b75.mp3,female-female,2,2,2,2,2,2,2
MSC,ef28af68-e08c-45ff-9f3b-2718007de34a,6.0,4.0625,5.5,59.0,5.5,4.5,0.5862121212121213,ef28af68,ef28af68-e08c-45ff-9f3b-2718007de34a/processed/ef28af68-e08c-45ff-9f3b-2718007de34a.mp3,contains_MSC_or_unknown,2,2,2,2,2,2,2
MSC,ef2f7d4f-8e11-4f25-9139-713a5436fa24,8.5,6.125,6.5,90.0,7.0,6.5,0.8950757575757575,ef2f7d4f,ef2f7d4f-8e11-4f25-9139-713a5436fa24/processed/ef2f7d4f-8e11-4f25-9139-713a5436fa24.mp3,female-male,2,2,2,2,2,2,2
MSC,ef7ccfba-6aef-410d-87ce-2b2d85b417c4,8.0,4.75,5.833333333333334,69.0,7.0,4.5,0.8753030303030302,ef7ccfba,ef7ccfba-6aef-410d-87ce-2b2d85b417c4/processed/ef7ccfba-6aef-410d-87ce-2b2d85b417c4.mp3,female-male,2,2,2,2,2,2,2
HSC,efbec81d-6a75-41ee-9f81-c50235743ec4,9.0,6.0625,6.5,88.5,7.0,7.0,0.9486363636363636,efbec81d,efbec81d-6a75-41ee-9f81-c50235743ec4/processed/efbec81d-6a75-41ee-9f81-c50235743ec4.mp3,male-male,2,2,2,2,2,2,2
MSC,f00b3876-dfb4-42e9-8129-3074aa5d2dc3,7.0,3.125,6.0,84.5,5.5,5.5,0.7751515151515151,f00b3876,f00b3876-dfb4-42e9-8129-3074aa5d2dc3/processed/f00b3876-dfb4-42e9-8129-3074aa5d2dc3.mp3,female-male,2,2,2,2,2,2,2
MSC,f00d9688-27fe-45ce-9d26-e38f729e8641,6.0,4.625,5.5,50.0,4.5,5.5,0.6006818181818182,f00d9688,f00d9688-27fe-45ce-9d26-e38f729e8641/processed/f00d9688-27fe-45ce-9d26-e38f729e8641.mp3,female-male,2,2,2,2,2,2,2
MSC,f02308a7-69f8-4579-93c1-3d3ff1adb00c,9.0,6.0625,6.333333333333334,96.0,7.0,8.5,0.9222727272727272,f02308a7,f02308a7-69f8-4579-93c1-3d3ff1adb00c/processed/f02308a7-69f8-4579-93c1-3d3ff1adb00c.mp3,female-male,2,2,2,2,2,2,2
MSC,f04cbd1f-b12f-4793-ad9e-042ac9d78631,6.5,3.9375,6.166666666666667,30.0,5.0,4.0,0.5976515151515152,f04cbd1f,f04cbd1f-b12f-4793-ad9e-042ac9d78631/processed/f04cbd1f-b12f-4793-ad9e-042ac9d78631.mp3,male-male,2,2,2,2,2,2,2
MSC,f06dff79-14a4-4e28-a6fa-875acf5ce974,8.0,4.875,6.5,78.0,6.5,6.0,0.7549242424242424,f06dff79,f06dff79-14a4-4e28-a6fa-875acf5ce974/processed/f06dff79-14a4-4e28-a6fa-875acf5ce974.mp3,female-male,2,2,2,2,2,2,2
MSC,f079f69b-8e70-4526-93c6-1f4e11c4d852,8.5,4.75,6.0,77.5,7.0,6.5,0.8036363636363637,f079f69b,f079f69b-8e70-4526-93c6-1f4e11c4d852/processed/f079f69b-8e70-4526-93c6-1f4e11c4d852.mp3,female-female,2,2,2,2,2,2,2
MSC,f0948185-674d-4bab-afab-9775ca17f21d,8.0,5.4375,6.0,67.5,6.5,4.5,0.775,f0948185,f0948185-674d-4bab-afab-9775ca17f21d/processed/f0948185-674d-4bab-afab-9775ca17f21d.mp3,female-male,2,2,2,2,2,2,2
MSC,f0bd9824-3a1c-44f2-994d-6fd92c8e8e67,6.0,5.0,6.0,71.0,5.0,6.0,0.6771212121212122,f0bd9824,f0bd9824-3a1c-44f2-994d-6fd92c8e8e67/processed/f0bd9824-3a1c-44f2-994d-6fd92c8e8e67.mp3,female-female,2,2,2,2,2,2,2
MSC,f0f5978d-e055-4887-a480-a6a75546ec28,6.0,4.8125,6.166666666666666,42.5,4.5,4.0,0.5503030303030303,f0f5978d,f0f5978d-e055-4887-a480-a6a75546ec28/processed/f0f5978d-e055-4887-a480-a6a75546ec28.mp3,contains_MSC_or_unknown,2,2,2,2,2,2,2
MSC,f11d214e-8aec-482b-95d3-044e481dc689,7.5,4.5,5.5,84.0,5.5,5.5,0.7515151515151517,f11d214e,f11d214e-8aec-482b-95d3-044e481dc689/processed/f11d214e-8aec-482b-95d3-044e481dc689.mp3,male-male,2,2,2,2,2,2,2
MSC,f14f96b7-6015-4036-af86-3c85957d81a3,6.5,5.1875,6.5,73.5,5.5,6.0,0.643560606060606,f14f96b7,f14f96b7-6015-4036-af86-3c85957d81a3/processed/f14f96b7-6015-4036-af86-3c85957d81a3.mp3,female-male,2,2,2,2,2,2,2
MSC,f19c935c-c14d-45e3-8877-cbaad8843bac,7.5,4.875,5.5,72.0,5.5,5.5,0.7503030303030304,f19c935c,f19c935c-c14d-45e3-8877-cbaad8843bac/processed/f19c935c-c14d-45e3-8877-cbaad8843bac.mp3,female-male,2,2,2,2,2,2,2
MSC,f1a81b38-3d6e-48ac-9ae4-b219227d62e9,8.0,4.625,5.833333333333334,86.0,7.0,6.0,0.8225,f1a81b38,f1a81b38-3d6e-48ac-9ae4-b219227d62e9/processed/f1a81b38-3d6e-48ac-9ae4-b219227d62e9.mp3,male-male,2,2,2,2,2,2,2
MSC,f1f6de10-a5a9-42a2-a9e5-dd969e37171b,5.0,2.5,4.333333333333333,32.5,3.5,2.0,0.478560606060606,f1f6de10,f1f6de10-a5a9-42a2-a9e5-dd969e37171b/processed/f1f6de10-a5a9-42a2-a9e5-dd969e37171b.mp3,female-male,2,2,2,2,2,2,2
MSC,f1f925d9-416a-44d8-9a12-72b975f02459,8.0,5.0625,4.5,81.0,6.0,7.0,0.7947727272727272,f1f925d9,f1f925d9-416a-44d8-9a12-72b975f02459/processed/f1f925d9-416a-44d8-9a12-72b975f02459.mp3,female-male,2,2,2,2,2,2,2
MSC,f20b9d00-011b-4458-89e5-5c671e403f95,6.5,3.5625,4.666666666666666,49.0,5.5,3.5,0.6296969696969696,f20b9d00,f20b9d00-011b-4458-89e5-5c671e403f95/processed/f20b9d00-011b-4458-89e5-5c671e403f95.mp3,female-male,2,2,2,2,2,2,2
MSC,f25ff7b8-fba1-4e4b-a1bc-9d9ae5693d27,9.0,6.0,6.5,93.0,7.0,8.0,0.9065909090909092,f25ff7b8,f25ff7b8-fba1-4e4b-a1bc-9d9ae5693d27/processed/f25ff7b8-fba1-4e4b-a1bc-9d9ae5693d27.mp3,female-female,2,2,2,2,2,2,2
MSC,f2796cfa-777a-46a7-9cb0-c4b288ca0094,6.5,4.9375,5.333333333333334,35.0,5.0,6.5,0.6147727272727274,f2796cfa,f2796cfa-777a-46a7-9cb0-c4b288ca0094/processed/f2796cfa-777a-46a7-9cb0-c4b288ca0094.mp3,female-male,2,2,2,2,2,2,2
MSC,f2b4fc5e-f3f1-4dd0-b02f-0b46c3a22a37,9.0,5.875,6.0,86.5,7.0,7.0,0.8815151515151516,f2b4fc5e,f2b4fc5e-f3f1-4dd0-b02f-0b46c3a22a37/processed/f2b4fc5e-f3f1-4dd0-b02f-0b46c3a22a37.mp3,female-male,2,2,2,2,2,2,2
MSC,f2d25dbf-c07a-47cd-a95f-41a60593a6e2,6.5,3.8125,6.0,65.5,5.0,6.0,0.6883333333333334,f2d25dbf,f2d25dbf-c07a-47cd-a95f-41a60593a6e2/processed/f2d25dbf-c07a-47cd-a95f-41a60593a6e2.mp3,female-male,2,2,2,2,2,2,2
MSC,f306b427-2bc5-4641-afd7-34982399fc52,7.5,6.0625,5.166666666666666,85.0,7.0,7.5,0.8116666666666668,f306b427,f306b427-2bc5-4641-afd7-34982399fc52/processed/f306b427-2bc5-4641-afd7-34982399fc52.mp3,female-male,2,2,2,2,2,2,2
MSC,f30fb5e1-9bf8-462f-8c8b-fbfd849f10da,8.0,5.8125,5.5,85.5,6.5,8.5,0.8395454545454546,f30fb5e1,f30fb5e1-9bf8-462f-8c8b-fbfd849f10da/processed/f30fb5e1-9bf8-462f-8c8b-fbfd849f10da.mp3,male-male,2,2,2,2,2,2,2
MSC,f35dd2f0-58b3-47fd-958a-7b2357b7be55,7.5,4.375,6.0,95.5,6.5,6.0,0.7853030303030303,f35dd2f0,f35dd2f0-58b3-47fd-958a-7b2357b7be55/processed/f35dd2f0-58b3-47fd-958a-7b2357b7be55.mp3,female-male,2,2,2,2,2,2,2
MSC,f366ef89-3945-415f-a670-4c7245bc7515,7.0,5.3125,6.0,67.5,6.5,4.0,0.7229545454545454,f366ef89,f366ef89-3945-415f-a670-4c7245bc7515/processed/f366ef89-3945-415f-a670-4c7245bc7515.mp3,female-female,2,2,2,2,2,2,2
MSC,f3953c56-224b-47cc-b5fe-e39db6b7b482,8.0,4.4375,5.833333333333334,79.0,6.5,3.5,0.7762878787878789,f3953c56,f3953c56-224b-47cc-b5fe-e39db6b7b482/processed/f3953c56-224b-47cc-b5fe-e39db6b7b482.mp3,male-male,2,2,2,2,2,2,2
MSC,f3d1c0cc-b7be-4165-ac07-c71f6b2fc93a,7.0,2.625,5.0,67.5,6.0,2.5,0.7049242424242423,f3d1c0cc,f3d1c0cc-b7be-4165-ac07-c71f6b2fc93a/processed/f3d1c0cc-b7be-4165-ac07-c71f6b2fc93a.mp3,female-female,2,2,2,2,2,2,2
MSC,f3eacb84-c7fb-40b8-af8b-4661d9d62a91,7.5,5.9375,5.833333333333333,85.0,5.5,6.0,0.7802272727272728,f3eacb84,f3eacb84-c7fb-40b8-af8b-4661d9d62a91/processed/f3eacb84-c7fb-40b8-af8b-4661d9d62a91.mp3,female-male,2,2,2,2,2,2,2
MSC,f458c2ea-1713-41ac-b586-948176c1ab81,7.5,2.5,4.833333333333334,37.0,5.0,2.0,0.6487878787878788,f458c2ea,f458c2ea-1713-41ac-b586-948176c1ab81/processed/f458c2ea-1713-41ac-b586-948176c1ab81.mp3,female-male,2,2,2,2,2,2,2
MSC,f464c9f4-d6a5-44f0-af8a-71f12dd652bf,8.0,4.5625,6.0,89.0,6.0,4.5,0.7887121212121212,f464c9f4,f464c9f4-d6a5-44f0-af8a-71f12dd652bf/processed/f464c9f4-d6a5-44f0-af8a-71f12dd652bf.mp3,male-male,2,2,2,2,2,2,2
MSC,f4898809-b967-41e6-b40f-974e94a6afb5,5.0,2.625,4.0,34.0,4.5,5.5,0.5131060606060607,f4898809,f4898809-b967-41e6-b40f-974e94a6afb5/processed/f4898809-b967-41e6-b40f-974e94a6afb5.mp3,contains_MSC_or_unknown,2,2,2,2,2,2,2
MSC,f5880665-780d-4951-b207-89f98095021f,8.0,5.5625,5.833333333333334,88.5,6.0,8.0,0.8660606060606061,f5880665,f5880665-780d-4951-b207-89f98095021f/processed/f5880665-780d-4951-b207-89f98095021f.mp3,female-male,2,2,2,2,2,2,2
MSC,f5938da0-5a91-4f48-9277-f6a01e20be71,7.5,5.25,6.5,78.5,5.5,3.0,0.7421969696969697,f5938da0,f5938da0-5a91-4f48-9277-f6a01e20be71/processed/f5938da0-5a91-4f48-9277-f6a01e20be71.mp3,male-male,2,2,2,2,2,2,2
MSC,f5ced37a-1596-4e77-ab1d-dae5e084384d,7.5,6.0,7.0,93.0,6.0,7.5,0.8196212121212121,f5ced37a,f5ced37a-1596-4e77-ab1d-dae5e084384d/processed/f5ced37a-1596-4e77-ab1d-dae5e084384d.mp3,male-male,2,2,2,2,2,2,2
LSC,f5de68ee-6513-406a-b0fc-49f20873faef,5.0,4.875,4.666666666666667,42.0,4.0,7.0,0.4604545454545454,f5de68ee,f5de68ee-6513-406a-b0fc-49f20873faef/processed/f5de68ee-6513-406a-b0fc-49f20873faef.mp3,contains_other_or_unknown,1,1,1,1,1,1,1
MSC,f60a6f13-f859-4423-9259-fc14b76ee36e,9.0,5.25,7.0,97.5,7.0,9.0,0.9150757575757575,f60a6f13,f60a6f13-f859-4423-9259-fc14b76ee36e/processed/f60a6f13-f859-4423-9259-fc14b76ee36e.mp3,female-female,2,2,2,2,2,2,2
MSC,f632c464-0899-4811-b6c3-3031ca61160f,8.0,4.875,5.833333333333334,71.5,6.0,7.5,0.7874242424242424,f632c464,f632c464-0899-4811-b6c3-3031ca61160f/processed/f632c464-0899-4811-b6c3-3031ca61160f.mp3,female-female,2,2,2,2,2,2,2
MSC,f63a30a5-effc-43eb-a257-0029f48746ce,7.5,3.0625,6.333333333333334,81.5,5.5,2.5,0.7178787878787879,f63a30a5,f63a30a5-effc-43eb-a257-0029f48746ce/processed/f63a30a5-effc-43eb-a257-0029f48746ce.mp3,male-male,2,2,2,2,2,2,2
MSC,f6931905-7562-44a1-bb06-2513faa16b47,7.5,3.5,5.333333333333334,79.0,6.0,6.5,0.6988636363636364,f6931905,f6931905-7562-44a1-bb06-2513faa16b47/processed/f6931905-7562-44a1-bb06-2513faa16b47.mp3,female-female,2,2,2,2,2,2,2
MSC,f7401e31-88f5-42aa-93f5-782981968f72,8.5,5.125,6.166666666666666,87.0,7.0,7.0,0.8375757575757575,f7401e31,f7401e31-88f5-42aa-93f5-782981968f72/processed/f7401e31-88f5-42aa-93f5-782981968f72.mp3,male-male,2,2,2,2,2,2,2
MSC,f741836c-f520-444e-a920-2c376d82f791,7.0,4.4375,6.0,82.5,7.0,6.0,0.7799242424242424,f741836c,f741836c-f520-444e-a920-2c376d82f791/processed/f741836c-f520-444e-a920-2c376d82f791.mp3,female-male,2,2,2,2,2,2,2
MSC,f76670bc-ca12-43d2-82bc-5dee002ce10c,9.0,5.0625,6.333333333333334,90.0,7.0,8.0,0.8932575757575757,f76670bc,f76670bc-ca12-43d2-82bc-5dee002ce10c/processed/f76670bc-ca12-43d2-82bc-5dee002ce10c.mp3,female-male,2,2,2,2,2,2,2
MSC,f769b511-8208-45ad-a2a2-20fa5c55ab13,8.5,5.8125,6.5,92.5,6.5,6.5,0.9172727272727272,f769b511,f769b511-8208-45ad-a2a2-20fa5c55ab13/processed/f769b511-8208-45ad-a2a2-20fa5c55ab13.mp3,female-male,2,2,2,2,2,2,2
MSC,f77a4b03-ad8f-438a-a85b-20c055aeed48,6.5,3.875,5.666666666666667,61.0,4.5,5.0,0.6376515151515152,f77a4b03,f77a4b03-ad8f-438a-a85b-20c055aeed48/processed/f77a4b03-ad8f-438a-a85b-20c055aeed48.mp3,male-male,2,2,2,2,2,2,2
MSC,f7862616-6c5f-4b90-9b62-1fb0cbcc9a62,7.5,5.25,6.0,80.0,5.5,6.5,0.7381818181818183,f7862616,f7862616-6c5f-4b90-9b62-1fb0cbcc9a62/processed/f7862616-6c5f-4b90-9b62-1fb0cbcc9a62.mp3,female-female,2,2,2,2,2,2,2
MSC,f79d4372-62ac-4e70-a2d9-8b722fd5edc5,6.5,4.125,5.5,64.5,4.5,4.5,0.6839393939393941,f79d4372,f79d4372-62ac-4e70-a2d9-8b722fd5edc5/processed/f79d4372-62ac-4e70-a2d9-8b722fd5edc5.mp3,male-male,2,2,2,2,2,2,2
MSC,f7c6a07a-8d15-4476-89a2-25ce9fb862d6,8.5,5.4375,6.5,95.5,6.5,8.0,0.9113636363636364,f7c6a07a,f7c6a07a-8d15-4476-89a2-25ce9fb862d6/processed/f7c6a07a-8d15-4476-89a2-25ce9fb862d6.mp3,female-male,2,2,2,2,2,2,2
MSC,f7c8a6ae-6952-40e6-a0cf-5235594c6612,6.5,3.6875,5.5,63.5,5.0,5.0,0.6136363636363636,f7c8a6ae,f7c8a6ae-6952-40e6-a0cf-5235594c6612/processed/f7c8a6ae-6952-40e6-a0cf-5235594c6612.mp3,contains_MSC_or_unknown,2,2,2,2,2,2,2
MSC,f7d7f6ce-ff6e-4c5e-87dc-949399e0573b,6.0,4.8125,4.5,57.0,5.0,5.0,0.5828787878787879,f7d7f6ce,f7d7f6ce-ff6e-4c5e-87dc-949399e0573b/processed/f7d7f6ce-ff6e-4c5e-87dc-949399e0573b.mp3,female-female,2,2,2,2,2,2,2
MSC,f7ddd168-2607-4d2b-b01d-905e4e814ba6,6.5,5.0625,3.6666666666666665,40.0,4.5,5.5,0.6025,f7ddd168,f7ddd168-2607-4d2b-b01d-905e4e814ba6/processed/f7ddd168-2607-4d2b-b01d-905e4e814ba6.mp3,female-male,2,2,2,2,2,2,2
MSC,f7fd5d51-95a8-4a62-a354-0d9f13e8bafe,6.0,2.9375,4.333333333333333,38.0,4.0,4.0,0.5835606060606061,f7fd5d51,f7fd5d51-95a8-4a62-a354-0d9f13e8bafe/processed/f7fd5d51-95a8-4a62-a354-0d9f13e8bafe.mp3,female-female,2,2,2,2,2,2,2
MSC,f81a3aa9-3cb3-4df0-ba18-9b1f6f19e5ba,6.0,4.8125,4.666666666666667,51.0,5.0,5.5,0.5975000000000001,f81a3aa9,f81a3aa9-3cb3-4df0-ba18-9b1f6f19e5ba/processed/f81a3aa9-3cb3-4df0-ba18-9b1f6f19e5ba.mp3,female-female,2,2,2,2,2,2,2
MSC,f8289ddc-c85c-4337-9ac8-fbe553f56219,7.0,4.375,5.5,70.5,6.0,6.0,0.725909090909091,f8289ddc,f8289ddc-c85c-4337-9ac8-fbe553f56219/processed/f8289ddc-c85c-4337-9ac8-fbe553f56219.mp3,female-male,2,2,2,2,2,2,2
MSC,f832c164-64f5-44a3-a0f7-e97c6c8f063d,8.0,4.75,6.0,73.0,6.5,7.0,0.7937878787878787,f832c164,f832c164-64f5-44a3-a0f7-e97c6c8f063d/processed/f832c164-64f5-44a3-a0f7-e97c6c8f063d.mp3,female-male,2,2,2,2,2,2,2
MSC,f84ed43d-38b0-4f89-aca3-32bd12d8e4fa,7.0,4.4375,6.0,75.0,6.0,5.5,0.6952272727272727,f84ed43d,f84ed43d-38b0-4f89-aca3-32bd12d8e4fa/processed/f84ed43d-38b0-4f89-aca3-32bd12d8e4fa.mp3,female-female,2,2,2,2,2,2,2
MSC,f87e9fec-1914-4d95-8dac-fbc6fb79e5c2,6.0,2.875,4.166666666666667,47.0,5.0,4.5,0.4918181818181818,f87e9fec,f87e9fec-1914-4d95-8dac-fbc6fb79e5c2/processed/f87e9fec-1914-4d95-8dac-fbc6fb79e5c2.mp3,female-male,2,2,2,2,2,2,2
MSC,f888a1ee-43b5-49e2-809b-65187ee3e24e,8.0,3.75,5.666666666666666,80.5,6.0,4.0,0.7343939393939394,f888a1ee,f888a1ee-43b5-49e2-809b-65187ee3e24e/processed/f888a1ee-43b5-49e2-809b-65187ee3e24e.mp3,contains_MSC_or_unknown,2,2,2,2,2,2,2
MSC,f8ee642b-46d2-4878-ad70-f03a3596ed58,7.5,6.0625,6.5,82.0,6.5,7.5,0.8190151515151515,f8ee642b,f8ee642b-46d2-4878-ad70-f03a3596ed58/processed/f8ee642b-46d2-4878-ad70-f03a3596ed58.mp3,male-male,2,2,2,2,2,2,2
MSC,f8f51c6f-69de-413f-90c2-d76d002c5512,6.5,4.25,4.833333333333333,56.0,5.0,4.5,0.630530303030303,f8f51c6f,f8f51c6f-69de-413f-90c2-d76d002c5512/processed/f8f51c6f-69de-413f-90c2-d76d002c5512.mp3,female-female,2,2,2,2,2,2,2
MSC,f8fa38c1-ff21-41ae-81ec-006111c5167c,8.5,4.5,5.666666666666666,85.0,7.0,5.5,0.7965909090909091,f8fa38c1,f8fa38c1-ff21-41ae-81ec-006111c5167c/processed/f8fa38c1-ff21-41ae-81ec-006111c5167c.mp3,female-female,2,2,2,2,2,2,2
MSC,f91c6e72-a099-44c6-bc79-5d6c01b1fa27,8.0,4.0,6.0,87.0,7.0,5.0,0.7993939393939393,f91c6e72,f91c6e72-a099-44c6-bc79-5d6c01b1fa27/processed/f91c6e72-a099-44c6-bc79-5d6c01b1fa27.mp3,male-male,2,2,2,2,2,2,2
MSC,f95009b1-6e27-46f9-bf78-bcef2b36762a,5.0,3.9375,5.0,42.5,5.0,4.0,0.6418181818181818,f95009b1,f95009b1-6e27-46f9-bf78-bcef2b36762a/processed/f95009b1-6e27-46f9-bf78-bcef2b36762a.mp3,male-male,2,2,2,2,2,2,2
MSC,f988d1c8-e9be-4e5b-8f46-8c6c20516a0b,7.0,4.5,5.666666666666666,67.5,5.5,6.0,0.665530303030303,f988d1c8,f988d1c8-e9be-4e5b-8f46-8c6c20516a0b/processed/f988d1c8-e9be-4e5b-8f46-8c6c20516a0b.mp3,male-male,2,2,2,2,2,2,2
MSC,f9d2c20b-1c2e-4393-be19-675aba485e5d,7.5,3.125,5.0,80.0,6.0,5.0,0.7118939393939394,f9d2c20b,f9d2c20b-1c2e-4393-be19-675aba485e5d/processed/f9d2c20b-1c2e-4393-be19-675aba485e5d.mp3,male-male,2,2,2,2,2,2,2
MSC,f9fd3d3f-3fb9-4036-9976-c7ebcfd1af57,8.0,5.0,6.333333333333334,83.0,7.0,3.5,0.8338636363636363,f9fd3d3f,f9fd3d3f-3fb9-4036-9976-c7ebcfd1af57/processed/f9fd3d3f-3fb9-4036-9976-c7ebcfd1af57.mp3,female-male,2,2,2,2,2,2,2
MSC,fa631adb-d451-46f2-b590-f52f1e1525f9,7.5,4.75,6.0,82.5,6.5,4.5,0.8125,fa631adb,fa631adb-d451-46f2-b590-f52f1e1525f9/processed/fa631adb-d451-46f2-b590-f52f1e1525f9.mp3,female-female,2,2,2,2,2,2,2
MSC,fa6bbcef-8354-4cc4-9fac-772d1d8dbb67,7.5,5.625,5.166666666666666,86.0,5.5,6.0,0.666439393939394,fa6bbcef,fa6bbcef-8354-4cc4-9fac-772d1d8dbb67/processed/fa6bbcef-8354-4cc4-9fac-772d1d8dbb67.mp3,female-female,2,2,2,2,2,2,2
MSC,fa720f08-9b4a-4fb0-94e9-8cae8d24a5b1,7.5,5.1875,5.5,78.5,6.5,7.5,0.7324242424242424,fa720f08,fa720f08-9b4a-4fb0-94e9-8cae8d24a5b1/processed/fa720f08-9b4a-4fb0-94e9-8cae8d24a5b1.mp3,female-female,2,2,2,2,2,2,2
MSC,fae1f178-0529-4f20-96c7-5e4f55b99a95,7.5,4.125,5.5,73.0,6.0,6.0,0.7774242424242425,fae1f178,fae1f178-0529-4f20-96c7-5e4f55b99a95/processed/fae1f178-0529-4f20-96c7-5e4f55b99a95.mp3,female-female,2,2,2,2,2,2,2
MSC,fae54970-a3a8-4386-8364-7d6ee91a6f4f,5.0,3.4375,4.833333333333334,44.0,4.0,4.5,0.45484848484848484,fae54970,fae54970-a3a8-4386-8364-7d6ee91a6f4f/processed/fae54970-a3a8-4386-8364-7d6ee91a6f4f.mp3,female-male,2,2,2,2,2,2,2
MSC,fb16ee03-db99-4cbb-a5ab-b61807b8d51e,8.5,4.875,6.833333333333334,95.0,7.0,8.5,0.9470454545454545,fb16ee03,fb16ee03-db99-4cbb-a5ab-b61807b8d51e/processed/fb16ee03-db99-4cbb-a5ab-b61807b8d51e.mp3,female-female,2,2,2,2,2,2,2
MSC,fb50ccf7-1a5a-4d80-b4f0-d5d1a1fd1135,5.5,4.25,4.0,78.0,5.0,4.0,0.6324242424242424,fb50ccf7,fb50ccf7-1a5a-4d80-b4f0-d5d1a1fd1135/processed/fb50ccf7-1a5a-4d80-b4f0-d5d1a1fd1135.mp3,male-male,2,2,2,2,2,2,2
MSC,fb7c8d13-75c7-4a31-8519-7e03d311bbe5,8.0,4.375,6.166666666666667,78.0,6.5,5.5,0.8240151515151516,fb7c8d13,fb7c8d13-75c7-4a31-8519-7e03d311bbe5/processed/fb7c8d13-75c7-4a31-8519-7e03d311bbe5.mp3,male-male,2,2,2,2,2,2,2
HSC,fbd36b9b-415f-4681-81f3-9adf5a4f8a8a,9.0,6.25,7.0,96.5,7.0,7.5,0.9803030303030302,fbd36b9b,fbd36b9b-415f-4681-81f3-9adf5a4f8a8a/processed/fbd36b9b-415f-4681-81f3-9adf5a4f8a8a.mp3,female-male,2,2,2,2,2,2,2
MSC,fbe0e548-c8cb-4e80-90f2-8168e2d96141,6.0,3.875,5.0,73.5,4.5,3.5,0.6366666666666665,fbe0e548,fbe0e548-c8cb-4e80-90f2-8168e2d96141/processed/fbe0e548-c8cb-4e80-90f2-8168e2d96141.mp3,female-male,2,2,2,2,2,2,2
HSC,fbfd0f89-900a-4dc8-aa20-1dba94b19ceb,9.0,6.0625,6.666666666666666,90.5,7.0,9.0,0.9661363636363637,fbfd0f89,fbfd0f89-900a-4dc8-aa20-1dba94b19ceb/processed/fbfd0f89-900a-4dc8-aa20-1dba94b19ceb.mp3,female-male,2,2,2,2,2,2,2
MSC,fc12b9bb-83d0-474f-b838-2c0750ea99fa,7.5,4.25,5.666666666666666,66.5,6.0,6.5,0.7820454545454545,fc12b9bb,fc12b9bb-83d0-474f-b838-2c0750ea99fa/processed/fc12b9bb-83d0-474f-b838-2c0750ea99fa.mp3,female-male,2,2,2,2,2,2,2
MSC,fc3337ba-f235-41a9-ac9e-7ab6c722216f,8.0,4.75,6.666666666666667,82.5,6.5,6.5,0.8257575757575757,fc3337ba,fc3337ba-f235-41a9-ac9e-7ab6c722216f/processed/fc3337ba-f235-41a9-ac9e-7ab6c722216f.mp3,female-male,2,2,2,2,2,2,2
MSC,fc70af18-cb2f-4cb6-a7a0-7a6809511e3f,6.0,5.125,5.0,81.5,5.5,6.5,0.7208333333333332,fc70af18,fc70af18-cb2f-4cb6-a7a0-7a6809511e3f/processed/fc70af18-cb2f-4cb6-a7a0-7a6809511e3f.mp3,female-male,2,2,2,2,2,2,2
HSC,fc8d4e0b-7fae-43d6-9dbe-8fd58ce65a78,9.0,5.0,6.833333333333334,95.0,7.0,6.5,0.9375,fc8d4e0b,fc8d4e0b-7fae-43d6-9dbe-8fd58ce65a78/processed/fc8d4e0b-7fae-43d6-9dbe-8fd58ce65a78.mp3,male-male,2,2,2,2,2,2,2
MSC,fc92dbaf-306d-42a7-b5b6-87682795b6bc,8.5,5.375,5.833333333333333,82.5,7.0,6.5,0.8478030303030304,fc92dbaf,fc92dbaf-306d-42a7-b5b6-87682795b6bc/processed/fc92dbaf-306d-42a7-b5b6-87682795b6bc.mp3,female-male,2,2,2,2,2,2,2
HSC,fca05c63-0153-4693-a6e4-7841b9b09f18,9.0,6.0625,6.166666666666666,97.5,7.0,9.0,0.9554545454545454,fca05c63,fca05c63-0153-4693-a6e4-7841b9b09f18/processed/fca05c63-0153-4693-a6e4-7841b9b09f18.mp3,female-male,2,2,2,2,2,2,2
MSC,fca231e3-c8d1-4e97-b015-94b6c5f505a1,8.5,4.75,6.5,61.5,6.0,3.5,0.8471969696969697,fca231e3,fca231e3-c8d1-4e97-b015-94b6c5f505a1/processed/fca231e3-c8d1-4e97-b015-94b6c5f505a1.mp3,female-female,2,2,2,2,2,2,2
MSC,fcb7689a-5614-475c-9ea8-493fbe045499,8.0,4.625,5.166666666666666,76.5,7.0,6.5,0.770378787878788,fcb7689a,fcb7689a-5614-475c-9ea8-493fbe045499/processed/fcb7689a-5614-475c-9ea8-493fbe045499.mp3,female-male,2,2,2,2,2,2,2
MSC,fcdd8b20-100e-42a9-b790-ddd606f6bbe4,6.5,3.8125,5.833333333333334,45.0,5.5,4.5,0.6185606060606061,fcdd8b20,fcdd8b20-100e-42a9-b790-ddd606f6bbe4/processed/fcdd8b20-100e-42a9-b790-ddd606f6bbe4.mp3,female-female,2,2,2,2,2,2,2
MSC,fce13627-0b42-435c-898c-235aa351b8fb,8.0,5.0,6.0,84.5,6.5,6.0,0.7813636363636363,fce13627,fce13627-0b42-435c-898c-235aa351b8fb/processed/fce13627-0b42-435c-898c-235aa351b8fb.mp3,contains_MSC_or_unknown,2,2,2,2,2,2,2
MSC,fd31814a-0410-4a33-83ff-cb042367e832,8.5,5.5625,6.666666666666666,90.0,7.0,6.5,0.897348484848485,fd31814a,fd31814a-0410-4a33-83ff-cb042367e832/processed/fd31814a-0410-4a33-83ff-cb042367e832.mp3,female-female,2,2,2,2,2,2,2
MSC,fd42065f-89ea-4675-861a-99c4a3c7c7ed,4.0,3.625,4.0,48.5,4.0,5.0,0.47954545454545455,fd42065f,fd42065f-89ea-4675-861a-99c4a3c7c7ed/processed/fd42065f-89ea-4675-861a-99c4a3c7c7ed.mp3,female-male,2,2,2,2,2,2,2
MSC,fd4d237f-c3fa-4775-a89e-0c905df65137,8.0,5.1875,6.166666666666667,79.0,6.5,7.0,0.8256818181818181,fd4d237f,fd4d237f-c3fa-4775-a89e-0c905df65137/processed/fd4d237f-c3fa-4775-a89e-0c905df65137.mp3,male-male,2,2,2,2,2,2,2
MSC,fd6bac90-e8ae-4d74-8c1c-786cebd686a8,6.0,3.0625,4.833333333333333,51.0,4.5,5.0,0.5783333333333333,fd6bac90,fd6bac90-e8ae-4d74-8c1c-786cebd686a8/processed/fd6bac90-e8ae-4d74-8c1c-786cebd686a8.mp3,female-female,2,2,2,2,2,2,2
MSC,fd8146e2-378f-459a-bec6-e76896e135a0,6.0,3.25,5.833333333333334,45.5,5.0,4.5,0.6216666666666666,fd8146e2,fd8146e2-378f-459a-bec6-e76896e135a0/processed/fd8146e2-378f-459a-bec6-e76896e135a0.mp3,female-male,2,2,2,2,2,2,2
MSC,fda796df-e400-4805-a998-525476364085,7.5,4.75,5.833333333333334,84.0,6.0,5.0,0.7737121212121213,fda796df,fda796df-e400-4805-a998-525476364085/processed/fda796df-e400-4805-a998-525476364085.mp3,male-male,2,2,2,2,2,2,2
MSC,fe2ec1ed-027e-404d-94c7-8fc1587aa3bc,8.0,4.25,5.333333333333333,60.0,7.0,4.0,0.7219696969696969,fe2ec1ed,fe2ec1ed-027e-404d-94c7-8fc1587aa3bc/processed/fe2ec1ed-027e-404d-94c7-8fc1587aa3bc.mp3,contains_MSC_or_unknown,1,1,1,1,1,1,1
MSC,fe37221d-0db4-43d3-8ceb-41b9c2d917eb,7.0,3.625,4.333333333333334,69.5,5.5,4.0,0.6874242424242425,fe37221d,fe37221d-0db4-43d3-8ceb-41b9c2d917eb/processed/fe37221d-0db4-43d3-8ceb-41b9c2d917eb.mp3,female-male,2,2,2,2,2,2,2
MSC,fe48d51b-6cac-4667-afaf-dad93205ba33,8.0,5.875,6.0,70.0,6.0,7.0,0.8304545454545456,fe48d51b,fe48d51b-6cac-4667-afaf-dad93205ba33/processed/fe48d51b-6cac-4667-afaf-dad93205ba33.mp3,female-male,2,2,2,2,2,2,2
MSC,fe4a5de5-3b9c-4b6f-8e70-403db8a1caec,9.0,5.0,6.0,80.0,7.0,4.0,0.7803030303030302,fe4a5de5,fe4a5de5-3b9c-4b6f-8e70-403db8a1caec/processed/fe4a5de5-3b9c-4b6f-8e70-403db8a1caec.mp3,contains_MSC_or_unknown,1,1,1,1,1,1,1
MSC,fe6a774c-6da0-4cbc-99d1-6ed272078a22,8.0,5.0,5.666666666666666,86.5,6.0,7.0,0.7502272727272727,fe6a774c,fe6a774c-6da0-4cbc-99d1-6ed272078a22/processed/fe6a774c-6da0-4cbc-99d1-6ed272078a22.mp3,male-male,2,2,2,2,2,2,2
MSC,fe74802e-1034-4365-82f8-f9e7f4e5b0df,6.5,4.5,5.333333333333334,58.5,5.5,5.0,0.7213636363636364,fe74802e,fe74802e-1034-4365-82f8-f9e7f4e5b0df/processed/fe74802e-1034-4365-82f8-f9e7f4e5b0df.mp3,female-male,2,2,2,2,2,2,2
MSC,febd6ba4-5143-49c1-aecd-4e434fb3528b,8.0,4.1875,6.0,62.5,6.5,4.5,0.7054545454545454,febd6ba4,febd6ba4-5143-49c1-aecd-4e434fb3528b/processed/febd6ba4-5143-49c1-aecd-4e434fb3528b.mp3,female-female,2,2,2,2,2,2,2
MSC,fecde32e-398d-4978-8148-4e25cd7cb989,8.5,4.5625,5.5,76.0,7.0,5.5,0.8379545454545455,fecde32e,fecde32e-398d-4978-8148-4e25cd7cb989/processed/fecde32e-398d-4978-8148-4e25cd7cb989.mp3,female-female,2,2,2,2,2,2,2
MSC,fee395bd-3545-4921-8e35-73cb800877e1,7.5,4.75,6.0,75.0,6.0,7.0,0.7546212121212121,fee395bd,fee395bd-3545-4921-8e35-73cb800877e1/processed/fee395bd-3545-4921-8e35-73cb800877e1.mp3,male-male,2,2,2,2,2,2,2
MSC,feec1858-a662-42b2-b617-78a790748186,7.0,4.9375,5.833333333333334,87.5,5.5,4.0,0.7356060606060606,feec1858,feec1858-a662-42b2-b617-78a790748186/processed/feec1858-a662-42b2-b617-78a790748186.mp3,female-male,2,2,2,2,2,2,2
MSC,fef1df3d-3386-49e0-9f39-28c15f21ee10,7.5,5.3125,6.0,72.5,6.0,7.5,0.8007575757575758,fef1df3d,fef1df3d-3386-49e0-9f39-28c15f21ee10/processed/fef1df3d-3386-49e0-9f39-28c15f21ee10.mp3,female-female,2,2,2,2,2,2,2
MSC,ff3fb1e8-705c-4628-b48c-653a1b18bace,7.5,5.3125,6.166666666666666,78.5,6.0,5.0,0.6824242424242424,ff3fb1e8,ff3fb1e8-705c-4628-b48c-653a1b18bace/processed/ff3fb1e8-705c-4628-b48c-653a1b18bace.mp3,female-male,2,2,2,2,2,2,2
MSC,ff454aa4-b90d-46ae-978e-2453a37545e2,7.5,5.375,6.0,79.5,6.5,7.5,0.7969696969696969,ff454aa4,ff454aa4-b90d-46ae-978e-2453a37545e2/processed/ff454aa4-b90d-46ae-978e-2453a37545e2.mp3,male-male,2,2,2,2,2,2,2
MSC,ff620cc6-1f20-4a09-813b-b2736705c3fb,7.0,4.6875,5.666666666666666,52.0,5.5,4.5,0.6493181818181819,ff620cc6,ff620cc6-1f20-4a09-813b-b2736705c3fb/processed/ff620cc6-1f20-4a09-813b-b2736705c3fb.mp3,female-male,2,2,2,2,2,2,2
MSC,ff6acf35-cfce-4d87-b04e-2bf91f1926ba,7.0,4.3125,5.333333333333334,70.5,5.5,5.0,0.6633333333333333,ff6acf35,ff6acf35-cfce-4d87-b04e-2bf91f1926ba/processed/ff6acf35-cfce-4d87-b04e-2bf91f1926ba.mp3,female-male,2,2,2,2,2,2,2
MSC,ffbd5c0c-8449-48a4-bfb4-5eebb4dc6144,7.0,3.75,5.666666666666666,75.0,6.0,4.0,0.6742424242424243,ffbd5c0c,ffbd5c0c-8449-48a4-bfb4-5eebb4dc6144/processed/ffbd5c0c-8449-48a4-bfb4-5eebb4dc6144.mp3,female-male,2,2,2,2,2,2,2
MSC,ffc979b7-f249-4213-8e92-1ee6c9ddfd82,8.0,5.8125,6.0,80.5,6.5,6.5,0.8374999999999999,ffc979b7,ffc979b7-f249-4213-8e92-1ee6c9ddfd82/processed/ffc979b7-f249-4213-8e92-1ee6c9ddfd82.mp3,contains_MSC_or_unknown,2,2,2,2,2,2,2
MSC,ffcc79cc-cac5-49db-aea5-6cf893e7394c,7.5,4.6875,5.666666666666666,72.5,6.0,5.5,0.75,ffcc79cc,ffcc79cc-cac5-49db-aea5-6cf893e7394c/processed/ffcc79cc-cac5-49db-aea5-6cf893e7394c.mp3,female-male,2,2,2,2,2,2,2
MSC,ffd372b5-0a7e-420f-bcd5-459119723e89,6.0,4.4375,5.333333333333334,64.0,4.5,3.0,0.6312878787878788,ffd372b5,ffd372b5-0a7e-420f-bcd5-459119723e89/processed/ffd372b5-0a7e-420f-bcd5-459119723e89.mp3,female-female,2,2,2,2,2,2,2
MSC,ffe29987-3502-4f72-9987-cc5208ae3880,8.5,3.5,5.5,87.0,7.0,6.5,0.8037121212121212,ffe29987,ffe29987-3502-4f72-9987-cc5208ae3880/processed/ffe29987-3502-4f72-9987-cc5208ae3880.mp3,female-female,2,2,2,2,2,2,2
HSC,ffe5cccf-82b3-4938-a2e9-38335d188e44,9.0,5.5625,6.5,97.5,7.0,7.5,0.9534090909090909,ffe5cccf,ffe5cccf-82b3-4938-a2e9-38335d188e44/processed/ffe5cccf-82b3-4938-a2e9-38335d188e44.mp3,female-male,2,2,2,2,2,2,2
MSC,fffda3e6-7d99-4db8-aa12-16e99fa454c2,5.5,3.375,5.333333333333334,60.0,5.0,4.5,0.5450757575757577,fffda3e6,fffda3e6-7d99-4db8-aa12-16e99fa454c2/processed/fffda3e6-7d99-4db8-aa12-16e99fa454c2.mp3,female-male,2,2,2,2,2,2,2
